observableId	preequilibrationConditionId	simulationConditionId	measurement	time	observableParameters	noiseParameters	experimentId	datasetId	replicateId
pRII_Microscopy	model1_data49	model1_data1	972.085779630542	65	s_pRII_JI09_150302_Drg345_343_CycNuc	s_pRII_JI09_150302_Drg345_343_CycNuc	JI09_150302_Drg345_343_CycNuc	JI09_150302_Drg345_343_CycNuc__4_ABnOH_and_ctrl	Drg345
pRII_Microscopy	model1_data49	model1_data1	1024.03993090021	65	s_pRII_JI09_150302_Drg345_343_CycNuc	s_pRII_JI09_150302_Drg345_343_CycNuc	JI09_150302_Drg345_343_CycNuc	JI09_150302_Drg345_343_CycNuc__4_ABnOH_and_ctrl	Drg345
pRII_Microscopy	model1_data49	model1_data1	979.241778646168	65	s_pRII_JI09_150302_Drg345_343_CycNuc	s_pRII_JI09_150302_Drg345_343_CycNuc	JI09_150302_Drg345_343_CycNuc	JI09_150302_Drg345_343_CycNuc__4_ABnOH_and_ctrl	Drg345
pRII_Microscopy	model1_data49	model1_data2	1028.63346243266	65	s_pRII_JI09_150302_Drg345_343_CycNuc	s_pRII_JI09_150302_Drg345_343_CycNuc	JI09_150302_Drg345_343_CycNuc	JI09_150302_Drg345_343_CycNuc__4_ABnOH_and_ctrl	Drg345
pRII_Microscopy	model1_data49	model1_data2	1031.77530467434	65	s_pRII_JI09_150302_Drg345_343_CycNuc	s_pRII_JI09_150302_Drg345_343_CycNuc	JI09_150302_Drg345_343_CycNuc	JI09_150302_Drg345_343_CycNuc__4_ABnOH_and_ctrl	Drg345
pRII_Microscopy	model1_data49	model1_data2	1023.54556275782	65	s_pRII_JI09_150302_Drg345_343_CycNuc	s_pRII_JI09_150302_Drg345_343_CycNuc	JI09_150302_Drg345_343_CycNuc	JI09_150302_Drg345_343_CycNuc__4_ABnOH_and_ctrl	Drg345
pRII_Microscopy	model1_data49	model1_data3	1017.93353509215	65	s_pRII_JI09_150302_Drg345_343_CycNuc	s_pRII_JI09_150302_Drg345_343_CycNuc	JI09_150302_Drg345_343_CycNuc	JI09_150302_Drg345_343_CycNuc__4_ABnOH_and_ctrl	Drg345
pRII_Microscopy	model1_data49	model1_data3	1037.970793188	65	s_pRII_JI09_150302_Drg345_343_CycNuc	s_pRII_JI09_150302_Drg345_343_CycNuc	JI09_150302_Drg345_343_CycNuc	JI09_150302_Drg345_343_CycNuc__4_ABnOH_and_ctrl	Drg345
pRII_Microscopy	model1_data49	model1_data3	1026.81302162824	65	s_pRII_JI09_150302_Drg345_343_CycNuc	s_pRII_JI09_150302_Drg345_343_CycNuc	JI09_150302_Drg345_343_CycNuc	JI09_150302_Drg345_343_CycNuc__4_ABnOH_and_ctrl	Drg345
pRII_Microscopy	model1_data49	model1_data4	1015.96778236031	65	s_pRII_JI09_150302_Drg345_343_CycNuc	s_pRII_JI09_150302_Drg345_343_CycNuc	JI09_150302_Drg345_343_CycNuc	JI09_150302_Drg345_343_CycNuc__4_ABnOH_and_ctrl	Drg345
pRII_Microscopy	model1_data49	model1_data4	991.900245651353	65	s_pRII_JI09_150302_Drg345_343_CycNuc	s_pRII_JI09_150302_Drg345_343_CycNuc	JI09_150302_Drg345_343_CycNuc	JI09_150302_Drg345_343_CycNuc__4_ABnOH_and_ctrl	Drg345
pRII_Microscopy	model1_data49	model1_data4	945.969734590176	65	s_pRII_JI09_150302_Drg345_343_CycNuc	s_pRII_JI09_150302_Drg345_343_CycNuc	JI09_150302_Drg345_343_CycNuc	JI09_150302_Drg345_343_CycNuc__4_ABnOH_and_ctrl	Drg345
pRII_Microscopy	model1_data49	model1_data5	963.146739077231	65	s_pRII_JI09_150302_Drg345_343_CycNuc	s_pRII_JI09_150302_Drg345_343_CycNuc	JI09_150302_Drg345_343_CycNuc	JI09_150302_Drg345_343_CycNuc__4_ABnOH_and_ctrl	Drg345
pRII_Microscopy	model1_data49	model1_data5	960.042432341131	65	s_pRII_JI09_150302_Drg345_343_CycNuc	s_pRII_JI09_150302_Drg345_343_CycNuc	JI09_150302_Drg345_343_CycNuc	JI09_150302_Drg345_343_CycNuc__4_ABnOH_and_ctrl	Drg345
pRII_Microscopy	model1_data49	model1_data5	1032.92241630125	65	s_pRII_JI09_150302_Drg345_343_CycNuc	s_pRII_JI09_150302_Drg345_343_CycNuc	JI09_150302_Drg345_343_CycNuc	JI09_150302_Drg345_343_CycNuc__4_ABnOH_and_ctrl	Drg345
pRII_Microscopy	model1_data49	model1_data6	986.688213044207	65	s_pRII_JI09_150302_Drg345_343_CycNuc	s_pRII_JI09_150302_Drg345_343_CycNuc	JI09_150302_Drg345_343_CycNuc	JI09_150302_Drg345_343_CycNuc__4_ABnOH_and_ctrl	Drg345
pRII_Microscopy	model1_data49	model1_data6	997.931234640771	65	s_pRII_JI09_150302_Drg345_343_CycNuc	s_pRII_JI09_150302_Drg345_343_CycNuc	JI09_150302_Drg345_343_CycNuc	JI09_150302_Drg345_343_CycNuc__4_ABnOH_and_ctrl	Drg345
pRII_Microscopy	model1_data49	model1_data6	1033.93823157778	65	s_pRII_JI09_150302_Drg345_343_CycNuc	s_pRII_JI09_150302_Drg345_343_CycNuc	JI09_150302_Drg345_343_CycNuc	JI09_150302_Drg345_343_CycNuc__4_ABnOH_and_ctrl	Drg345
pRII_Microscopy	model1_data49	model1_data7	948.372153229011	65	s_pRII_JI09_150302_Drg345_343_CycNuc	s_pRII_JI09_150302_Drg345_343_CycNuc	JI09_150302_Drg345_343_CycNuc	JI09_150302_Drg345_343_CycNuc__Rp8_Br_cAMPS_pAB_and_ctrl	Drg345
pRII_Microscopy	model1_data49	model1_data7	958.515193585357	65	s_pRII_JI09_150302_Drg345_343_CycNuc	s_pRII_JI09_150302_Drg345_343_CycNuc	JI09_150302_Drg345_343_CycNuc	JI09_150302_Drg345_343_CycNuc__Rp8_Br_cAMPS_pAB_and_ctrl	Drg345
pRII_Microscopy	model1_data49	model1_data7	960.549250733074	65	s_pRII_JI09_150302_Drg345_343_CycNuc	s_pRII_JI09_150302_Drg345_343_CycNuc	JI09_150302_Drg345_343_CycNuc	JI09_150302_Drg345_343_CycNuc__Rp8_Br_cAMPS_pAB_and_ctrl	Drg345
pRII_Microscopy	model1_data49	model1_data8	914.104810440352	65	s_pRII_JI09_150302_Drg345_343_CycNuc	s_pRII_JI09_150302_Drg345_343_CycNuc	JI09_150302_Drg345_343_CycNuc	JI09_150302_Drg345_343_CycNuc__Rp8_Br_cAMPS_pAB_and_ctrl	Drg345
pRII_Microscopy	model1_data49	model1_data8	975.662933015754	65	s_pRII_JI09_150302_Drg345_343_CycNuc	s_pRII_JI09_150302_Drg345_343_CycNuc	JI09_150302_Drg345_343_CycNuc	JI09_150302_Drg345_343_CycNuc__Rp8_Br_cAMPS_pAB_and_ctrl	Drg345
pRII_Microscopy	model1_data49	model1_data8	952.002869776344	65	s_pRII_JI09_150302_Drg345_343_CycNuc	s_pRII_JI09_150302_Drg345_343_CycNuc	JI09_150302_Drg345_343_CycNuc	JI09_150302_Drg345_343_CycNuc__Rp8_Br_cAMPS_pAB_and_ctrl	Drg345
pRII_Microscopy	model1_data49	model1_data9	1029.91093696354	65	s_pRII_JI09_150302_Drg345_343_CycNuc	s_pRII_JI09_150302_Drg345_343_CycNuc	JI09_150302_Drg345_343_CycNuc	JI09_150302_Drg345_343_CycNuc__Rp8_Br_cAMPS_pAB_and_ctrl	Drg345
pRII_Microscopy	model1_data49	model1_data9	986.560439397676	65	s_pRII_JI09_150302_Drg345_343_CycNuc	s_pRII_JI09_150302_Drg345_343_CycNuc	JI09_150302_Drg345_343_CycNuc	JI09_150302_Drg345_343_CycNuc__Rp8_Br_cAMPS_pAB_and_ctrl	Drg345
pRII_Microscopy	model1_data49	model1_data9	947.436324767772	65	s_pRII_JI09_150302_Drg345_343_CycNuc	s_pRII_JI09_150302_Drg345_343_CycNuc	JI09_150302_Drg345_343_CycNuc	JI09_150302_Drg345_343_CycNuc__Rp8_Br_cAMPS_pAB_and_ctrl	Drg345
pRII_Microscopy	model1_data49	model1_data10	1079.03056798662	65	s_pRII_JI09_150302_Drg345_343_CycNuc	s_pRII_JI09_150302_Drg345_343_CycNuc	JI09_150302_Drg345_343_CycNuc	JI09_150302_Drg345_343_CycNuc__Rp8_Br_cAMPS_pAB_and_ctrl	Drg345
pRII_Microscopy	model1_data49	model1_data10	1101.88379997354	65	s_pRII_JI09_150302_Drg345_343_CycNuc	s_pRII_JI09_150302_Drg345_343_CycNuc	JI09_150302_Drg345_343_CycNuc	JI09_150302_Drg345_343_CycNuc__Rp8_Br_cAMPS_pAB_and_ctrl	Drg345
pRII_Microscopy	model1_data49	model1_data10	1000.10495758267	65	s_pRII_JI09_150302_Drg345_343_CycNuc	s_pRII_JI09_150302_Drg345_343_CycNuc	JI09_150302_Drg345_343_CycNuc	JI09_150302_Drg345_343_CycNuc__Rp8_Br_cAMPS_pAB_and_ctrl	Drg345
pRII_Microscopy	model1_data49	model1_data11	1123.30100106776	65	s_pRII_JI09_150302_Drg345_343_CycNuc	s_pRII_JI09_150302_Drg345_343_CycNuc	JI09_150302_Drg345_343_CycNuc	JI09_150302_Drg345_343_CycNuc__Rp8_Br_cAMPS_pAB_and_ctrl	Drg345
pRII_Microscopy	model1_data49	model1_data11	1102.11149828833	65	s_pRII_JI09_150302_Drg345_343_CycNuc	s_pRII_JI09_150302_Drg345_343_CycNuc	JI09_150302_Drg345_343_CycNuc	JI09_150302_Drg345_343_CycNuc__Rp8_Br_cAMPS_pAB_and_ctrl	Drg345
pRII_Microscopy	model1_data49	model1_data11	1010.37997637437	65	s_pRII_JI09_150302_Drg345_343_CycNuc	s_pRII_JI09_150302_Drg345_343_CycNuc	JI09_150302_Drg345_343_CycNuc	JI09_150302_Drg345_343_CycNuc__Rp8_Br_cAMPS_pAB_and_ctrl	Drg345
pRII_Microscopy	model1_data49	model1_data12	973.386519344291	65	s_pRII_JI09_150302_Drg345_343_CycNuc	s_pRII_JI09_150302_Drg345_343_CycNuc	JI09_150302_Drg345_343_CycNuc	JI09_150302_Drg345_343_CycNuc__Rp8_Br_cAMPS_pAB_and_ctrl	Drg345
pRII_Microscopy	model1_data49	model1_data12	1120.55992454465	65	s_pRII_JI09_150302_Drg345_343_CycNuc	s_pRII_JI09_150302_Drg345_343_CycNuc	JI09_150302_Drg345_343_CycNuc	JI09_150302_Drg345_343_CycNuc__Rp8_Br_cAMPS_pAB_and_ctrl	Drg345
pRII_Microscopy	model1_data49	model1_data12	1052.11369901692	65	s_pRII_JI09_150302_Drg345_343_CycNuc	s_pRII_JI09_150302_Drg345_343_CycNuc	JI09_150302_Drg345_343_CycNuc	JI09_150302_Drg345_343_CycNuc__Rp8_Br_cAMPS_pAB_and_ctrl	Drg345
pRII_Microscopy	model1_data49	model1_data13	1057.085636	65	s_pRII_JI09_150302_Drg345_343_CycNuc	s_pRII_JI09_150302_Drg345_343_CycNuc	JI09_150302_Drg345_343_CycNuc	JI09_150302_Drg345_343_CycNuc__Rp8_pCPT_cAMPS_pAB_and_ctrl	Drg345
pRII_Microscopy	model1_data49	model1_data13	1051.605878	65	s_pRII_JI09_150302_Drg345_343_CycNuc	s_pRII_JI09_150302_Drg345_343_CycNuc	JI09_150302_Drg345_343_CycNuc	JI09_150302_Drg345_343_CycNuc__Rp8_pCPT_cAMPS_pAB_and_ctrl	Drg345
pRII_Microscopy	model1_data49	model1_data13	1098.386212	65	s_pRII_JI09_150302_Drg345_343_CycNuc	s_pRII_JI09_150302_Drg345_343_CycNuc	JI09_150302_Drg345_343_CycNuc	JI09_150302_Drg345_343_CycNuc__Rp8_pCPT_cAMPS_pAB_and_ctrl	Drg345
pRII_Microscopy	model1_data49	model1_data14	1069.467945	65	s_pRII_JI09_150302_Drg345_343_CycNuc	s_pRII_JI09_150302_Drg345_343_CycNuc	JI09_150302_Drg345_343_CycNuc	JI09_150302_Drg345_343_CycNuc__Rp8_pCPT_cAMPS_pAB_and_ctrl	Drg345
pRII_Microscopy	model1_data49	model1_data14	1178.270277	65	s_pRII_JI09_150302_Drg345_343_CycNuc	s_pRII_JI09_150302_Drg345_343_CycNuc	JI09_150302_Drg345_343_CycNuc	JI09_150302_Drg345_343_CycNuc__Rp8_pCPT_cAMPS_pAB_and_ctrl	Drg345
pRII_Microscopy	model1_data49	model1_data14	1127.221593	65	s_pRII_JI09_150302_Drg345_343_CycNuc	s_pRII_JI09_150302_Drg345_343_CycNuc	JI09_150302_Drg345_343_CycNuc	JI09_150302_Drg345_343_CycNuc__Rp8_pCPT_cAMPS_pAB_and_ctrl	Drg345
pRII_Microscopy	model1_data49	model1_data15	1194.769722	65	s_pRII_JI09_150302_Drg345_343_CycNuc	s_pRII_JI09_150302_Drg345_343_CycNuc	JI09_150302_Drg345_343_CycNuc	JI09_150302_Drg345_343_CycNuc__Rp8_pCPT_cAMPS_pAB_and_ctrl	Drg345
pRII_Microscopy	model1_data49	model1_data15	1218.215105	65	s_pRII_JI09_150302_Drg345_343_CycNuc	s_pRII_JI09_150302_Drg345_343_CycNuc	JI09_150302_Drg345_343_CycNuc	JI09_150302_Drg345_343_CycNuc__Rp8_pCPT_cAMPS_pAB_and_ctrl	Drg345
pRII_Microscopy	model1_data49	model1_data15	1089.975274	65	s_pRII_JI09_150302_Drg345_343_CycNuc	s_pRII_JI09_150302_Drg345_343_CycNuc	JI09_150302_Drg345_343_CycNuc	JI09_150302_Drg345_343_CycNuc__Rp8_pCPT_cAMPS_pAB_and_ctrl	Drg345
pRII_Microscopy	model1_data49	model1_data16	1192.653902	65	s_pRII_JI09_150302_Drg345_343_CycNuc	s_pRII_JI09_150302_Drg345_343_CycNuc	JI09_150302_Drg345_343_CycNuc	JI09_150302_Drg345_343_CycNuc__Rp8_pCPT_cAMPS_pAB_and_ctrl	Drg345
pRII_Microscopy	model1_data49	model1_data16	1188.317975	65	s_pRII_JI09_150302_Drg345_343_CycNuc	s_pRII_JI09_150302_Drg345_343_CycNuc	JI09_150302_Drg345_343_CycNuc	JI09_150302_Drg345_343_CycNuc__Rp8_pCPT_cAMPS_pAB_and_ctrl	Drg345
pRII_Microscopy	model1_data49	model1_data16	1154.977143	65	s_pRII_JI09_150302_Drg345_343_CycNuc	s_pRII_JI09_150302_Drg345_343_CycNuc	JI09_150302_Drg345_343_CycNuc	JI09_150302_Drg345_343_CycNuc__Rp8_pCPT_cAMPS_pAB_and_ctrl	Drg345
pRII_Microscopy	model1_data49	model1_data17	1234.823065	65	s_pRII_JI09_150302_Drg345_343_CycNuc	s_pRII_JI09_150302_Drg345_343_CycNuc	JI09_150302_Drg345_343_CycNuc	JI09_150302_Drg345_343_CycNuc__Rp8_pCPT_cAMPS_pAB_and_ctrl	Drg345
pRII_Microscopy	model1_data49	model1_data17	1223.771408	65	s_pRII_JI09_150302_Drg345_343_CycNuc	s_pRII_JI09_150302_Drg345_343_CycNuc	JI09_150302_Drg345_343_CycNuc	JI09_150302_Drg345_343_CycNuc__Rp8_pCPT_cAMPS_pAB_and_ctrl	Drg345
pRII_Microscopy	model1_data49	model1_data17	1113.193629	65	s_pRII_JI09_150302_Drg345_343_CycNuc	s_pRII_JI09_150302_Drg345_343_CycNuc	JI09_150302_Drg345_343_CycNuc	JI09_150302_Drg345_343_CycNuc__Rp8_pCPT_cAMPS_pAB_and_ctrl	Drg345
pRII_Microscopy	model1_data49	model1_data18	990.284477390125	65	s_pRII_JI09_150302_Drg345_343_CycNuc	s_pRII_JI09_150302_Drg345_343_CycNuc	JI09_150302_Drg345_343_CycNuc	JI09_150302_Drg345_343_CycNuc__Rp8_pCPT_cAMPS_pAB_and_ctrl	Drg345
pRII_Microscopy	model1_data49	model1_data18	1023.37813419635	65	s_pRII_JI09_150302_Drg345_343_CycNuc	s_pRII_JI09_150302_Drg345_343_CycNuc	JI09_150302_Drg345_343_CycNuc	JI09_150302_Drg345_343_CycNuc__Rp8_pCPT_cAMPS_pAB_and_ctrl	Drg345
pRII_Microscopy	model1_data49	model1_data18	1026.19699867851	65	s_pRII_JI09_150302_Drg345_343_CycNuc	s_pRII_JI09_150302_Drg345_343_CycNuc	JI09_150302_Drg345_343_CycNuc	JI09_150302_Drg345_343_CycNuc__Rp8_pCPT_cAMPS_pAB_and_ctrl	Drg345
pRII_Microscopy	model1_data49	model1_data19	963.822021143694	65	s_pRII_JI09_150302_Drg345_343_CycNuc	s_pRII_JI09_150302_Drg345_343_CycNuc	JI09_150302_Drg345_343_CycNuc	JI09_150302_Drg345_343_CycNuc__Rp_cAMPS_pAB_and_ctrl	Drg345
pRII_Microscopy	model1_data49	model1_data19	981.189972292085	65	s_pRII_JI09_150302_Drg345_343_CycNuc	s_pRII_JI09_150302_Drg345_343_CycNuc	JI09_150302_Drg345_343_CycNuc	JI09_150302_Drg345_343_CycNuc__Rp_cAMPS_pAB_and_ctrl	Drg345
pRII_Microscopy	model1_data49	model1_data19	1049.35306548919	65	s_pRII_JI09_150302_Drg345_343_CycNuc	s_pRII_JI09_150302_Drg345_343_CycNuc	JI09_150302_Drg345_343_CycNuc	JI09_150302_Drg345_343_CycNuc__Rp_cAMPS_pAB_and_ctrl	Drg345
pRII_Microscopy	model1_data49	model1_data20	941.367557127748	65	s_pRII_JI09_150302_Drg345_343_CycNuc	s_pRII_JI09_150302_Drg345_343_CycNuc	JI09_150302_Drg345_343_CycNuc	JI09_150302_Drg345_343_CycNuc__Rp_cAMPS_pAB_and_ctrl	Drg345
pRII_Microscopy	model1_data49	model1_data20	950.92984520166	65	s_pRII_JI09_150302_Drg345_343_CycNuc	s_pRII_JI09_150302_Drg345_343_CycNuc	JI09_150302_Drg345_343_CycNuc	JI09_150302_Drg345_343_CycNuc__Rp_cAMPS_pAB_and_ctrl	Drg345
pRII_Microscopy	model1_data49	model1_data20	1028.65775891132	65	s_pRII_JI09_150302_Drg345_343_CycNuc	s_pRII_JI09_150302_Drg345_343_CycNuc	JI09_150302_Drg345_343_CycNuc	JI09_150302_Drg345_343_CycNuc__Rp_cAMPS_pAB_and_ctrl	Drg345
pRII_Microscopy	model1_data49	model1_data21	959.748461965032	65	s_pRII_JI09_150302_Drg345_343_CycNuc	s_pRII_JI09_150302_Drg345_343_CycNuc	JI09_150302_Drg345_343_CycNuc	JI09_150302_Drg345_343_CycNuc__Rp_cAMPS_pAB_and_ctrl	Drg345
pRII_Microscopy	model1_data49	model1_data21	915.952187811868	65	s_pRII_JI09_150302_Drg345_343_CycNuc	s_pRII_JI09_150302_Drg345_343_CycNuc	JI09_150302_Drg345_343_CycNuc	JI09_150302_Drg345_343_CycNuc__Rp_cAMPS_pAB_and_ctrl	Drg345
pRII_Microscopy	model1_data49	model1_data21	969.720082440448	65	s_pRII_JI09_150302_Drg345_343_CycNuc	s_pRII_JI09_150302_Drg345_343_CycNuc	JI09_150302_Drg345_343_CycNuc	JI09_150302_Drg345_343_CycNuc__Rp_cAMPS_pAB_and_ctrl	Drg345
pRII_Microscopy	model1_data49	model1_data22	906.867810198344	65	s_pRII_JI09_150302_Drg345_343_CycNuc	s_pRII_JI09_150302_Drg345_343_CycNuc	JI09_150302_Drg345_343_CycNuc	JI09_150302_Drg345_343_CycNuc__Rp_cAMPS_pAB_and_ctrl	Drg345
pRII_Microscopy	model1_data49	model1_data22	912.053175937315	65	s_pRII_JI09_150302_Drg345_343_CycNuc	s_pRII_JI09_150302_Drg345_343_CycNuc	JI09_150302_Drg345_343_CycNuc	JI09_150302_Drg345_343_CycNuc__Rp_cAMPS_pAB_and_ctrl	Drg345
pRII_Microscopy	model1_data49	model1_data22	972.803591131565	65	s_pRII_JI09_150302_Drg345_343_CycNuc	s_pRII_JI09_150302_Drg345_343_CycNuc	JI09_150302_Drg345_343_CycNuc	JI09_150302_Drg345_343_CycNuc__Rp_cAMPS_pAB_and_ctrl	Drg345
pRII_Microscopy	model1_data49	model1_data23	939.816981120289	65	s_pRII_JI09_150302_Drg345_343_CycNuc	s_pRII_JI09_150302_Drg345_343_CycNuc	JI09_150302_Drg345_343_CycNuc	JI09_150302_Drg345_343_CycNuc__Rp_cAMPS_pAB_and_ctrl	Drg345
pRII_Microscopy	model1_data49	model1_data23	902.351453160499	65	s_pRII_JI09_150302_Drg345_343_CycNuc	s_pRII_JI09_150302_Drg345_343_CycNuc	JI09_150302_Drg345_343_CycNuc	JI09_150302_Drg345_343_CycNuc__Rp_cAMPS_pAB_and_ctrl	Drg345
pRII_Microscopy	model1_data49	model1_data23	926.368492035928	65	s_pRII_JI09_150302_Drg345_343_CycNuc	s_pRII_JI09_150302_Drg345_343_CycNuc	JI09_150302_Drg345_343_CycNuc	JI09_150302_Drg345_343_CycNuc__Rp_cAMPS_pAB_and_ctrl	Drg345
pRII_Microscopy	model1_data49	model1_data24	1007.27118123141	65	s_pRII_JI09_150302_Drg345_343_CycNuc	s_pRII_JI09_150302_Drg345_343_CycNuc	JI09_150302_Drg345_343_CycNuc	JI09_150302_Drg345_343_CycNuc__Rp_cAMPS_pAB_and_ctrl	Drg345
pRII_Microscopy	model1_data49	model1_data24	941.500494650422	65	s_pRII_JI09_150302_Drg345_343_CycNuc	s_pRII_JI09_150302_Drg345_343_CycNuc	JI09_150302_Drg345_343_CycNuc	JI09_150302_Drg345_343_CycNuc__Rp_cAMPS_pAB_and_ctrl	Drg345
pRII_Microscopy	model1_data49	model1_data24	1044.43774460075	65	s_pRII_JI09_150302_Drg345_343_CycNuc	s_pRII_JI09_150302_Drg345_343_CycNuc	JI09_150302_Drg345_343_CycNuc	JI09_150302_Drg345_343_CycNuc__Rp_cAMPS_pAB_and_ctrl	Drg345
pRII_Microscopy	model1_data49	model1_data25	2075.9577175327	65	s_pRII_JI09_150302_Drg345_343_CycNuc	s_pRII_JI09_150302_Drg345_343_CycNuc	JI09_150302_Drg345_343_CycNuc	JI09_150302_Drg345_343_CycNuc__4_ABnOH_and_Fsk	Drg345
pRII_Microscopy	model1_data49	model1_data25	1890.15728824013	65	s_pRII_JI09_150302_Drg345_343_CycNuc	s_pRII_JI09_150302_Drg345_343_CycNuc	JI09_150302_Drg345_343_CycNuc	JI09_150302_Drg345_343_CycNuc__4_ABnOH_and_Fsk	Drg345
pRII_Microscopy	model1_data49	model1_data25	2036.80892487879	65	s_pRII_JI09_150302_Drg345_343_CycNuc	s_pRII_JI09_150302_Drg345_343_CycNuc	JI09_150302_Drg345_343_CycNuc	JI09_150302_Drg345_343_CycNuc__4_ABnOH_and_Fsk	Drg345
pRII_Microscopy	model1_data49	model1_data26	2063.89964683199	65	s_pRII_JI09_150302_Drg345_343_CycNuc	s_pRII_JI09_150302_Drg345_343_CycNuc	JI09_150302_Drg345_343_CycNuc	JI09_150302_Drg345_343_CycNuc__4_ABnOH_and_Fsk	Drg345
pRII_Microscopy	model1_data49	model1_data26	2013.69059517038	65	s_pRII_JI09_150302_Drg345_343_CycNuc	s_pRII_JI09_150302_Drg345_343_CycNuc	JI09_150302_Drg345_343_CycNuc	JI09_150302_Drg345_343_CycNuc__4_ABnOH_and_Fsk	Drg345
pRII_Microscopy	model1_data49	model1_data26	2018.67779530146	65	s_pRII_JI09_150302_Drg345_343_CycNuc	s_pRII_JI09_150302_Drg345_343_CycNuc	JI09_150302_Drg345_343_CycNuc	JI09_150302_Drg345_343_CycNuc__4_ABnOH_and_Fsk	Drg345
pRII_Microscopy	model1_data49	model1_data27	2033.45399904635	65	s_pRII_JI09_150302_Drg345_343_CycNuc	s_pRII_JI09_150302_Drg345_343_CycNuc	JI09_150302_Drg345_343_CycNuc	JI09_150302_Drg345_343_CycNuc__4_ABnOH_and_Fsk	Drg345
pRII_Microscopy	model1_data49	model1_data27	1987.97526061221	65	s_pRII_JI09_150302_Drg345_343_CycNuc	s_pRII_JI09_150302_Drg345_343_CycNuc	JI09_150302_Drg345_343_CycNuc	JI09_150302_Drg345_343_CycNuc__4_ABnOH_and_Fsk	Drg345
pRII_Microscopy	model1_data49	model1_data27	1917.75977866779	65	s_pRII_JI09_150302_Drg345_343_CycNuc	s_pRII_JI09_150302_Drg345_343_CycNuc	JI09_150302_Drg345_343_CycNuc	JI09_150302_Drg345_343_CycNuc__4_ABnOH_and_Fsk	Drg345
pRII_Microscopy	model1_data49	model1_data28	2038.20241061203	65	s_pRII_JI09_150302_Drg345_343_CycNuc	s_pRII_JI09_150302_Drg345_343_CycNuc	JI09_150302_Drg345_343_CycNuc	JI09_150302_Drg345_343_CycNuc__4_ABnOH_and_Fsk	Drg345
pRII_Microscopy	model1_data49	model1_data28	2037.87846804461	65	s_pRII_JI09_150302_Drg345_343_CycNuc	s_pRII_JI09_150302_Drg345_343_CycNuc	JI09_150302_Drg345_343_CycNuc	JI09_150302_Drg345_343_CycNuc__4_ABnOH_and_Fsk	Drg345
pRII_Microscopy	model1_data49	model1_data28	2053.29891754491	65	s_pRII_JI09_150302_Drg345_343_CycNuc	s_pRII_JI09_150302_Drg345_343_CycNuc	JI09_150302_Drg345_343_CycNuc	JI09_150302_Drg345_343_CycNuc__4_ABnOH_and_Fsk	Drg345
pRII_Microscopy	model1_data49	model1_data29	2054.49572211355	65	s_pRII_JI09_150302_Drg345_343_CycNuc	s_pRII_JI09_150302_Drg345_343_CycNuc	JI09_150302_Drg345_343_CycNuc	JI09_150302_Drg345_343_CycNuc__4_ABnOH_and_Fsk	Drg345
pRII_Microscopy	model1_data49	model1_data29	2023.36732230485	65	s_pRII_JI09_150302_Drg345_343_CycNuc	s_pRII_JI09_150302_Drg345_343_CycNuc	JI09_150302_Drg345_343_CycNuc	JI09_150302_Drg345_343_CycNuc__4_ABnOH_and_Fsk	Drg345
pRII_Microscopy	model1_data49	model1_data29	2051.92591545812	65	s_pRII_JI09_150302_Drg345_343_CycNuc	s_pRII_JI09_150302_Drg345_343_CycNuc	JI09_150302_Drg345_343_CycNuc	JI09_150302_Drg345_343_CycNuc__4_ABnOH_and_Fsk	Drg345
pRII_Microscopy	model1_data49	model1_data30	2137.68284280101	65	s_pRII_JI09_150302_Drg345_343_CycNuc	s_pRII_JI09_150302_Drg345_343_CycNuc	JI09_150302_Drg345_343_CycNuc	JI09_150302_Drg345_343_CycNuc__4_ABnOH_and_Fsk	Drg345
pRII_Microscopy	model1_data49	model1_data30	2165.57013490863	65	s_pRII_JI09_150302_Drg345_343_CycNuc	s_pRII_JI09_150302_Drg345_343_CycNuc	JI09_150302_Drg345_343_CycNuc	JI09_150302_Drg345_343_CycNuc__4_ABnOH_and_Fsk	Drg345
pRII_Microscopy	model1_data49	model1_data30	2008.52035882198	65	s_pRII_JI09_150302_Drg345_343_CycNuc	s_pRII_JI09_150302_Drg345_343_CycNuc	JI09_150302_Drg345_343_CycNuc	JI09_150302_Drg345_343_CycNuc__4_ABnOH_and_Fsk	Drg345
pRII_Microscopy	model1_data49	model1_data31	1255.96100818543	65	s_pRII_JI09_150302_Drg345_343_CycNuc	s_pRII_JI09_150302_Drg345_343_CycNuc	JI09_150302_Drg345_343_CycNuc	JI09_150302_Drg345_343_CycNuc__Rp8_Br_cAMPS_pAB_and_Fsk	Drg345
pRII_Microscopy	model1_data49	model1_data31	1246.26131936803	65	s_pRII_JI09_150302_Drg345_343_CycNuc	s_pRII_JI09_150302_Drg345_343_CycNuc	JI09_150302_Drg345_343_CycNuc	JI09_150302_Drg345_343_CycNuc__Rp8_Br_cAMPS_pAB_and_Fsk	Drg345
pRII_Microscopy	model1_data49	model1_data31	1199.92391278214	65	s_pRII_JI09_150302_Drg345_343_CycNuc	s_pRII_JI09_150302_Drg345_343_CycNuc	JI09_150302_Drg345_343_CycNuc	JI09_150302_Drg345_343_CycNuc__Rp8_Br_cAMPS_pAB_and_Fsk	Drg345
pRII_Microscopy	model1_data49	model1_data32	1294.24163382038	65	s_pRII_JI09_150302_Drg345_343_CycNuc	s_pRII_JI09_150302_Drg345_343_CycNuc	JI09_150302_Drg345_343_CycNuc	JI09_150302_Drg345_343_CycNuc__Rp8_Br_cAMPS_pAB_and_Fsk	Drg345
pRII_Microscopy	model1_data49	model1_data32	1286.09405978206	65	s_pRII_JI09_150302_Drg345_343_CycNuc	s_pRII_JI09_150302_Drg345_343_CycNuc	JI09_150302_Drg345_343_CycNuc	JI09_150302_Drg345_343_CycNuc__Rp8_Br_cAMPS_pAB_and_Fsk	Drg345
pRII_Microscopy	model1_data49	model1_data32	1152.6252760043	65	s_pRII_JI09_150302_Drg345_343_CycNuc	s_pRII_JI09_150302_Drg345_343_CycNuc	JI09_150302_Drg345_343_CycNuc	JI09_150302_Drg345_343_CycNuc__Rp8_Br_cAMPS_pAB_and_Fsk	Drg345
pRII_Microscopy	model1_data49	model1_data33	1404.97833226896	65	s_pRII_JI09_150302_Drg345_343_CycNuc	s_pRII_JI09_150302_Drg345_343_CycNuc	JI09_150302_Drg345_343_CycNuc	JI09_150302_Drg345_343_CycNuc__Rp8_Br_cAMPS_pAB_and_Fsk	Drg345
pRII_Microscopy	model1_data49	model1_data33	1261.20135390985	65	s_pRII_JI09_150302_Drg345_343_CycNuc	s_pRII_JI09_150302_Drg345_343_CycNuc	JI09_150302_Drg345_343_CycNuc	JI09_150302_Drg345_343_CycNuc__Rp8_Br_cAMPS_pAB_and_Fsk	Drg345
pRII_Microscopy	model1_data49	model1_data33	971.079778455555	65	s_pRII_JI09_150302_Drg345_343_CycNuc	s_pRII_JI09_150302_Drg345_343_CycNuc	JI09_150302_Drg345_343_CycNuc	JI09_150302_Drg345_343_CycNuc__Rp8_Br_cAMPS_pAB_and_Fsk	Drg345
pRII_Microscopy	model1_data49	model1_data34	1595.28603449726	65	s_pRII_JI09_150302_Drg345_343_CycNuc	s_pRII_JI09_150302_Drg345_343_CycNuc	JI09_150302_Drg345_343_CycNuc	JI09_150302_Drg345_343_CycNuc__Rp8_Br_cAMPS_pAB_and_Fsk	Drg345
pRII_Microscopy	model1_data49	model1_data34	1448.55041884178	65	s_pRII_JI09_150302_Drg345_343_CycNuc	s_pRII_JI09_150302_Drg345_343_CycNuc	JI09_150302_Drg345_343_CycNuc	JI09_150302_Drg345_343_CycNuc__Rp8_Br_cAMPS_pAB_and_Fsk	Drg345
pRII_Microscopy	model1_data49	model1_data34	1418.91020426164	65	s_pRII_JI09_150302_Drg345_343_CycNuc	s_pRII_JI09_150302_Drg345_343_CycNuc	JI09_150302_Drg345_343_CycNuc	JI09_150302_Drg345_343_CycNuc__Rp8_Br_cAMPS_pAB_and_Fsk	Drg345
pRII_Microscopy	model1_data49	model1_data35	1734.87652322105	65	s_pRII_JI09_150302_Drg345_343_CycNuc	s_pRII_JI09_150302_Drg345_343_CycNuc	JI09_150302_Drg345_343_CycNuc	JI09_150302_Drg345_343_CycNuc__Rp8_Br_cAMPS_pAB_and_Fsk	Drg345
pRII_Microscopy	model1_data49	model1_data35	1653.78108776073	65	s_pRII_JI09_150302_Drg345_343_CycNuc	s_pRII_JI09_150302_Drg345_343_CycNuc	JI09_150302_Drg345_343_CycNuc	JI09_150302_Drg345_343_CycNuc__Rp8_Br_cAMPS_pAB_and_Fsk	Drg345
pRII_Microscopy	model1_data49	model1_data35	1631.00166472602	65	s_pRII_JI09_150302_Drg345_343_CycNuc	s_pRII_JI09_150302_Drg345_343_CycNuc	JI09_150302_Drg345_343_CycNuc	JI09_150302_Drg345_343_CycNuc__Rp8_Br_cAMPS_pAB_and_Fsk	Drg345
pRII_Microscopy	model1_data49	model1_data36	2061.03341314453	65	s_pRII_JI09_150302_Drg345_343_CycNuc	s_pRII_JI09_150302_Drg345_343_CycNuc	JI09_150302_Drg345_343_CycNuc	JI09_150302_Drg345_343_CycNuc__Rp8_Br_cAMPS_pAB_and_Fsk	Drg345
pRII_Microscopy	model1_data49	model1_data36	2049.02075023683	65	s_pRII_JI09_150302_Drg345_343_CycNuc	s_pRII_JI09_150302_Drg345_343_CycNuc	JI09_150302_Drg345_343_CycNuc	JI09_150302_Drg345_343_CycNuc__Rp8_Br_cAMPS_pAB_and_Fsk	Drg345
pRII_Microscopy	model1_data49	model1_data36	1942.89452697537	65	s_pRII_JI09_150302_Drg345_343_CycNuc	s_pRII_JI09_150302_Drg345_343_CycNuc	JI09_150302_Drg345_343_CycNuc	JI09_150302_Drg345_343_CycNuc__Rp8_Br_cAMPS_pAB_and_Fsk	Drg345
pRII_Microscopy	model1_data49	model1_data37	1280.5979874432	65	s_pRII_JI09_150302_Drg345_343_CycNuc	s_pRII_JI09_150302_Drg345_343_CycNuc	JI09_150302_Drg345_343_CycNuc	JI09_150302_Drg345_343_CycNuc__Rp8_pCPT_cAMPS_pAB_and_Fsk	Drg345
pRII_Microscopy	model1_data49	model1_data37	1313.85448142428	65	s_pRII_JI09_150302_Drg345_343_CycNuc	s_pRII_JI09_150302_Drg345_343_CycNuc	JI09_150302_Drg345_343_CycNuc	JI09_150302_Drg345_343_CycNuc__Rp8_pCPT_cAMPS_pAB_and_Fsk	Drg345
pRII_Microscopy	model1_data49	model1_data37	1402.28042806903	65	s_pRII_JI09_150302_Drg345_343_CycNuc	s_pRII_JI09_150302_Drg345_343_CycNuc	JI09_150302_Drg345_343_CycNuc	JI09_150302_Drg345_343_CycNuc__Rp8_pCPT_cAMPS_pAB_and_Fsk	Drg345
pRII_Microscopy	model1_data49	model1_data38	1342.53317657833	65	s_pRII_JI09_150302_Drg345_343_CycNuc	s_pRII_JI09_150302_Drg345_343_CycNuc	JI09_150302_Drg345_343_CycNuc	JI09_150302_Drg345_343_CycNuc__Rp8_pCPT_cAMPS_pAB_and_Fsk	Drg345
pRII_Microscopy	model1_data49	model1_data38	1394.78281097085	65	s_pRII_JI09_150302_Drg345_343_CycNuc	s_pRII_JI09_150302_Drg345_343_CycNuc	JI09_150302_Drg345_343_CycNuc	JI09_150302_Drg345_343_CycNuc__Rp8_pCPT_cAMPS_pAB_and_Fsk	Drg345
pRII_Microscopy	model1_data49	model1_data38	1329.09456667186	65	s_pRII_JI09_150302_Drg345_343_CycNuc	s_pRII_JI09_150302_Drg345_343_CycNuc	JI09_150302_Drg345_343_CycNuc	JI09_150302_Drg345_343_CycNuc__Rp8_pCPT_cAMPS_pAB_and_Fsk	Drg345
pRII_Microscopy	model1_data49	model1_data39	1446.98842002328	65	s_pRII_JI09_150302_Drg345_343_CycNuc	s_pRII_JI09_150302_Drg345_343_CycNuc	JI09_150302_Drg345_343_CycNuc	JI09_150302_Drg345_343_CycNuc__Rp8_pCPT_cAMPS_pAB_and_Fsk	Drg345
pRII_Microscopy	model1_data49	model1_data39	1362.62725129018	65	s_pRII_JI09_150302_Drg345_343_CycNuc	s_pRII_JI09_150302_Drg345_343_CycNuc	JI09_150302_Drg345_343_CycNuc	JI09_150302_Drg345_343_CycNuc__Rp8_pCPT_cAMPS_pAB_and_Fsk	Drg345
pRII_Microscopy	model1_data49	model1_data39	1272.88063916685	65	s_pRII_JI09_150302_Drg345_343_CycNuc	s_pRII_JI09_150302_Drg345_343_CycNuc	JI09_150302_Drg345_343_CycNuc	JI09_150302_Drg345_343_CycNuc__Rp8_pCPT_cAMPS_pAB_and_Fsk	Drg345
pRII_Microscopy	model1_data49	model1_data40	1704.58978654972	65	s_pRII_JI09_150302_Drg345_343_CycNuc	s_pRII_JI09_150302_Drg345_343_CycNuc	JI09_150302_Drg345_343_CycNuc	JI09_150302_Drg345_343_CycNuc__Rp8_pCPT_cAMPS_pAB_and_Fsk	Drg345
pRII_Microscopy	model1_data49	model1_data40	1683.87797393594	65	s_pRII_JI09_150302_Drg345_343_CycNuc	s_pRII_JI09_150302_Drg345_343_CycNuc	JI09_150302_Drg345_343_CycNuc	JI09_150302_Drg345_343_CycNuc__Rp8_pCPT_cAMPS_pAB_and_Fsk	Drg345
pRII_Microscopy	model1_data49	model1_data40	1401.14749295111	65	s_pRII_JI09_150302_Drg345_343_CycNuc	s_pRII_JI09_150302_Drg345_343_CycNuc	JI09_150302_Drg345_343_CycNuc	JI09_150302_Drg345_343_CycNuc__Rp8_pCPT_cAMPS_pAB_and_Fsk	Drg345
pRII_Microscopy	model1_data49	model1_data41	1749.27961166384	65	s_pRII_JI09_150302_Drg345_343_CycNuc	s_pRII_JI09_150302_Drg345_343_CycNuc	JI09_150302_Drg345_343_CycNuc	JI09_150302_Drg345_343_CycNuc__Rp8_pCPT_cAMPS_pAB_and_Fsk	Drg345
pRII_Microscopy	model1_data49	model1_data41	1781.4014240117	65	s_pRII_JI09_150302_Drg345_343_CycNuc	s_pRII_JI09_150302_Drg345_343_CycNuc	JI09_150302_Drg345_343_CycNuc	JI09_150302_Drg345_343_CycNuc__Rp8_pCPT_cAMPS_pAB_and_Fsk	Drg345
pRII_Microscopy	model1_data49	model1_data41	1663.95822936779	65	s_pRII_JI09_150302_Drg345_343_CycNuc	s_pRII_JI09_150302_Drg345_343_CycNuc	JI09_150302_Drg345_343_CycNuc	JI09_150302_Drg345_343_CycNuc__Rp8_pCPT_cAMPS_pAB_and_Fsk	Drg345
pRII_Microscopy	model1_data49	model1_data42	2039.53225166377	65	s_pRII_JI09_150302_Drg345_343_CycNuc	s_pRII_JI09_150302_Drg345_343_CycNuc	JI09_150302_Drg345_343_CycNuc	JI09_150302_Drg345_343_CycNuc__Rp8_pCPT_cAMPS_pAB_and_Fsk	Drg345
pRII_Microscopy	model1_data49	model1_data42	2112.80378817433	65	s_pRII_JI09_150302_Drg345_343_CycNuc	s_pRII_JI09_150302_Drg345_343_CycNuc	JI09_150302_Drg345_343_CycNuc	JI09_150302_Drg345_343_CycNuc__Rp8_pCPT_cAMPS_pAB_and_Fsk	Drg345
pRII_Microscopy	model1_data49	model1_data42	1972.77932011309	65	s_pRII_JI09_150302_Drg345_343_CycNuc	s_pRII_JI09_150302_Drg345_343_CycNuc	JI09_150302_Drg345_343_CycNuc	JI09_150302_Drg345_343_CycNuc__Rp8_pCPT_cAMPS_pAB_and_Fsk	Drg345
pRII_Microscopy	model1_data49	model1_data43	1649.58444404349	65	s_pRII_JI09_150302_Drg345_343_CycNuc	s_pRII_JI09_150302_Drg345_343_CycNuc	JI09_150302_Drg345_343_CycNuc	JI09_150302_Drg345_343_CycNuc__Rp_cAMPS_pAB_and_Fsk	Drg345
pRII_Microscopy	model1_data49	model1_data43	1553.9025442799	65	s_pRII_JI09_150302_Drg345_343_CycNuc	s_pRII_JI09_150302_Drg345_343_CycNuc	JI09_150302_Drg345_343_CycNuc	JI09_150302_Drg345_343_CycNuc__Rp_cAMPS_pAB_and_Fsk	Drg345
pRII_Microscopy	model1_data49	model1_data43	1591.6039189522	65	s_pRII_JI09_150302_Drg345_343_CycNuc	s_pRII_JI09_150302_Drg345_343_CycNuc	JI09_150302_Drg345_343_CycNuc	JI09_150302_Drg345_343_CycNuc__Rp_cAMPS_pAB_and_Fsk	Drg345
pRII_Microscopy	model1_data49	model1_data44	1642.04757596626	65	s_pRII_JI09_150302_Drg345_343_CycNuc	s_pRII_JI09_150302_Drg345_343_CycNuc	JI09_150302_Drg345_343_CycNuc	JI09_150302_Drg345_343_CycNuc__Rp_cAMPS_pAB_and_Fsk	Drg345
pRII_Microscopy	model1_data49	model1_data44	1551.53894551565	65	s_pRII_JI09_150302_Drg345_343_CycNuc	s_pRII_JI09_150302_Drg345_343_CycNuc	JI09_150302_Drg345_343_CycNuc	JI09_150302_Drg345_343_CycNuc__Rp_cAMPS_pAB_and_Fsk	Drg345
pRII_Microscopy	model1_data49	model1_data44	1597.76300338289	65	s_pRII_JI09_150302_Drg345_343_CycNuc	s_pRII_JI09_150302_Drg345_343_CycNuc	JI09_150302_Drg345_343_CycNuc	JI09_150302_Drg345_343_CycNuc__Rp_cAMPS_pAB_and_Fsk	Drg345
pRII_Microscopy	model1_data49	model1_data45	1670.76296326788	65	s_pRII_JI09_150302_Drg345_343_CycNuc	s_pRII_JI09_150302_Drg345_343_CycNuc	JI09_150302_Drg345_343_CycNuc	JI09_150302_Drg345_343_CycNuc__Rp_cAMPS_pAB_and_Fsk	Drg345
pRII_Microscopy	model1_data49	model1_data45	1585.78599233495	65	s_pRII_JI09_150302_Drg345_343_CycNuc	s_pRII_JI09_150302_Drg345_343_CycNuc	JI09_150302_Drg345_343_CycNuc	JI09_150302_Drg345_343_CycNuc__Rp_cAMPS_pAB_and_Fsk	Drg345
pRII_Microscopy	model1_data49	model1_data45	1565.50959958242	65	s_pRII_JI09_150302_Drg345_343_CycNuc	s_pRII_JI09_150302_Drg345_343_CycNuc	JI09_150302_Drg345_343_CycNuc	JI09_150302_Drg345_343_CycNuc__Rp_cAMPS_pAB_and_Fsk	Drg345
pRII_Microscopy	model1_data49	model1_data46	1874.53608279412	65	s_pRII_JI09_150302_Drg345_343_CycNuc	s_pRII_JI09_150302_Drg345_343_CycNuc	JI09_150302_Drg345_343_CycNuc	JI09_150302_Drg345_343_CycNuc__Rp_cAMPS_pAB_and_Fsk	Drg345
pRII_Microscopy	model1_data49	model1_data46	1677.39145838487	65	s_pRII_JI09_150302_Drg345_343_CycNuc	s_pRII_JI09_150302_Drg345_343_CycNuc	JI09_150302_Drg345_343_CycNuc	JI09_150302_Drg345_343_CycNuc__Rp_cAMPS_pAB_and_Fsk	Drg345
pRII_Microscopy	model1_data49	model1_data46	1757.97562060983	65	s_pRII_JI09_150302_Drg345_343_CycNuc	s_pRII_JI09_150302_Drg345_343_CycNuc	JI09_150302_Drg345_343_CycNuc	JI09_150302_Drg345_343_CycNuc__Rp_cAMPS_pAB_and_Fsk	Drg345
pRII_Microscopy	model1_data49	model1_data47	1850.3969626657	65	s_pRII_JI09_150302_Drg345_343_CycNuc	s_pRII_JI09_150302_Drg345_343_CycNuc	JI09_150302_Drg345_343_CycNuc	JI09_150302_Drg345_343_CycNuc__Rp_cAMPS_pAB_and_Fsk	Drg345
pRII_Microscopy	model1_data49	model1_data47	1827.30488072636	65	s_pRII_JI09_150302_Drg345_343_CycNuc	s_pRII_JI09_150302_Drg345_343_CycNuc	JI09_150302_Drg345_343_CycNuc	JI09_150302_Drg345_343_CycNuc__Rp_cAMPS_pAB_and_Fsk	Drg345
pRII_Microscopy	model1_data49	model1_data47	1857.32212980249	65	s_pRII_JI09_150302_Drg345_343_CycNuc	s_pRII_JI09_150302_Drg345_343_CycNuc	JI09_150302_Drg345_343_CycNuc	JI09_150302_Drg345_343_CycNuc__Rp_cAMPS_pAB_and_Fsk	Drg345
pRII_Microscopy	model1_data49	model1_data48	2049.18028256964	65	s_pRII_JI09_150302_Drg345_343_CycNuc	s_pRII_JI09_150302_Drg345_343_CycNuc	JI09_150302_Drg345_343_CycNuc	JI09_150302_Drg345_343_CycNuc__Rp_cAMPS_pAB_and_Fsk	Drg345
pRII_Microscopy	model1_data49	model1_data48	2146.80102311174	65	s_pRII_JI09_150302_Drg345_343_CycNuc	s_pRII_JI09_150302_Drg345_343_CycNuc	JI09_150302_Drg345_343_CycNuc	JI09_150302_Drg345_343_CycNuc__Rp_cAMPS_pAB_and_Fsk	Drg345
pRII_Microscopy	model1_data49	model1_data48	1993.34880585452	65	s_pRII_JI09_150302_Drg345_343_CycNuc	s_pRII_JI09_150302_Drg345_343_CycNuc	JI09_150302_Drg345_343_CycNuc	JI09_150302_Drg345_343_CycNuc__Rp_cAMPS_pAB_and_Fsk	Drg345
pRII_Microscopy	model1_data49	model1_data49	1002.06810959645	10	s_pRII_JI09_150330_Drg350_348_CycNuc	s_pRII_JI09_150330_Drg350_348_CycNuc	JI09_150330_Drg350_348_CycNuc	JI09_150330_Drg350_348_CycNuc__ctrl	Drg350
pRII_Microscopy	model1_data49	model1_data49	1056.56456601462	11	s_pRII_JI09_150330_Drg350_348_CycNuc	s_pRII_JI09_150330_Drg350_348_CycNuc	JI09_150330_Drg350_348_CycNuc	JI09_150330_Drg350_348_CycNuc__ctrl	Drg350
pRII_Microscopy	model1_data49	model1_data49	979.585849768654	15	s_pRII_JI09_150330_Drg350_348_CycNuc	s_pRII_JI09_150330_Drg350_348_CycNuc	JI09_150330_Drg350_348_CycNuc	JI09_150330_Drg350_348_CycNuc__ctrl	Drg350
pRII_Microscopy	model1_data49	model1_data49	960.345778059572	25	s_pRII_JI09_150330_Drg350_348_CycNuc	s_pRII_JI09_150330_Drg350_348_CycNuc	JI09_150330_Drg350_348_CycNuc	JI09_150330_Drg350_348_CycNuc__ctrl	Drg350
pRII_Microscopy	model1_data49	model1_data49	943.855621353667	40	s_pRII_JI09_150330_Drg350_348_CycNuc	s_pRII_JI09_150330_Drg350_348_CycNuc	JI09_150330_Drg350_348_CycNuc	JI09_150330_Drg350_348_CycNuc__ctrl	Drg350
pRII_Microscopy	model1_data49	model1_data49	1030.1121750584	70	s_pRII_JI09_150330_Drg350_348_CycNuc	s_pRII_JI09_150330_Drg350_348_CycNuc	JI09_150330_Drg350_348_CycNuc	JI09_150330_Drg350_348_CycNuc__ctrl	Drg350
pRII_Microscopy	model1_data49	model1_data49	1026.05158646516	130	s_pRII_JI09_150330_Drg350_348_CycNuc	s_pRII_JI09_150330_Drg350_348_CycNuc	JI09_150330_Drg350_348_CycNuc	JI09_150330_Drg350_348_CycNuc__ctrl	Drg350
pRII_Microscopy	model1_data49	model1_data49	1080.90542092811	10	s_pRII_JI09_150330_Drg350_348_CycNuc	s_pRII_JI09_150330_Drg350_348_CycNuc	JI09_150330_Drg350_348_CycNuc	JI09_150330_Drg350_348_CycNuc__ctrl	Drg350
pRII_Microscopy	model1_data49	model1_data49	1039.23692837101	11	s_pRII_JI09_150330_Drg350_348_CycNuc	s_pRII_JI09_150330_Drg350_348_CycNuc	JI09_150330_Drg350_348_CycNuc	JI09_150330_Drg350_348_CycNuc__ctrl	Drg350
pRII_Microscopy	model1_data49	model1_data49	1004.50567696528	15	s_pRII_JI09_150330_Drg350_348_CycNuc	s_pRII_JI09_150330_Drg350_348_CycNuc	JI09_150330_Drg350_348_CycNuc	JI09_150330_Drg350_348_CycNuc__ctrl	Drg350
pRII_Microscopy	model1_data49	model1_data49	968.953931097972	25	s_pRII_JI09_150330_Drg350_348_CycNuc	s_pRII_JI09_150330_Drg350_348_CycNuc	JI09_150330_Drg350_348_CycNuc	JI09_150330_Drg350_348_CycNuc__ctrl	Drg350
pRII_Microscopy	model1_data49	model1_data49	1035.49350372405	40	s_pRII_JI09_150330_Drg350_348_CycNuc	s_pRII_JI09_150330_Drg350_348_CycNuc	JI09_150330_Drg350_348_CycNuc	JI09_150330_Drg350_348_CycNuc__ctrl	Drg350
pRII_Microscopy	model1_data49	model1_data49	963.386582984797	70	s_pRII_JI09_150330_Drg350_348_CycNuc	s_pRII_JI09_150330_Drg350_348_CycNuc	JI09_150330_Drg350_348_CycNuc	JI09_150330_Drg350_348_CycNuc__ctrl	Drg350
pRII_Microscopy	model1_data49	model1_data49	913.930954299377	130	s_pRII_JI09_150330_Drg350_348_CycNuc	s_pRII_JI09_150330_Drg350_348_CycNuc	JI09_150330_Drg350_348_CycNuc	JI09_150330_Drg350_348_CycNuc__ctrl	Drg350
pRII_Microscopy	model1_data49	model1_data49	989.700511355364	10	s_pRII_JI09_150330_Drg350_348_CycNuc	s_pRII_JI09_150330_Drg350_348_CycNuc	JI09_150330_Drg350_348_CycNuc	JI09_150330_Drg350_348_CycNuc__ctrl	Drg350
pRII_Microscopy	model1_data49	model1_data49	996.231857359243	11	s_pRII_JI09_150330_Drg350_348_CycNuc	s_pRII_JI09_150330_Drg350_348_CycNuc	JI09_150330_Drg350_348_CycNuc	JI09_150330_Drg350_348_CycNuc__ctrl	Drg350
pRII_Microscopy	model1_data49	model1_data49	979.859681162385	15	s_pRII_JI09_150330_Drg350_348_CycNuc	s_pRII_JI09_150330_Drg350_348_CycNuc	JI09_150330_Drg350_348_CycNuc	JI09_150330_Drg350_348_CycNuc__ctrl	Drg350
pRII_Microscopy	model1_data49	model1_data49	1026.8665834612	25	s_pRII_JI09_150330_Drg350_348_CycNuc	s_pRII_JI09_150330_Drg350_348_CycNuc	JI09_150330_Drg350_348_CycNuc	JI09_150330_Drg350_348_CycNuc__ctrl	Drg350
pRII_Microscopy	model1_data49	model1_data49	1027.1060666038	40	s_pRII_JI09_150330_Drg350_348_CycNuc	s_pRII_JI09_150330_Drg350_348_CycNuc	JI09_150330_Drg350_348_CycNuc	JI09_150330_Drg350_348_CycNuc__ctrl	Drg350
pRII_Microscopy	model1_data49	model1_data49	967.995397083779	70	s_pRII_JI09_150330_Drg350_348_CycNuc	s_pRII_JI09_150330_Drg350_348_CycNuc	JI09_150330_Drg350_348_CycNuc	JI09_150330_Drg350_348_CycNuc__ctrl	Drg350
pRII_Microscopy	model1_data49	model1_data49	1010.24427895232	130	s_pRII_JI09_150330_Drg350_348_CycNuc	s_pRII_JI09_150330_Drg350_348_CycNuc	JI09_150330_Drg350_348_CycNuc	JI09_150330_Drg350_348_CycNuc__ctrl	Drg350
pRII_Microscopy	model1_data49	model1_data50	1103.39377100839	10	s_pRII_JI09_150330_Drg350_348_CycNuc	s_pRII_JI09_150330_Drg350_348_CycNuc	JI09_150330_Drg350_348_CycNuc	JI09_150330_Drg350_348_CycNuc__IBMX100	Drg350
pRII_Microscopy	model1_data49	model1_data50	1129.26090402116	11	s_pRII_JI09_150330_Drg350_348_CycNuc	s_pRII_JI09_150330_Drg350_348_CycNuc	JI09_150330_Drg350_348_CycNuc	JI09_150330_Drg350_348_CycNuc__IBMX100	Drg350
pRII_Microscopy	model1_data49	model1_data50	1143.86521579462	15	s_pRII_JI09_150330_Drg350_348_CycNuc	s_pRII_JI09_150330_Drg350_348_CycNuc	JI09_150330_Drg350_348_CycNuc	JI09_150330_Drg350_348_CycNuc__IBMX100	Drg350
pRII_Microscopy	model1_data49	model1_data50	1188.41742571102	25	s_pRII_JI09_150330_Drg350_348_CycNuc	s_pRII_JI09_150330_Drg350_348_CycNuc	JI09_150330_Drg350_348_CycNuc	JI09_150330_Drg350_348_CycNuc__IBMX100	Drg350
pRII_Microscopy	model1_data49	model1_data50	1157.28905907758	40	s_pRII_JI09_150330_Drg350_348_CycNuc	s_pRII_JI09_150330_Drg350_348_CycNuc	JI09_150330_Drg350_348_CycNuc	JI09_150330_Drg350_348_CycNuc__IBMX100	Drg350
pRII_Microscopy	model1_data49	model1_data50	1155.59082082509	70	s_pRII_JI09_150330_Drg350_348_CycNuc	s_pRII_JI09_150330_Drg350_348_CycNuc	JI09_150330_Drg350_348_CycNuc	JI09_150330_Drg350_348_CycNuc__IBMX100	Drg350
pRII_Microscopy	model1_data49	model1_data50	1147.58252194542	130	s_pRII_JI09_150330_Drg350_348_CycNuc	s_pRII_JI09_150330_Drg350_348_CycNuc	JI09_150330_Drg350_348_CycNuc	JI09_150330_Drg350_348_CycNuc__IBMX100	Drg350
pRII_Microscopy	model1_data49	model1_data50	1083.96658588858	10	s_pRII_JI09_150330_Drg350_348_CycNuc	s_pRII_JI09_150330_Drg350_348_CycNuc	JI09_150330_Drg350_348_CycNuc	JI09_150330_Drg350_348_CycNuc__IBMX100	Drg350
pRII_Microscopy	model1_data49	model1_data50	1160.64010823091	11	s_pRII_JI09_150330_Drg350_348_CycNuc	s_pRII_JI09_150330_Drg350_348_CycNuc	JI09_150330_Drg350_348_CycNuc	JI09_150330_Drg350_348_CycNuc__IBMX100	Drg350
pRII_Microscopy	model1_data49	model1_data50	1163.51237257664	15	s_pRII_JI09_150330_Drg350_348_CycNuc	s_pRII_JI09_150330_Drg350_348_CycNuc	JI09_150330_Drg350_348_CycNuc	JI09_150330_Drg350_348_CycNuc__IBMX100	Drg350
pRII_Microscopy	model1_data49	model1_data50	1066.27807262438	25	s_pRII_JI09_150330_Drg350_348_CycNuc	s_pRII_JI09_150330_Drg350_348_CycNuc	JI09_150330_Drg350_348_CycNuc	JI09_150330_Drg350_348_CycNuc__IBMX100	Drg350
pRII_Microscopy	model1_data49	model1_data50	1106.26638388676	40	s_pRII_JI09_150330_Drg350_348_CycNuc	s_pRII_JI09_150330_Drg350_348_CycNuc	JI09_150330_Drg350_348_CycNuc	JI09_150330_Drg350_348_CycNuc__IBMX100	Drg350
pRII_Microscopy	model1_data49	model1_data50	1165.20659425762	70	s_pRII_JI09_150330_Drg350_348_CycNuc	s_pRII_JI09_150330_Drg350_348_CycNuc	JI09_150330_Drg350_348_CycNuc	JI09_150330_Drg350_348_CycNuc__IBMX100	Drg350
pRII_Microscopy	model1_data49	model1_data50	1150.44809219261	130	s_pRII_JI09_150330_Drg350_348_CycNuc	s_pRII_JI09_150330_Drg350_348_CycNuc	JI09_150330_Drg350_348_CycNuc	JI09_150330_Drg350_348_CycNuc__IBMX100	Drg350
pRII_Microscopy	model1_data49	model1_data50	1089.61214586363	10	s_pRII_JI09_150330_Drg350_348_CycNuc	s_pRII_JI09_150330_Drg350_348_CycNuc	JI09_150330_Drg350_348_CycNuc	JI09_150330_Drg350_348_CycNuc__IBMX100	Drg350
pRII_Microscopy	model1_data49	model1_data50	1117.26434677043	11	s_pRII_JI09_150330_Drg350_348_CycNuc	s_pRII_JI09_150330_Drg350_348_CycNuc	JI09_150330_Drg350_348_CycNuc	JI09_150330_Drg350_348_CycNuc__IBMX100	Drg350
pRII_Microscopy	model1_data49	model1_data50	1132.42145857737	15	s_pRII_JI09_150330_Drg350_348_CycNuc	s_pRII_JI09_150330_Drg350_348_CycNuc	JI09_150330_Drg350_348_CycNuc	JI09_150330_Drg350_348_CycNuc__IBMX100	Drg350
pRII_Microscopy	model1_data49	model1_data50	1156.76486259223	25	s_pRII_JI09_150330_Drg350_348_CycNuc	s_pRII_JI09_150330_Drg350_348_CycNuc	JI09_150330_Drg350_348_CycNuc	JI09_150330_Drg350_348_CycNuc__IBMX100	Drg350
pRII_Microscopy	model1_data49	model1_data50	1129.36741159446	40	s_pRII_JI09_150330_Drg350_348_CycNuc	s_pRII_JI09_150330_Drg350_348_CycNuc	JI09_150330_Drg350_348_CycNuc	JI09_150330_Drg350_348_CycNuc__IBMX100	Drg350
pRII_Microscopy	model1_data49	model1_data50	1101.94769447077	70	s_pRII_JI09_150330_Drg350_348_CycNuc	s_pRII_JI09_150330_Drg350_348_CycNuc	JI09_150330_Drg350_348_CycNuc	JI09_150330_Drg350_348_CycNuc__IBMX100	Drg350
pRII_Microscopy	model1_data49	model1_data50	1171.32687292223	130	s_pRII_JI09_150330_Drg350_348_CycNuc	s_pRII_JI09_150330_Drg350_348_CycNuc	JI09_150330_Drg350_348_CycNuc	JI09_150330_Drg350_348_CycNuc__IBMX100	Drg350
pRII_Microscopy	model1_data49	model1_data51	995.953588062614	10	s_pRII_JI09_150330_Drg350_348_CycNuc	s_pRII_JI09_150330_Drg350_348_CycNuc	JI09_150330_Drg350_348_CycNuc	JI09_150330_Drg350_348_CycNuc__Fsk10	Drg350
pRII_Microscopy	model1_data49	model1_data51	1538.65984655175	11	s_pRII_JI09_150330_Drg350_348_CycNuc	s_pRII_JI09_150330_Drg350_348_CycNuc	JI09_150330_Drg350_348_CycNuc	JI09_150330_Drg350_348_CycNuc__Fsk10	Drg350
pRII_Microscopy	model1_data49	model1_data51	1597.05407261761	15	s_pRII_JI09_150330_Drg350_348_CycNuc	s_pRII_JI09_150330_Drg350_348_CycNuc	JI09_150330_Drg350_348_CycNuc	JI09_150330_Drg350_348_CycNuc__Fsk10	Drg350
pRII_Microscopy	model1_data49	model1_data51	1794.03552681349	25	s_pRII_JI09_150330_Drg350_348_CycNuc	s_pRII_JI09_150330_Drg350_348_CycNuc	JI09_150330_Drg350_348_CycNuc	JI09_150330_Drg350_348_CycNuc__Fsk10	Drg350
pRII_Microscopy	model1_data49	model1_data51	1795.04761293545	40	s_pRII_JI09_150330_Drg350_348_CycNuc	s_pRII_JI09_150330_Drg350_348_CycNuc	JI09_150330_Drg350_348_CycNuc	JI09_150330_Drg350_348_CycNuc__Fsk10	Drg350
pRII_Microscopy	model1_data49	model1_data51	1761.75727027221	70	s_pRII_JI09_150330_Drg350_348_CycNuc	s_pRII_JI09_150330_Drg350_348_CycNuc	JI09_150330_Drg350_348_CycNuc	JI09_150330_Drg350_348_CycNuc__Fsk10	Drg350
pRII_Microscopy	model1_data49	model1_data51	1836.03199937717	130	s_pRII_JI09_150330_Drg350_348_CycNuc	s_pRII_JI09_150330_Drg350_348_CycNuc	JI09_150330_Drg350_348_CycNuc	JI09_150330_Drg350_348_CycNuc__Fsk10	Drg350
pRII_Microscopy	model1_data49	model1_data51	979.83417383503	10	s_pRII_JI09_150330_Drg350_348_CycNuc	s_pRII_JI09_150330_Drg350_348_CycNuc	JI09_150330_Drg350_348_CycNuc	JI09_150330_Drg350_348_CycNuc__Fsk10	Drg350
pRII_Microscopy	model1_data49	model1_data51	1483.95481283332	11	s_pRII_JI09_150330_Drg350_348_CycNuc	s_pRII_JI09_150330_Drg350_348_CycNuc	JI09_150330_Drg350_348_CycNuc	JI09_150330_Drg350_348_CycNuc__Fsk10	Drg350
pRII_Microscopy	model1_data49	model1_data51	1632.99131328185	15	s_pRII_JI09_150330_Drg350_348_CycNuc	s_pRII_JI09_150330_Drg350_348_CycNuc	JI09_150330_Drg350_348_CycNuc	JI09_150330_Drg350_348_CycNuc__Fsk10	Drg350
pRII_Microscopy	model1_data49	model1_data51	1798.91087605949	25	s_pRII_JI09_150330_Drg350_348_CycNuc	s_pRII_JI09_150330_Drg350_348_CycNuc	JI09_150330_Drg350_348_CycNuc	JI09_150330_Drg350_348_CycNuc__Fsk10	Drg350
pRII_Microscopy	model1_data49	model1_data51	1685.72602878834	40	s_pRII_JI09_150330_Drg350_348_CycNuc	s_pRII_JI09_150330_Drg350_348_CycNuc	JI09_150330_Drg350_348_CycNuc	JI09_150330_Drg350_348_CycNuc__Fsk10	Drg350
pRII_Microscopy	model1_data49	model1_data51	1822.4433070579	70	s_pRII_JI09_150330_Drg350_348_CycNuc	s_pRII_JI09_150330_Drg350_348_CycNuc	JI09_150330_Drg350_348_CycNuc	JI09_150330_Drg350_348_CycNuc__Fsk10	Drg350
pRII_Microscopy	model1_data49	model1_data51	1829.62965812002	130	s_pRII_JI09_150330_Drg350_348_CycNuc	s_pRII_JI09_150330_Drg350_348_CycNuc	JI09_150330_Drg350_348_CycNuc	JI09_150330_Drg350_348_CycNuc__Fsk10	Drg350
pRII_Microscopy	model1_data49	model1_data51	1025.70484905594	10	s_pRII_JI09_150330_Drg350_348_CycNuc	s_pRII_JI09_150330_Drg350_348_CycNuc	JI09_150330_Drg350_348_CycNuc	JI09_150330_Drg350_348_CycNuc__Fsk10	Drg350
pRII_Microscopy	model1_data49	model1_data51	1400.47506589346	11	s_pRII_JI09_150330_Drg350_348_CycNuc	s_pRII_JI09_150330_Drg350_348_CycNuc	JI09_150330_Drg350_348_CycNuc	JI09_150330_Drg350_348_CycNuc__Fsk10	Drg350
pRII_Microscopy	model1_data49	model1_data51	1694.48953838383	15	s_pRII_JI09_150330_Drg350_348_CycNuc	s_pRII_JI09_150330_Drg350_348_CycNuc	JI09_150330_Drg350_348_CycNuc	JI09_150330_Drg350_348_CycNuc__Fsk10	Drg350
pRII_Microscopy	model1_data49	model1_data51	1704.31952094764	25	s_pRII_JI09_150330_Drg350_348_CycNuc	s_pRII_JI09_150330_Drg350_348_CycNuc	JI09_150330_Drg350_348_CycNuc	JI09_150330_Drg350_348_CycNuc__Fsk10	Drg350
pRII_Microscopy	model1_data49	model1_data51	1807.38349025353	40	s_pRII_JI09_150330_Drg350_348_CycNuc	s_pRII_JI09_150330_Drg350_348_CycNuc	JI09_150330_Drg350_348_CycNuc	JI09_150330_Drg350_348_CycNuc__Fsk10	Drg350
pRII_Microscopy	model1_data49	model1_data51	1845.55067037902	70	s_pRII_JI09_150330_Drg350_348_CycNuc	s_pRII_JI09_150330_Drg350_348_CycNuc	JI09_150330_Drg350_348_CycNuc	JI09_150330_Drg350_348_CycNuc__Fsk10	Drg350
pRII_Microscopy	model1_data49	model1_data51	1782.84294435403	130	s_pRII_JI09_150330_Drg350_348_CycNuc	s_pRII_JI09_150330_Drg350_348_CycNuc	JI09_150330_Drg350_348_CycNuc	JI09_150330_Drg350_348_CycNuc__Fsk10	Drg350
pRII_Microscopy	model1_data49	model1_data52	1061.08101322939	10	s_pRII_JI09_150330_Drg350_348_CycNuc	s_pRII_JI09_150330_Drg350_348_CycNuc	JI09_150330_Drg350_348_CycNuc	JI09_150330_Drg350_348_CycNuc__IBMX100_and_Fsk10	Drg350
pRII_Microscopy	model1_data49	model1_data52	1607.07652388426	11	s_pRII_JI09_150330_Drg350_348_CycNuc	s_pRII_JI09_150330_Drg350_348_CycNuc	JI09_150330_Drg350_348_CycNuc	JI09_150330_Drg350_348_CycNuc__IBMX100_and_Fsk10	Drg350
pRII_Microscopy	model1_data49	model1_data52	1736.94357977033	15	s_pRII_JI09_150330_Drg350_348_CycNuc	s_pRII_JI09_150330_Drg350_348_CycNuc	JI09_150330_Drg350_348_CycNuc	JI09_150330_Drg350_348_CycNuc__IBMX100_and_Fsk10	Drg350
pRII_Microscopy	model1_data49	model1_data52	1812.73974314256	25	s_pRII_JI09_150330_Drg350_348_CycNuc	s_pRII_JI09_150330_Drg350_348_CycNuc	JI09_150330_Drg350_348_CycNuc	JI09_150330_Drg350_348_CycNuc__IBMX100_and_Fsk10	Drg350
pRII_Microscopy	model1_data49	model1_data52	1919.71018275736	40	s_pRII_JI09_150330_Drg350_348_CycNuc	s_pRII_JI09_150330_Drg350_348_CycNuc	JI09_150330_Drg350_348_CycNuc	JI09_150330_Drg350_348_CycNuc__IBMX100_and_Fsk10	Drg350
pRII_Microscopy	model1_data49	model1_data52	1991.64719779975	70	s_pRII_JI09_150330_Drg350_348_CycNuc	s_pRII_JI09_150330_Drg350_348_CycNuc	JI09_150330_Drg350_348_CycNuc	JI09_150330_Drg350_348_CycNuc__IBMX100_and_Fsk10	Drg350
pRII_Microscopy	model1_data49	model1_data52	1929.26774280697	130	s_pRII_JI09_150330_Drg350_348_CycNuc	s_pRII_JI09_150330_Drg350_348_CycNuc	JI09_150330_Drg350_348_CycNuc	JI09_150330_Drg350_348_CycNuc__IBMX100_and_Fsk10	Drg350
pRII_Microscopy	model1_data49	model1_data52	1038.01900485932	10	s_pRII_JI09_150330_Drg350_348_CycNuc	s_pRII_JI09_150330_Drg350_348_CycNuc	JI09_150330_Drg350_348_CycNuc	JI09_150330_Drg350_348_CycNuc__IBMX100_and_Fsk10	Drg350
pRII_Microscopy	model1_data49	model1_data52	1531.07182250296	11	s_pRII_JI09_150330_Drg350_348_CycNuc	s_pRII_JI09_150330_Drg350_348_CycNuc	JI09_150330_Drg350_348_CycNuc	JI09_150330_Drg350_348_CycNuc__IBMX100_and_Fsk10	Drg350
pRII_Microscopy	model1_data49	model1_data52	1723.28502025168	15	s_pRII_JI09_150330_Drg350_348_CycNuc	s_pRII_JI09_150330_Drg350_348_CycNuc	JI09_150330_Drg350_348_CycNuc	JI09_150330_Drg350_348_CycNuc__IBMX100_and_Fsk10	Drg350
pRII_Microscopy	model1_data49	model1_data52	1817.50241170457	25	s_pRII_JI09_150330_Drg350_348_CycNuc	s_pRII_JI09_150330_Drg350_348_CycNuc	JI09_150330_Drg350_348_CycNuc	JI09_150330_Drg350_348_CycNuc__IBMX100_and_Fsk10	Drg350
pRII_Microscopy	model1_data49	model1_data52	1736.41193301378	40	s_pRII_JI09_150330_Drg350_348_CycNuc	s_pRII_JI09_150330_Drg350_348_CycNuc	JI09_150330_Drg350_348_CycNuc	JI09_150330_Drg350_348_CycNuc__IBMX100_and_Fsk10	Drg350
pRII_Microscopy	model1_data49	model1_data52	1905.109061849	70	s_pRII_JI09_150330_Drg350_348_CycNuc	s_pRII_JI09_150330_Drg350_348_CycNuc	JI09_150330_Drg350_348_CycNuc	JI09_150330_Drg350_348_CycNuc__IBMX100_and_Fsk10	Drg350
pRII_Microscopy	model1_data49	model1_data52	1810.57777084978	130	s_pRII_JI09_150330_Drg350_348_CycNuc	s_pRII_JI09_150330_Drg350_348_CycNuc	JI09_150330_Drg350_348_CycNuc	JI09_150330_Drg350_348_CycNuc__IBMX100_and_Fsk10	Drg350
pRII_Microscopy	model1_data49	model1_data52	1128.13740321728	10	s_pRII_JI09_150330_Drg350_348_CycNuc	s_pRII_JI09_150330_Drg350_348_CycNuc	JI09_150330_Drg350_348_CycNuc	JI09_150330_Drg350_348_CycNuc__IBMX100_and_Fsk10	Drg350
pRII_Microscopy	model1_data49	model1_data52	1527.50942831772	11	s_pRII_JI09_150330_Drg350_348_CycNuc	s_pRII_JI09_150330_Drg350_348_CycNuc	JI09_150330_Drg350_348_CycNuc	JI09_150330_Drg350_348_CycNuc__IBMX100_and_Fsk10	Drg350
pRII_Microscopy	model1_data49	model1_data52	1738.98430964314	15	s_pRII_JI09_150330_Drg350_348_CycNuc	s_pRII_JI09_150330_Drg350_348_CycNuc	JI09_150330_Drg350_348_CycNuc	JI09_150330_Drg350_348_CycNuc__IBMX100_and_Fsk10	Drg350
pRII_Microscopy	model1_data49	model1_data52	1955.51200558205	25	s_pRII_JI09_150330_Drg350_348_CycNuc	s_pRII_JI09_150330_Drg350_348_CycNuc	JI09_150330_Drg350_348_CycNuc	JI09_150330_Drg350_348_CycNuc__IBMX100_and_Fsk10	Drg350
pRII_Microscopy	model1_data49	model1_data52	1857.62796365605	40	s_pRII_JI09_150330_Drg350_348_CycNuc	s_pRII_JI09_150330_Drg350_348_CycNuc	JI09_150330_Drg350_348_CycNuc	JI09_150330_Drg350_348_CycNuc__IBMX100_and_Fsk10	Drg350
pRII_Microscopy	model1_data49	model1_data52	1912.89056809732	70	s_pRII_JI09_150330_Drg350_348_CycNuc	s_pRII_JI09_150330_Drg350_348_CycNuc	JI09_150330_Drg350_348_CycNuc	JI09_150330_Drg350_348_CycNuc__IBMX100_and_Fsk10	Drg350
pRII_Microscopy	model1_data49	model1_data52	1925.36923615595	130	s_pRII_JI09_150330_Drg350_348_CycNuc	s_pRII_JI09_150330_Drg350_348_CycNuc	JI09_150330_Drg350_348_CycNuc	JI09_150330_Drg350_348_CycNuc__IBMX100_and_Fsk10	Drg350
pRII_Microscopy	model1_data49	model1_data53	947.0939487	10	s_pRII_JI09_150330_Drg350_348_CycNuc	s_pRII_JI09_150330_Drg350_348_CycNuc	JI09_150330_Drg350_348_CycNuc	JI09_150330_Drg350_348_CycNuc__Sp8_Br_cAMPS_AM10	Drg350
pRII_Microscopy	model1_data49	model1_data53	1316.739149	11	s_pRII_JI09_150330_Drg350_348_CycNuc	s_pRII_JI09_150330_Drg350_348_CycNuc	JI09_150330_Drg350_348_CycNuc	JI09_150330_Drg350_348_CycNuc__Sp8_Br_cAMPS_AM10	Drg350
pRII_Microscopy	model1_data49	model1_data53	1683.761045	15	s_pRII_JI09_150330_Drg350_348_CycNuc	s_pRII_JI09_150330_Drg350_348_CycNuc	JI09_150330_Drg350_348_CycNuc	JI09_150330_Drg350_348_CycNuc__Sp8_Br_cAMPS_AM10	Drg350
pRII_Microscopy	model1_data49	model1_data53	1884.090572	25	s_pRII_JI09_150330_Drg350_348_CycNuc	s_pRII_JI09_150330_Drg350_348_CycNuc	JI09_150330_Drg350_348_CycNuc	JI09_150330_Drg350_348_CycNuc__Sp8_Br_cAMPS_AM10	Drg350
pRII_Microscopy	model1_data49	model1_data53	1940.591665	40	s_pRII_JI09_150330_Drg350_348_CycNuc	s_pRII_JI09_150330_Drg350_348_CycNuc	JI09_150330_Drg350_348_CycNuc	JI09_150330_Drg350_348_CycNuc__Sp8_Br_cAMPS_AM10	Drg350
pRII_Microscopy	model1_data49	model1_data53	2001.898735	70	s_pRII_JI09_150330_Drg350_348_CycNuc	s_pRII_JI09_150330_Drg350_348_CycNuc	JI09_150330_Drg350_348_CycNuc	JI09_150330_Drg350_348_CycNuc__Sp8_Br_cAMPS_AM10	Drg350
pRII_Microscopy	model1_data49	model1_data53	1846.23378	130	s_pRII_JI09_150330_Drg350_348_CycNuc	s_pRII_JI09_150330_Drg350_348_CycNuc	JI09_150330_Drg350_348_CycNuc	JI09_150330_Drg350_348_CycNuc__Sp8_Br_cAMPS_AM10	Drg350
pRII_Microscopy	model1_data49	model1_data53	1005.117622	10	s_pRII_JI09_150330_Drg350_348_CycNuc	s_pRII_JI09_150330_Drg350_348_CycNuc	JI09_150330_Drg350_348_CycNuc	JI09_150330_Drg350_348_CycNuc__Sp8_Br_cAMPS_AM10	Drg350
pRII_Microscopy	model1_data49	model1_data53	1367.069784	11	s_pRII_JI09_150330_Drg350_348_CycNuc	s_pRII_JI09_150330_Drg350_348_CycNuc	JI09_150330_Drg350_348_CycNuc	JI09_150330_Drg350_348_CycNuc__Sp8_Br_cAMPS_AM10	Drg350
pRII_Microscopy	model1_data49	model1_data53	1629.248813	15	s_pRII_JI09_150330_Drg350_348_CycNuc	s_pRII_JI09_150330_Drg350_348_CycNuc	JI09_150330_Drg350_348_CycNuc	JI09_150330_Drg350_348_CycNuc__Sp8_Br_cAMPS_AM10	Drg350
pRII_Microscopy	model1_data49	model1_data53	1527.461137	25	s_pRII_JI09_150330_Drg350_348_CycNuc	s_pRII_JI09_150330_Drg350_348_CycNuc	JI09_150330_Drg350_348_CycNuc	JI09_150330_Drg350_348_CycNuc__Sp8_Br_cAMPS_AM10	Drg350
pRII_Microscopy	model1_data49	model1_data53	1752.156442	40	s_pRII_JI09_150330_Drg350_348_CycNuc	s_pRII_JI09_150330_Drg350_348_CycNuc	JI09_150330_Drg350_348_CycNuc	JI09_150330_Drg350_348_CycNuc__Sp8_Br_cAMPS_AM10	Drg350
pRII_Microscopy	model1_data49	model1_data53	1928.501612	70	s_pRII_JI09_150330_Drg350_348_CycNuc	s_pRII_JI09_150330_Drg350_348_CycNuc	JI09_150330_Drg350_348_CycNuc	JI09_150330_Drg350_348_CycNuc__Sp8_Br_cAMPS_AM10	Drg350
pRII_Microscopy	model1_data49	model1_data53	1554.975975	130	s_pRII_JI09_150330_Drg350_348_CycNuc	s_pRII_JI09_150330_Drg350_348_CycNuc	JI09_150330_Drg350_348_CycNuc	JI09_150330_Drg350_348_CycNuc__Sp8_Br_cAMPS_AM10	Drg350
pRII_Microscopy	model1_data49	model1_data53	1003.11221839685	10	s_pRII_JI09_150330_Drg350_348_CycNuc	s_pRII_JI09_150330_Drg350_348_CycNuc	JI09_150330_Drg350_348_CycNuc	JI09_150330_Drg350_348_CycNuc__Sp8_Br_cAMPS_AM10	Drg350
pRII_Microscopy	model1_data49	model1_data53	1271.41419613802	11	s_pRII_JI09_150330_Drg350_348_CycNuc	s_pRII_JI09_150330_Drg350_348_CycNuc	JI09_150330_Drg350_348_CycNuc	JI09_150330_Drg350_348_CycNuc__Sp8_Br_cAMPS_AM10	Drg350
pRII_Microscopy	model1_data49	model1_data53	1685.98296487751	15	s_pRII_JI09_150330_Drg350_348_CycNuc	s_pRII_JI09_150330_Drg350_348_CycNuc	JI09_150330_Drg350_348_CycNuc	JI09_150330_Drg350_348_CycNuc__Sp8_Br_cAMPS_AM10	Drg350
pRII_Microscopy	model1_data49	model1_data53	1894.20631665909	25	s_pRII_JI09_150330_Drg350_348_CycNuc	s_pRII_JI09_150330_Drg350_348_CycNuc	JI09_150330_Drg350_348_CycNuc	JI09_150330_Drg350_348_CycNuc__Sp8_Br_cAMPS_AM10	Drg350
pRII_Microscopy	model1_data49	model1_data53	1878.64254087962	40	s_pRII_JI09_150330_Drg350_348_CycNuc	s_pRII_JI09_150330_Drg350_348_CycNuc	JI09_150330_Drg350_348_CycNuc	JI09_150330_Drg350_348_CycNuc__Sp8_Br_cAMPS_AM10	Drg350
pRII_Microscopy	model1_data49	model1_data53	1881.56833472886	70	s_pRII_JI09_150330_Drg350_348_CycNuc	s_pRII_JI09_150330_Drg350_348_CycNuc	JI09_150330_Drg350_348_CycNuc	JI09_150330_Drg350_348_CycNuc__Sp8_Br_cAMPS_AM10	Drg350
pRII_Microscopy	model1_data49	model1_data53	1811.90767117488	130	s_pRII_JI09_150330_Drg350_348_CycNuc	s_pRII_JI09_150330_Drg350_348_CycNuc	JI09_150330_Drg350_348_CycNuc	JI09_150330_Drg350_348_CycNuc__Sp8_Br_cAMPS_AM10	Drg350
pRII_Microscopy	model1_data49	model1_data54	989.04956172629	35	s_pRII_JI09_150330_Drg353_351_CycNuc	s_pRII_JI09_150330_Drg353_351_CycNuc	JI09_150330_Drg353_351_CycNuc	JI09_150330_Drg353_351_CycNuc__4_ABnOH_and_ctrl	Drg353
pRII_Microscopy	model1_data49	model1_data54	929.353922786699	35	s_pRII_JI09_150330_Drg353_351_CycNuc	s_pRII_JI09_150330_Drg353_351_CycNuc	JI09_150330_Drg353_351_CycNuc	JI09_150330_Drg353_351_CycNuc__4_ABnOH_and_ctrl	Drg353
pRII_Microscopy	model1_data49	model1_data54	933.994298429948	35	s_pRII_JI09_150330_Drg353_351_CycNuc	s_pRII_JI09_150330_Drg353_351_CycNuc	JI09_150330_Drg353_351_CycNuc	JI09_150330_Drg353_351_CycNuc__4_ABnOH_and_ctrl	Drg353
pRII_Microscopy	model1_data49	model1_data55	1052.80210095817	35	s_pRII_JI09_150330_Drg353_351_CycNuc	s_pRII_JI09_150330_Drg353_351_CycNuc	JI09_150330_Drg353_351_CycNuc	JI09_150330_Drg353_351_CycNuc__4_ABnOH_and_ctrl	Drg353
pRII_Microscopy	model1_data49	model1_data55	1002.59963835694	35	s_pRII_JI09_150330_Drg353_351_CycNuc	s_pRII_JI09_150330_Drg353_351_CycNuc	JI09_150330_Drg353_351_CycNuc	JI09_150330_Drg353_351_CycNuc__4_ABnOH_and_ctrl	Drg353
pRII_Microscopy	model1_data49	model1_data55	958.316908404817	35	s_pRII_JI09_150330_Drg353_351_CycNuc	s_pRII_JI09_150330_Drg353_351_CycNuc	JI09_150330_Drg353_351_CycNuc	JI09_150330_Drg353_351_CycNuc__4_ABnOH_and_ctrl	Drg353
pRII_Microscopy	model1_data49	model1_data56	991.090358570497	35	s_pRII_JI09_150330_Drg353_351_CycNuc	s_pRII_JI09_150330_Drg353_351_CycNuc	JI09_150330_Drg353_351_CycNuc	JI09_150330_Drg353_351_CycNuc__4_ABnOH_and_ctrl	Drg353
pRII_Microscopy	model1_data49	model1_data56	975.789128966817	35	s_pRII_JI09_150330_Drg353_351_CycNuc	s_pRII_JI09_150330_Drg353_351_CycNuc	JI09_150330_Drg353_351_CycNuc	JI09_150330_Drg353_351_CycNuc__4_ABnOH_and_ctrl	Drg353
pRII_Microscopy	model1_data49	model1_data56	1007.41310858521	35	s_pRII_JI09_150330_Drg353_351_CycNuc	s_pRII_JI09_150330_Drg353_351_CycNuc	JI09_150330_Drg353_351_CycNuc	JI09_150330_Drg353_351_CycNuc__4_ABnOH_and_ctrl	Drg353
pRII_Microscopy	model1_data49	model1_data57	982.940518237059	35	s_pRII_JI09_150330_Drg353_351_CycNuc	s_pRII_JI09_150330_Drg353_351_CycNuc	JI09_150330_Drg353_351_CycNuc	JI09_150330_Drg353_351_CycNuc__4_ABnOH_and_ctrl	Drg353
pRII_Microscopy	model1_data49	model1_data57	1005.67695240796	35	s_pRII_JI09_150330_Drg353_351_CycNuc	s_pRII_JI09_150330_Drg353_351_CycNuc	JI09_150330_Drg353_351_CycNuc	JI09_150330_Drg353_351_CycNuc__4_ABnOH_and_ctrl	Drg353
pRII_Microscopy	model1_data49	model1_data57	952.556306654684	35	s_pRII_JI09_150330_Drg353_351_CycNuc	s_pRII_JI09_150330_Drg353_351_CycNuc	JI09_150330_Drg353_351_CycNuc	JI09_150330_Drg353_351_CycNuc__4_ABnOH_and_ctrl	Drg353
pRII_Microscopy	model1_data49	model1_data58	984.558141228161	35	s_pRII_JI09_150330_Drg353_351_CycNuc	s_pRII_JI09_150330_Drg353_351_CycNuc	JI09_150330_Drg353_351_CycNuc	JI09_150330_Drg353_351_CycNuc__4_ABnOH_and_ctrl	Drg353
pRII_Microscopy	model1_data49	model1_data58	1034.7894669079	35	s_pRII_JI09_150330_Drg353_351_CycNuc	s_pRII_JI09_150330_Drg353_351_CycNuc	JI09_150330_Drg353_351_CycNuc	JI09_150330_Drg353_351_CycNuc__4_ABnOH_and_ctrl	Drg353
pRII_Microscopy	model1_data49	model1_data58	1021.12761168471	35	s_pRII_JI09_150330_Drg353_351_CycNuc	s_pRII_JI09_150330_Drg353_351_CycNuc	JI09_150330_Drg353_351_CycNuc	JI09_150330_Drg353_351_CycNuc__4_ABnOH_and_ctrl	Drg353
pRII_Microscopy	model1_data49	model1_data59	1025.36787654666	35	s_pRII_JI09_150330_Drg353_351_CycNuc	s_pRII_JI09_150330_Drg353_351_CycNuc	JI09_150330_Drg353_351_CycNuc	JI09_150330_Drg353_351_CycNuc__4_ABnOH_and_ctrl	Drg353
pRII_Microscopy	model1_data49	model1_data59	978.669019317798	35	s_pRII_JI09_150330_Drg353_351_CycNuc	s_pRII_JI09_150330_Drg353_351_CycNuc	JI09_150330_Drg353_351_CycNuc	JI09_150330_Drg353_351_CycNuc__4_ABnOH_and_ctrl	Drg353
pRII_Microscopy	model1_data49	model1_data59	973.098820252486	35	s_pRII_JI09_150330_Drg353_351_CycNuc	s_pRII_JI09_150330_Drg353_351_CycNuc	JI09_150330_Drg353_351_CycNuc	JI09_150330_Drg353_351_CycNuc__4_ABnOH_and_ctrl	Drg353
pRII_Microscopy	model1_data49	model1_data60	964.500920248949	35	s_pRII_JI09_150330_Drg353_351_CycNuc	s_pRII_JI09_150330_Drg353_351_CycNuc	JI09_150330_Drg353_351_CycNuc	JI09_150330_Drg353_351_CycNuc__4_ABnOH_and_ctrl	Drg353
pRII_Microscopy	model1_data49	model1_data60	1088.59465028494	35	s_pRII_JI09_150330_Drg353_351_CycNuc	s_pRII_JI09_150330_Drg353_351_CycNuc	JI09_150330_Drg353_351_CycNuc	JI09_150330_Drg353_351_CycNuc__4_ABnOH_and_ctrl	Drg353
pRII_Microscopy	model1_data49	model1_data60	1181.83541392481	35	s_pRII_JI09_150330_Drg353_351_CycNuc	s_pRII_JI09_150330_Drg353_351_CycNuc	JI09_150330_Drg353_351_CycNuc	JI09_150330_Drg353_351_CycNuc__4_ABnOH_and_ctrl	Drg353
pRII_Microscopy	model1_data49	model1_data61	931.742007398656	35	s_pRII_JI09_150330_Drg353_351_CycNuc	s_pRII_JI09_150330_Drg353_351_CycNuc	JI09_150330_Drg353_351_CycNuc	JI09_150330_Drg353_351_CycNuc__Rp8_Br_cAMPS_pAB_and_ctrl	Drg353
pRII_Microscopy	model1_data49	model1_data61	998.362679050946	35	s_pRII_JI09_150330_Drg353_351_CycNuc	s_pRII_JI09_150330_Drg353_351_CycNuc	JI09_150330_Drg353_351_CycNuc	JI09_150330_Drg353_351_CycNuc__Rp8_Br_cAMPS_pAB_and_ctrl	Drg353
pRII_Microscopy	model1_data49	model1_data61	931.997063749493	35	s_pRII_JI09_150330_Drg353_351_CycNuc	s_pRII_JI09_150330_Drg353_351_CycNuc	JI09_150330_Drg353_351_CycNuc	JI09_150330_Drg353_351_CycNuc__Rp8_Br_cAMPS_pAB_and_ctrl	Drg353
pRII_Microscopy	model1_data49	model1_data62	977.107632534724	35	s_pRII_JI09_150330_Drg353_351_CycNuc	s_pRII_JI09_150330_Drg353_351_CycNuc	JI09_150330_Drg353_351_CycNuc	JI09_150330_Drg353_351_CycNuc__Rp8_Br_cAMPS_pAB_and_ctrl	Drg353
pRII_Microscopy	model1_data49	model1_data62	981.335256671649	35	s_pRII_JI09_150330_Drg353_351_CycNuc	s_pRII_JI09_150330_Drg353_351_CycNuc	JI09_150330_Drg353_351_CycNuc	JI09_150330_Drg353_351_CycNuc__Rp8_Br_cAMPS_pAB_and_ctrl	Drg353
pRII_Microscopy	model1_data49	model1_data62	928.39760125092	35	s_pRII_JI09_150330_Drg353_351_CycNuc	s_pRII_JI09_150330_Drg353_351_CycNuc	JI09_150330_Drg353_351_CycNuc	JI09_150330_Drg353_351_CycNuc__Rp8_Br_cAMPS_pAB_and_ctrl	Drg353
pRII_Microscopy	model1_data49	model1_data63	930.510597608188	35	s_pRII_JI09_150330_Drg353_351_CycNuc	s_pRII_JI09_150330_Drg353_351_CycNuc	JI09_150330_Drg353_351_CycNuc	JI09_150330_Drg353_351_CycNuc__Rp8_Br_cAMPS_pAB_and_ctrl	Drg353
pRII_Microscopy	model1_data49	model1_data63	975.490356939075	35	s_pRII_JI09_150330_Drg353_351_CycNuc	s_pRII_JI09_150330_Drg353_351_CycNuc	JI09_150330_Drg353_351_CycNuc	JI09_150330_Drg353_351_CycNuc__Rp8_Br_cAMPS_pAB_and_ctrl	Drg353
pRII_Microscopy	model1_data49	model1_data63	939.694044142794	35	s_pRII_JI09_150330_Drg353_351_CycNuc	s_pRII_JI09_150330_Drg353_351_CycNuc	JI09_150330_Drg353_351_CycNuc	JI09_150330_Drg353_351_CycNuc__Rp8_Br_cAMPS_pAB_and_ctrl	Drg353
pRII_Microscopy	model1_data49	model1_data64	924.573127369375	35	s_pRII_JI09_150330_Drg353_351_CycNuc	s_pRII_JI09_150330_Drg353_351_CycNuc	JI09_150330_Drg353_351_CycNuc	JI09_150330_Drg353_351_CycNuc__Rp8_Br_cAMPS_pAB_and_ctrl	Drg353
pRII_Microscopy	model1_data49	model1_data64	950.080378283845	35	s_pRII_JI09_150330_Drg353_351_CycNuc	s_pRII_JI09_150330_Drg353_351_CycNuc	JI09_150330_Drg353_351_CycNuc	JI09_150330_Drg353_351_CycNuc__Rp8_Br_cAMPS_pAB_and_ctrl	Drg353
pRII_Microscopy	model1_data49	model1_data64	926.158001709152	35	s_pRII_JI09_150330_Drg353_351_CycNuc	s_pRII_JI09_150330_Drg353_351_CycNuc	JI09_150330_Drg353_351_CycNuc	JI09_150330_Drg353_351_CycNuc__Rp8_Br_cAMPS_pAB_and_ctrl	Drg353
pRII_Microscopy	model1_data49	model1_data65	872.122955921402	35	s_pRII_JI09_150330_Drg353_351_CycNuc	s_pRII_JI09_150330_Drg353_351_CycNuc	JI09_150330_Drg353_351_CycNuc	JI09_150330_Drg353_351_CycNuc__Rp8_Br_cAMPS_pAB_and_ctrl	Drg353
pRII_Microscopy	model1_data49	model1_data65	960.592291851363	35	s_pRII_JI09_150330_Drg353_351_CycNuc	s_pRII_JI09_150330_Drg353_351_CycNuc	JI09_150330_Drg353_351_CycNuc	JI09_150330_Drg353_351_CycNuc__Rp8_Br_cAMPS_pAB_and_ctrl	Drg353
pRII_Microscopy	model1_data49	model1_data65	841.163503442647	35	s_pRII_JI09_150330_Drg353_351_CycNuc	s_pRII_JI09_150330_Drg353_351_CycNuc	JI09_150330_Drg353_351_CycNuc	JI09_150330_Drg353_351_CycNuc__Rp8_Br_cAMPS_pAB_and_ctrl	Drg353
pRII_Microscopy	model1_data49	model1_data66	941.861970745314	35	s_pRII_JI09_150330_Drg353_351_CycNuc	s_pRII_JI09_150330_Drg353_351_CycNuc	JI09_150330_Drg353_351_CycNuc	JI09_150330_Drg353_351_CycNuc__Rp8_Br_cAMPS_pAB_and_ctrl	Drg353
pRII_Microscopy	model1_data49	model1_data66	911.323997825711	35	s_pRII_JI09_150330_Drg353_351_CycNuc	s_pRII_JI09_150330_Drg353_351_CycNuc	JI09_150330_Drg353_351_CycNuc	JI09_150330_Drg353_351_CycNuc__Rp8_Br_cAMPS_pAB_and_ctrl	Drg353
pRII_Microscopy	model1_data49	model1_data66	866.067189932954	35	s_pRII_JI09_150330_Drg353_351_CycNuc	s_pRII_JI09_150330_Drg353_351_CycNuc	JI09_150330_Drg353_351_CycNuc	JI09_150330_Drg353_351_CycNuc__Rp8_Br_cAMPS_pAB_and_ctrl	Drg353
pRII_Microscopy	model1_data49	model1_data67	697.714185308708	35	s_pRII_JI09_150330_Drg353_351_CycNuc	s_pRII_JI09_150330_Drg353_351_CycNuc	JI09_150330_Drg353_351_CycNuc	JI09_150330_Drg353_351_CycNuc__Rp8_Br_cAMPS_pAB_and_ctrl	Drg353
pRII_Microscopy	model1_data49	model1_data67	848.035179131218	35	s_pRII_JI09_150330_Drg353_351_CycNuc	s_pRII_JI09_150330_Drg353_351_CycNuc	JI09_150330_Drg353_351_CycNuc	JI09_150330_Drg353_351_CycNuc__Rp8_Br_cAMPS_pAB_and_ctrl	Drg353
pRII_Microscopy	model1_data49	model1_data67	866.368911599508	35	s_pRII_JI09_150330_Drg353_351_CycNuc	s_pRII_JI09_150330_Drg353_351_CycNuc	JI09_150330_Drg353_351_CycNuc	JI09_150330_Drg353_351_CycNuc__Rp8_Br_cAMPS_pAB_and_ctrl	Drg353
pRII_Microscopy	model1_data49	model1_data68	940.126660517311	35	s_pRII_JI09_150330_Drg353_351_CycNuc	s_pRII_JI09_150330_Drg353_351_CycNuc	JI09_150330_Drg353_351_CycNuc	JI09_150330_Drg353_351_CycNuc__Rp8_pCPT_cAMPS_pAB_and_ctrl	Drg353
pRII_Microscopy	model1_data49	model1_data68	996.078263916191	35	s_pRII_JI09_150330_Drg353_351_CycNuc	s_pRII_JI09_150330_Drg353_351_CycNuc	JI09_150330_Drg353_351_CycNuc	JI09_150330_Drg353_351_CycNuc__Rp8_pCPT_cAMPS_pAB_and_ctrl	Drg353
pRII_Microscopy	model1_data49	model1_data68	942.003140747001	35	s_pRII_JI09_150330_Drg353_351_CycNuc	s_pRII_JI09_150330_Drg353_351_CycNuc	JI09_150330_Drg353_351_CycNuc	JI09_150330_Drg353_351_CycNuc__Rp8_pCPT_cAMPS_pAB_and_ctrl	Drg353
pRII_Microscopy	model1_data49	model1_data69	1000.43554820473	35	s_pRII_JI09_150330_Drg353_351_CycNuc	s_pRII_JI09_150330_Drg353_351_CycNuc	JI09_150330_Drg353_351_CycNuc	JI09_150330_Drg353_351_CycNuc__Rp8_pCPT_cAMPS_pAB_and_ctrl	Drg353
pRII_Microscopy	model1_data49	model1_data69	1012.2904906068	35	s_pRII_JI09_150330_Drg353_351_CycNuc	s_pRII_JI09_150330_Drg353_351_CycNuc	JI09_150330_Drg353_351_CycNuc	JI09_150330_Drg353_351_CycNuc__Rp8_pCPT_cAMPS_pAB_and_ctrl	Drg353
pRII_Microscopy	model1_data49	model1_data69	954.508951010738	35	s_pRII_JI09_150330_Drg353_351_CycNuc	s_pRII_JI09_150330_Drg353_351_CycNuc	JI09_150330_Drg353_351_CycNuc	JI09_150330_Drg353_351_CycNuc__Rp8_pCPT_cAMPS_pAB_and_ctrl	Drg353
pRII_Microscopy	model1_data49	model1_data70	1012.41772782959	35	s_pRII_JI09_150330_Drg353_351_CycNuc	s_pRII_JI09_150330_Drg353_351_CycNuc	JI09_150330_Drg353_351_CycNuc	JI09_150330_Drg353_351_CycNuc__Rp8_pCPT_cAMPS_pAB_and_ctrl	Drg353
pRII_Microscopy	model1_data49	model1_data70	994.411836195198	35	s_pRII_JI09_150330_Drg353_351_CycNuc	s_pRII_JI09_150330_Drg353_351_CycNuc	JI09_150330_Drg353_351_CycNuc	JI09_150330_Drg353_351_CycNuc__Rp8_pCPT_cAMPS_pAB_and_ctrl	Drg353
pRII_Microscopy	model1_data49	model1_data70	936.568660980468	35	s_pRII_JI09_150330_Drg353_351_CycNuc	s_pRII_JI09_150330_Drg353_351_CycNuc	JI09_150330_Drg353_351_CycNuc	JI09_150330_Drg353_351_CycNuc__Rp8_pCPT_cAMPS_pAB_and_ctrl	Drg353
pRII_Microscopy	model1_data49	model1_data71	1042.07287507799	35	s_pRII_JI09_150330_Drg353_351_CycNuc	s_pRII_JI09_150330_Drg353_351_CycNuc	JI09_150330_Drg353_351_CycNuc	JI09_150330_Drg353_351_CycNuc__Rp8_pCPT_cAMPS_pAB_and_ctrl	Drg353
pRII_Microscopy	model1_data49	model1_data71	1017.28775166776	35	s_pRII_JI09_150330_Drg353_351_CycNuc	s_pRII_JI09_150330_Drg353_351_CycNuc	JI09_150330_Drg353_351_CycNuc	JI09_150330_Drg353_351_CycNuc__Rp8_pCPT_cAMPS_pAB_and_ctrl	Drg353
pRII_Microscopy	model1_data49	model1_data71	986.618718221211	35	s_pRII_JI09_150330_Drg353_351_CycNuc	s_pRII_JI09_150330_Drg353_351_CycNuc	JI09_150330_Drg353_351_CycNuc	JI09_150330_Drg353_351_CycNuc__Rp8_pCPT_cAMPS_pAB_and_ctrl	Drg353
pRII_Microscopy	model1_data49	model1_data72	954.011792947954	35	s_pRII_JI09_150330_Drg353_351_CycNuc	s_pRII_JI09_150330_Drg353_351_CycNuc	JI09_150330_Drg353_351_CycNuc	JI09_150330_Drg353_351_CycNuc__Rp8_pCPT_cAMPS_pAB_and_ctrl	Drg353
pRII_Microscopy	model1_data49	model1_data72	1043.51018543909	35	s_pRII_JI09_150330_Drg353_351_CycNuc	s_pRII_JI09_150330_Drg353_351_CycNuc	JI09_150330_Drg353_351_CycNuc	JI09_150330_Drg353_351_CycNuc__Rp8_pCPT_cAMPS_pAB_and_ctrl	Drg353
pRII_Microscopy	model1_data49	model1_data72	936.069812209512	35	s_pRII_JI09_150330_Drg353_351_CycNuc	s_pRII_JI09_150330_Drg353_351_CycNuc	JI09_150330_Drg353_351_CycNuc	JI09_150330_Drg353_351_CycNuc__Rp8_pCPT_cAMPS_pAB_and_ctrl	Drg353
pRII_Microscopy	model1_data49	model1_data73	1044.81327878061	35	s_pRII_JI09_150330_Drg353_351_CycNuc	s_pRII_JI09_150330_Drg353_351_CycNuc	JI09_150330_Drg353_351_CycNuc	JI09_150330_Drg353_351_CycNuc__Rp8_pCPT_cAMPS_pAB_and_ctrl	Drg353
pRII_Microscopy	model1_data49	model1_data73	1049.25645655164	35	s_pRII_JI09_150330_Drg353_351_CycNuc	s_pRII_JI09_150330_Drg353_351_CycNuc	JI09_150330_Drg353_351_CycNuc	JI09_150330_Drg353_351_CycNuc__Rp8_pCPT_cAMPS_pAB_and_ctrl	Drg353
pRII_Microscopy	model1_data49	model1_data73	1010.29433817272	35	s_pRII_JI09_150330_Drg353_351_CycNuc	s_pRII_JI09_150330_Drg353_351_CycNuc	JI09_150330_Drg353_351_CycNuc	JI09_150330_Drg353_351_CycNuc__Rp8_pCPT_cAMPS_pAB_and_ctrl	Drg353
pRII_Microscopy	model1_data49	model1_data74	704.499398354985	35	s_pRII_JI09_150330_Drg353_351_CycNuc	s_pRII_JI09_150330_Drg353_351_CycNuc	JI09_150330_Drg353_351_CycNuc	JI09_150330_Drg353_351_CycNuc__Rp8_pCPT_cAMPS_pAB_and_ctrl	Drg353
pRII_Microscopy	model1_data49	model1_data74	891.965717357215	35	s_pRII_JI09_150330_Drg353_351_CycNuc	s_pRII_JI09_150330_Drg353_351_CycNuc	JI09_150330_Drg353_351_CycNuc	JI09_150330_Drg353_351_CycNuc__Rp8_pCPT_cAMPS_pAB_and_ctrl	Drg353
pRII_Microscopy	model1_data49	model1_data74	974.084727461439	35	s_pRII_JI09_150330_Drg353_351_CycNuc	s_pRII_JI09_150330_Drg353_351_CycNuc	JI09_150330_Drg353_351_CycNuc	JI09_150330_Drg353_351_CycNuc__Rp8_pCPT_cAMPS_pAB_and_ctrl	Drg353
pRII_Microscopy	model1_data49	model1_data75	956.672338434746	35	s_pRII_JI09_150330_Drg353_351_CycNuc	s_pRII_JI09_150330_Drg353_351_CycNuc	JI09_150330_Drg353_351_CycNuc	JI09_150330_Drg353_351_CycNuc__Rp_cAMPS_pAB_and_ctrl	Drg353
pRII_Microscopy	model1_data49	model1_data75	999.479394700554	35	s_pRII_JI09_150330_Drg353_351_CycNuc	s_pRII_JI09_150330_Drg353_351_CycNuc	JI09_150330_Drg353_351_CycNuc	JI09_150330_Drg353_351_CycNuc__Rp_cAMPS_pAB_and_ctrl	Drg353
pRII_Microscopy	model1_data49	model1_data75	979.415809576035	35	s_pRII_JI09_150330_Drg353_351_CycNuc	s_pRII_JI09_150330_Drg353_351_CycNuc	JI09_150330_Drg353_351_CycNuc	JI09_150330_Drg353_351_CycNuc__Rp_cAMPS_pAB_and_ctrl	Drg353
pRII_Microscopy	model1_data49	model1_data76	966.73218533555	35	s_pRII_JI09_150330_Drg353_351_CycNuc	s_pRII_JI09_150330_Drg353_351_CycNuc	JI09_150330_Drg353_351_CycNuc	JI09_150330_Drg353_351_CycNuc__Rp_cAMPS_pAB_and_ctrl	Drg353
pRII_Microscopy	model1_data49	model1_data76	1008.75457667138	35	s_pRII_JI09_150330_Drg353_351_CycNuc	s_pRII_JI09_150330_Drg353_351_CycNuc	JI09_150330_Drg353_351_CycNuc	JI09_150330_Drg353_351_CycNuc__Rp_cAMPS_pAB_and_ctrl	Drg353
pRII_Microscopy	model1_data49	model1_data76	915.123832457111	35	s_pRII_JI09_150330_Drg353_351_CycNuc	s_pRII_JI09_150330_Drg353_351_CycNuc	JI09_150330_Drg353_351_CycNuc	JI09_150330_Drg353_351_CycNuc__Rp_cAMPS_pAB_and_ctrl	Drg353
pRII_Microscopy	model1_data49	model1_data77	969.264025812279	35	s_pRII_JI09_150330_Drg353_351_CycNuc	s_pRII_JI09_150330_Drg353_351_CycNuc	JI09_150330_Drg353_351_CycNuc	JI09_150330_Drg353_351_CycNuc__Rp_cAMPS_pAB_and_ctrl	Drg353
pRII_Microscopy	model1_data49	model1_data77	936.100264166698	35	s_pRII_JI09_150330_Drg353_351_CycNuc	s_pRII_JI09_150330_Drg353_351_CycNuc	JI09_150330_Drg353_351_CycNuc	JI09_150330_Drg353_351_CycNuc__Rp_cAMPS_pAB_and_ctrl	Drg353
pRII_Microscopy	model1_data49	model1_data77	968.608075603171	35	s_pRII_JI09_150330_Drg353_351_CycNuc	s_pRII_JI09_150330_Drg353_351_CycNuc	JI09_150330_Drg353_351_CycNuc	JI09_150330_Drg353_351_CycNuc__Rp_cAMPS_pAB_and_ctrl	Drg353
pRII_Microscopy	model1_data49	model1_data78	883.469633549896	35	s_pRII_JI09_150330_Drg353_351_CycNuc	s_pRII_JI09_150330_Drg353_351_CycNuc	JI09_150330_Drg353_351_CycNuc	JI09_150330_Drg353_351_CycNuc__Rp_cAMPS_pAB_and_ctrl	Drg353
pRII_Microscopy	model1_data49	model1_data78	909.43624182519	35	s_pRII_JI09_150330_Drg353_351_CycNuc	s_pRII_JI09_150330_Drg353_351_CycNuc	JI09_150330_Drg353_351_CycNuc	JI09_150330_Drg353_351_CycNuc__Rp_cAMPS_pAB_and_ctrl	Drg353
pRII_Microscopy	model1_data49	model1_data78	927.64717255043	35	s_pRII_JI09_150330_Drg353_351_CycNuc	s_pRII_JI09_150330_Drg353_351_CycNuc	JI09_150330_Drg353_351_CycNuc	JI09_150330_Drg353_351_CycNuc__Rp_cAMPS_pAB_and_ctrl	Drg353
pRII_Microscopy	model1_data49	model1_data79	906.459532906084	35	s_pRII_JI09_150330_Drg353_351_CycNuc	s_pRII_JI09_150330_Drg353_351_CycNuc	JI09_150330_Drg353_351_CycNuc	JI09_150330_Drg353_351_CycNuc__Rp_cAMPS_pAB_and_ctrl	Drg353
pRII_Microscopy	model1_data49	model1_data79	1021.19441703927	35	s_pRII_JI09_150330_Drg353_351_CycNuc	s_pRII_JI09_150330_Drg353_351_CycNuc	JI09_150330_Drg353_351_CycNuc	JI09_150330_Drg353_351_CycNuc__Rp_cAMPS_pAB_and_ctrl	Drg353
pRII_Microscopy	model1_data49	model1_data79	946.055592251967	35	s_pRII_JI09_150330_Drg353_351_CycNuc	s_pRII_JI09_150330_Drg353_351_CycNuc	JI09_150330_Drg353_351_CycNuc	JI09_150330_Drg353_351_CycNuc__Rp_cAMPS_pAB_and_ctrl	Drg353
pRII_Microscopy	model1_data49	model1_data80	901.924209644903	35	s_pRII_JI09_150330_Drg353_351_CycNuc	s_pRII_JI09_150330_Drg353_351_CycNuc	JI09_150330_Drg353_351_CycNuc	JI09_150330_Drg353_351_CycNuc__Rp_cAMPS_pAB_and_ctrl	Drg353
pRII_Microscopy	model1_data49	model1_data80	902.852081721305	35	s_pRII_JI09_150330_Drg353_351_CycNuc	s_pRII_JI09_150330_Drg353_351_CycNuc	JI09_150330_Drg353_351_CycNuc	JI09_150330_Drg353_351_CycNuc__Rp_cAMPS_pAB_and_ctrl	Drg353
pRII_Microscopy	model1_data49	model1_data80	952.929040954249	35	s_pRII_JI09_150330_Drg353_351_CycNuc	s_pRII_JI09_150330_Drg353_351_CycNuc	JI09_150330_Drg353_351_CycNuc	JI09_150330_Drg353_351_CycNuc__Rp_cAMPS_pAB_and_ctrl	Drg353
pRII_Microscopy	model1_data49	model1_data81	937.257245038578	35	s_pRII_JI09_150330_Drg353_351_CycNuc	s_pRII_JI09_150330_Drg353_351_CycNuc	JI09_150330_Drg353_351_CycNuc	JI09_150330_Drg353_351_CycNuc__Rp_cAMPS_pAB_and_ctrl	Drg353
pRII_Microscopy	model1_data49	model1_data81	960.07894975606	35	s_pRII_JI09_150330_Drg353_351_CycNuc	s_pRII_JI09_150330_Drg353_351_CycNuc	JI09_150330_Drg353_351_CycNuc	JI09_150330_Drg353_351_CycNuc__Rp_cAMPS_pAB_and_ctrl	Drg353
pRII_Microscopy	model1_data49	model1_data81	1024.72737362604	35	s_pRII_JI09_150330_Drg353_351_CycNuc	s_pRII_JI09_150330_Drg353_351_CycNuc	JI09_150330_Drg353_351_CycNuc	JI09_150330_Drg353_351_CycNuc__Rp_cAMPS_pAB_and_ctrl	Drg353
pRII_Microscopy	model1_data49	model1_data82	1626.67382727075	35	s_pRII_JI09_150330_Drg353_351_CycNuc	s_pRII_JI09_150330_Drg353_351_CycNuc	JI09_150330_Drg353_351_CycNuc	JI09_150330_Drg353_351_CycNuc__4_ABnOH_and_Fsk	Drg353
pRII_Microscopy	model1_data49	model1_data82	1667.272507564	35	s_pRII_JI09_150330_Drg353_351_CycNuc	s_pRII_JI09_150330_Drg353_351_CycNuc	JI09_150330_Drg353_351_CycNuc	JI09_150330_Drg353_351_CycNuc__4_ABnOH_and_Fsk	Drg353
pRII_Microscopy	model1_data49	model1_data82	1599.14128777263	35	s_pRII_JI09_150330_Drg353_351_CycNuc	s_pRII_JI09_150330_Drg353_351_CycNuc	JI09_150330_Drg353_351_CycNuc	JI09_150330_Drg353_351_CycNuc__4_ABnOH_and_Fsk	Drg353
pRII_Microscopy	model1_data49	model1_data83	1672.65867308583	35	s_pRII_JI09_150330_Drg353_351_CycNuc	s_pRII_JI09_150330_Drg353_351_CycNuc	JI09_150330_Drg353_351_CycNuc	JI09_150330_Drg353_351_CycNuc__4_ABnOH_and_Fsk	Drg353
pRII_Microscopy	model1_data49	model1_data83	1662.30175611736	35	s_pRII_JI09_150330_Drg353_351_CycNuc	s_pRII_JI09_150330_Drg353_351_CycNuc	JI09_150330_Drg353_351_CycNuc	JI09_150330_Drg353_351_CycNuc__4_ABnOH_and_Fsk	Drg353
pRII_Microscopy	model1_data49	model1_data83	1569.83828939883	35	s_pRII_JI09_150330_Drg353_351_CycNuc	s_pRII_JI09_150330_Drg353_351_CycNuc	JI09_150330_Drg353_351_CycNuc	JI09_150330_Drg353_351_CycNuc__4_ABnOH_and_Fsk	Drg353
pRII_Microscopy	model1_data49	model1_data84	1705.38397393937	35	s_pRII_JI09_150330_Drg353_351_CycNuc	s_pRII_JI09_150330_Drg353_351_CycNuc	JI09_150330_Drg353_351_CycNuc	JI09_150330_Drg353_351_CycNuc__4_ABnOH_and_Fsk	Drg353
pRII_Microscopy	model1_data49	model1_data84	1697.80972332585	35	s_pRII_JI09_150330_Drg353_351_CycNuc	s_pRII_JI09_150330_Drg353_351_CycNuc	JI09_150330_Drg353_351_CycNuc	JI09_150330_Drg353_351_CycNuc__4_ABnOH_and_Fsk	Drg353
pRII_Microscopy	model1_data49	model1_data84	1571.70570904866	35	s_pRII_JI09_150330_Drg353_351_CycNuc	s_pRII_JI09_150330_Drg353_351_CycNuc	JI09_150330_Drg353_351_CycNuc	JI09_150330_Drg353_351_CycNuc__4_ABnOH_and_Fsk	Drg353
pRII_Microscopy	model1_data49	model1_data85	1663.33804995981	35	s_pRII_JI09_150330_Drg353_351_CycNuc	s_pRII_JI09_150330_Drg353_351_CycNuc	JI09_150330_Drg353_351_CycNuc	JI09_150330_Drg353_351_CycNuc__4_ABnOH_and_Fsk	Drg353
pRII_Microscopy	model1_data49	model1_data85	1648.11363281126	35	s_pRII_JI09_150330_Drg353_351_CycNuc	s_pRII_JI09_150330_Drg353_351_CycNuc	JI09_150330_Drg353_351_CycNuc	JI09_150330_Drg353_351_CycNuc__4_ABnOH_and_Fsk	Drg353
pRII_Microscopy	model1_data49	model1_data85	1577.8729706077	35	s_pRII_JI09_150330_Drg353_351_CycNuc	s_pRII_JI09_150330_Drg353_351_CycNuc	JI09_150330_Drg353_351_CycNuc	JI09_150330_Drg353_351_CycNuc__4_ABnOH_and_Fsk	Drg353
pRII_Microscopy	model1_data49	model1_data86	1643.62068507888	35	s_pRII_JI09_150330_Drg353_351_CycNuc	s_pRII_JI09_150330_Drg353_351_CycNuc	JI09_150330_Drg353_351_CycNuc	JI09_150330_Drg353_351_CycNuc__4_ABnOH_and_Fsk	Drg353
pRII_Microscopy	model1_data49	model1_data86	1637.63925754059	35	s_pRII_JI09_150330_Drg353_351_CycNuc	s_pRII_JI09_150330_Drg353_351_CycNuc	JI09_150330_Drg353_351_CycNuc	JI09_150330_Drg353_351_CycNuc__4_ABnOH_and_Fsk	Drg353
pRII_Microscopy	model1_data49	model1_data86	1532.0265100672	35	s_pRII_JI09_150330_Drg353_351_CycNuc	s_pRII_JI09_150330_Drg353_351_CycNuc	JI09_150330_Drg353_351_CycNuc	JI09_150330_Drg353_351_CycNuc__4_ABnOH_and_Fsk	Drg353
pRII_Microscopy	model1_data49	model1_data87	1795.33771603692	35	s_pRII_JI09_150330_Drg353_351_CycNuc	s_pRII_JI09_150330_Drg353_351_CycNuc	JI09_150330_Drg353_351_CycNuc	JI09_150330_Drg353_351_CycNuc__4_ABnOH_and_Fsk	Drg353
pRII_Microscopy	model1_data49	model1_data87	1683.60282677288	35	s_pRII_JI09_150330_Drg353_351_CycNuc	s_pRII_JI09_150330_Drg353_351_CycNuc	JI09_150330_Drg353_351_CycNuc	JI09_150330_Drg353_351_CycNuc__4_ABnOH_and_Fsk	Drg353
pRII_Microscopy	model1_data49	model1_data87	1586.70739666837	35	s_pRII_JI09_150330_Drg353_351_CycNuc	s_pRII_JI09_150330_Drg353_351_CycNuc	JI09_150330_Drg353_351_CycNuc	JI09_150330_Drg353_351_CycNuc__4_ABnOH_and_Fsk	Drg353
pRII_Microscopy	model1_data49	model1_data88	1665.28750475271	35	s_pRII_JI09_150330_Drg353_351_CycNuc	s_pRII_JI09_150330_Drg353_351_CycNuc	JI09_150330_Drg353_351_CycNuc	JI09_150330_Drg353_351_CycNuc__4_ABnOH_and_Fsk	Drg353
pRII_Microscopy	model1_data49	model1_data88	1672.67837593101	35	s_pRII_JI09_150330_Drg353_351_CycNuc	s_pRII_JI09_150330_Drg353_351_CycNuc	JI09_150330_Drg353_351_CycNuc	JI09_150330_Drg353_351_CycNuc__4_ABnOH_and_Fsk	Drg353
pRII_Microscopy	model1_data49	model1_data88	1549.00414640242	35	s_pRII_JI09_150330_Drg353_351_CycNuc	s_pRII_JI09_150330_Drg353_351_CycNuc	JI09_150330_Drg353_351_CycNuc	JI09_150330_Drg353_351_CycNuc__4_ABnOH_and_Fsk	Drg353
pRII_Microscopy	model1_data49	model1_data89	1676.50629619478	35	s_pRII_JI09_150330_Drg353_351_CycNuc	s_pRII_JI09_150330_Drg353_351_CycNuc	JI09_150330_Drg353_351_CycNuc	JI09_150330_Drg353_351_CycNuc__Rp8_Br_cAMPS_pAB_and_Fsk	Drg353
pRII_Microscopy	model1_data49	model1_data89	1712.87703641648	35	s_pRII_JI09_150330_Drg353_351_CycNuc	s_pRII_JI09_150330_Drg353_351_CycNuc	JI09_150330_Drg353_351_CycNuc	JI09_150330_Drg353_351_CycNuc__Rp8_Br_cAMPS_pAB_and_Fsk	Drg353
pRII_Microscopy	model1_data49	model1_data89	1685.10178502105	35	s_pRII_JI09_150330_Drg353_351_CycNuc	s_pRII_JI09_150330_Drg353_351_CycNuc	JI09_150330_Drg353_351_CycNuc	JI09_150330_Drg353_351_CycNuc__Rp8_Br_cAMPS_pAB_and_Fsk	Drg353
pRII_Microscopy	model1_data49	model1_data90	1757.8994631815	35	s_pRII_JI09_150330_Drg353_351_CycNuc	s_pRII_JI09_150330_Drg353_351_CycNuc	JI09_150330_Drg353_351_CycNuc	JI09_150330_Drg353_351_CycNuc__Rp8_Br_cAMPS_pAB_and_Fsk	Drg353
pRII_Microscopy	model1_data49	model1_data90	1730.28002970969	35	s_pRII_JI09_150330_Drg353_351_CycNuc	s_pRII_JI09_150330_Drg353_351_CycNuc	JI09_150330_Drg353_351_CycNuc	JI09_150330_Drg353_351_CycNuc__Rp8_Br_cAMPS_pAB_and_Fsk	Drg353
pRII_Microscopy	model1_data49	model1_data90	1495.09767069451	35	s_pRII_JI09_150330_Drg353_351_CycNuc	s_pRII_JI09_150330_Drg353_351_CycNuc	JI09_150330_Drg353_351_CycNuc	JI09_150330_Drg353_351_CycNuc__Rp8_Br_cAMPS_pAB_and_Fsk	Drg353
pRII_Microscopy	model1_data49	model1_data91	1626.04992386665	35	s_pRII_JI09_150330_Drg353_351_CycNuc	s_pRII_JI09_150330_Drg353_351_CycNuc	JI09_150330_Drg353_351_CycNuc	JI09_150330_Drg353_351_CycNuc__Rp8_Br_cAMPS_pAB_and_Fsk	Drg353
pRII_Microscopy	model1_data49	model1_data91	1650.52590538611	35	s_pRII_JI09_150330_Drg353_351_CycNuc	s_pRII_JI09_150330_Drg353_351_CycNuc	JI09_150330_Drg353_351_CycNuc	JI09_150330_Drg353_351_CycNuc__Rp8_Br_cAMPS_pAB_and_Fsk	Drg353
pRII_Microscopy	model1_data49	model1_data91	1555.73079603779	35	s_pRII_JI09_150330_Drg353_351_CycNuc	s_pRII_JI09_150330_Drg353_351_CycNuc	JI09_150330_Drg353_351_CycNuc	JI09_150330_Drg353_351_CycNuc__Rp8_Br_cAMPS_pAB_and_Fsk	Drg353
pRII_Microscopy	model1_data49	model1_data92	1592.02726295112	35	s_pRII_JI09_150330_Drg353_351_CycNuc	s_pRII_JI09_150330_Drg353_351_CycNuc	JI09_150330_Drg353_351_CycNuc	JI09_150330_Drg353_351_CycNuc__Rp8_Br_cAMPS_pAB_and_Fsk	Drg353
pRII_Microscopy	model1_data49	model1_data92	1619.49612410031	35	s_pRII_JI09_150330_Drg353_351_CycNuc	s_pRII_JI09_150330_Drg353_351_CycNuc	JI09_150330_Drg353_351_CycNuc	JI09_150330_Drg353_351_CycNuc__Rp8_Br_cAMPS_pAB_and_Fsk	Drg353
pRII_Microscopy	model1_data49	model1_data92	1505.65028463479	35	s_pRII_JI09_150330_Drg353_351_CycNuc	s_pRII_JI09_150330_Drg353_351_CycNuc	JI09_150330_Drg353_351_CycNuc	JI09_150330_Drg353_351_CycNuc__Rp8_Br_cAMPS_pAB_and_Fsk	Drg353
pRII_Microscopy	model1_data49	model1_data93	1016.49738961307	35	s_pRII_JI09_150330_Drg353_351_CycNuc	s_pRII_JI09_150330_Drg353_351_CycNuc	JI09_150330_Drg353_351_CycNuc	JI09_150330_Drg353_351_CycNuc__Rp8_Br_cAMPS_pAB_and_Fsk	Drg353
pRII_Microscopy	model1_data49	model1_data93	1061.41073705344	35	s_pRII_JI09_150330_Drg353_351_CycNuc	s_pRII_JI09_150330_Drg353_351_CycNuc	JI09_150330_Drg353_351_CycNuc	JI09_150330_Drg353_351_CycNuc__Rp8_Br_cAMPS_pAB_and_Fsk	Drg353
pRII_Microscopy	model1_data49	model1_data93	1072.4926420302	35	s_pRII_JI09_150330_Drg353_351_CycNuc	s_pRII_JI09_150330_Drg353_351_CycNuc	JI09_150330_Drg353_351_CycNuc	JI09_150330_Drg353_351_CycNuc__Rp8_Br_cAMPS_pAB_and_Fsk	Drg353
pRII_Microscopy	model1_data49	model1_data94	1365.2776906635	35	s_pRII_JI09_150330_Drg353_351_CycNuc	s_pRII_JI09_150330_Drg353_351_CycNuc	JI09_150330_Drg353_351_CycNuc	JI09_150330_Drg353_351_CycNuc__Rp8_Br_cAMPS_pAB_and_Fsk	Drg353
pRII_Microscopy	model1_data49	model1_data94	1359.30671110553	35	s_pRII_JI09_150330_Drg353_351_CycNuc	s_pRII_JI09_150330_Drg353_351_CycNuc	JI09_150330_Drg353_351_CycNuc	JI09_150330_Drg353_351_CycNuc__Rp8_Br_cAMPS_pAB_and_Fsk	Drg353
pRII_Microscopy	model1_data49	model1_data94	1330.37485281697	35	s_pRII_JI09_150330_Drg353_351_CycNuc	s_pRII_JI09_150330_Drg353_351_CycNuc	JI09_150330_Drg353_351_CycNuc	JI09_150330_Drg353_351_CycNuc__Rp8_Br_cAMPS_pAB_and_Fsk	Drg353
pRII_Microscopy	model1_data49	model1_data95	676.614461857971	35	s_pRII_JI09_150330_Drg353_351_CycNuc	s_pRII_JI09_150330_Drg353_351_CycNuc	JI09_150330_Drg353_351_CycNuc	JI09_150330_Drg353_351_CycNuc__Rp8_Br_cAMPS_pAB_and_Fsk	Drg353
pRII_Microscopy	model1_data49	model1_data95	743.899180877523	35	s_pRII_JI09_150330_Drg353_351_CycNuc	s_pRII_JI09_150330_Drg353_351_CycNuc	JI09_150330_Drg353_351_CycNuc	JI09_150330_Drg353_351_CycNuc__Rp8_Br_cAMPS_pAB_and_Fsk	Drg353
pRII_Microscopy	model1_data49	model1_data95	826.688305493772	35	s_pRII_JI09_150330_Drg353_351_CycNuc	s_pRII_JI09_150330_Drg353_351_CycNuc	JI09_150330_Drg353_351_CycNuc	JI09_150330_Drg353_351_CycNuc__Rp8_Br_cAMPS_pAB_and_Fsk	Drg353
pRII_Microscopy	model1_data49	model1_data96	1660.53182532242	35	s_pRII_JI09_150330_Drg353_351_CycNuc	s_pRII_JI09_150330_Drg353_351_CycNuc	JI09_150330_Drg353_351_CycNuc	JI09_150330_Drg353_351_CycNuc__Rp8_pCPT_cAMPS_pAB_and_Fsk	Drg353
pRII_Microscopy	model1_data49	model1_data96	1706.52717895296	35	s_pRII_JI09_150330_Drg353_351_CycNuc	s_pRII_JI09_150330_Drg353_351_CycNuc	JI09_150330_Drg353_351_CycNuc	JI09_150330_Drg353_351_CycNuc__Rp8_pCPT_cAMPS_pAB_and_Fsk	Drg353
pRII_Microscopy	model1_data49	model1_data96	1621.33059091958	35	s_pRII_JI09_150330_Drg353_351_CycNuc	s_pRII_JI09_150330_Drg353_351_CycNuc	JI09_150330_Drg353_351_CycNuc	JI09_150330_Drg353_351_CycNuc__Rp8_pCPT_cAMPS_pAB_and_Fsk	Drg353
pRII_Microscopy	model1_data49	model1_data97	1756.39638717384	35	s_pRII_JI09_150330_Drg353_351_CycNuc	s_pRII_JI09_150330_Drg353_351_CycNuc	JI09_150330_Drg353_351_CycNuc	JI09_150330_Drg353_351_CycNuc__Rp8_pCPT_cAMPS_pAB_and_Fsk	Drg353
pRII_Microscopy	model1_data49	model1_data97	1742.94858767106	35	s_pRII_JI09_150330_Drg353_351_CycNuc	s_pRII_JI09_150330_Drg353_351_CycNuc	JI09_150330_Drg353_351_CycNuc	JI09_150330_Drg353_351_CycNuc__Rp8_pCPT_cAMPS_pAB_and_Fsk	Drg353
pRII_Microscopy	model1_data49	model1_data97	1615.96599467062	35	s_pRII_JI09_150330_Drg353_351_CycNuc	s_pRII_JI09_150330_Drg353_351_CycNuc	JI09_150330_Drg353_351_CycNuc	JI09_150330_Drg353_351_CycNuc__Rp8_pCPT_cAMPS_pAB_and_Fsk	Drg353
pRII_Microscopy	model1_data49	model1_data98	1645.48439003101	35	s_pRII_JI09_150330_Drg353_351_CycNuc	s_pRII_JI09_150330_Drg353_351_CycNuc	JI09_150330_Drg353_351_CycNuc	JI09_150330_Drg353_351_CycNuc__Rp8_pCPT_cAMPS_pAB_and_Fsk	Drg353
pRII_Microscopy	model1_data49	model1_data98	1693.10558192545	35	s_pRII_JI09_150330_Drg353_351_CycNuc	s_pRII_JI09_150330_Drg353_351_CycNuc	JI09_150330_Drg353_351_CycNuc	JI09_150330_Drg353_351_CycNuc__Rp8_pCPT_cAMPS_pAB_and_Fsk	Drg353
pRII_Microscopy	model1_data49	model1_data98	1605.2142387686	35	s_pRII_JI09_150330_Drg353_351_CycNuc	s_pRII_JI09_150330_Drg353_351_CycNuc	JI09_150330_Drg353_351_CycNuc	JI09_150330_Drg353_351_CycNuc__Rp8_pCPT_cAMPS_pAB_and_Fsk	Drg353
pRII_Microscopy	model1_data49	model1_data99	1613.01069286724	35	s_pRII_JI09_150330_Drg353_351_CycNuc	s_pRII_JI09_150330_Drg353_351_CycNuc	JI09_150330_Drg353_351_CycNuc	JI09_150330_Drg353_351_CycNuc__Rp8_pCPT_cAMPS_pAB_and_Fsk	Drg353
pRII_Microscopy	model1_data49	model1_data99	1772.84551648239	35	s_pRII_JI09_150330_Drg353_351_CycNuc	s_pRII_JI09_150330_Drg353_351_CycNuc	JI09_150330_Drg353_351_CycNuc	JI09_150330_Drg353_351_CycNuc__Rp8_pCPT_cAMPS_pAB_and_Fsk	Drg353
pRII_Microscopy	model1_data49	model1_data99	1573.77665110454	35	s_pRII_JI09_150330_Drg353_351_CycNuc	s_pRII_JI09_150330_Drg353_351_CycNuc	JI09_150330_Drg353_351_CycNuc	JI09_150330_Drg353_351_CycNuc__Rp8_pCPT_cAMPS_pAB_and_Fsk	Drg353
pRII_Microscopy	model1_data49	model1_data100	1087.988045747	35	s_pRII_JI09_150330_Drg353_351_CycNuc	s_pRII_JI09_150330_Drg353_351_CycNuc	JI09_150330_Drg353_351_CycNuc	JI09_150330_Drg353_351_CycNuc__Rp8_pCPT_cAMPS_pAB_and_Fsk	Drg353
pRII_Microscopy	model1_data49	model1_data100	1126.42150676542	35	s_pRII_JI09_150330_Drg353_351_CycNuc	s_pRII_JI09_150330_Drg353_351_CycNuc	JI09_150330_Drg353_351_CycNuc	JI09_150330_Drg353_351_CycNuc__Rp8_pCPT_cAMPS_pAB_and_Fsk	Drg353
pRII_Microscopy	model1_data49	model1_data100	1141.57469415514	35	s_pRII_JI09_150330_Drg353_351_CycNuc	s_pRII_JI09_150330_Drg353_351_CycNuc	JI09_150330_Drg353_351_CycNuc	JI09_150330_Drg353_351_CycNuc__Rp8_pCPT_cAMPS_pAB_and_Fsk	Drg353
pRII_Microscopy	model1_data49	model1_data101	1428.11493316654	35	s_pRII_JI09_150330_Drg353_351_CycNuc	s_pRII_JI09_150330_Drg353_351_CycNuc	JI09_150330_Drg353_351_CycNuc	JI09_150330_Drg353_351_CycNuc__Rp8_pCPT_cAMPS_pAB_and_Fsk	Drg353
pRII_Microscopy	model1_data49	model1_data101	1370.97950156807	35	s_pRII_JI09_150330_Drg353_351_CycNuc	s_pRII_JI09_150330_Drg353_351_CycNuc	JI09_150330_Drg353_351_CycNuc	JI09_150330_Drg353_351_CycNuc__Rp8_pCPT_cAMPS_pAB_and_Fsk	Drg353
pRII_Microscopy	model1_data49	model1_data101	1394.7033683742	35	s_pRII_JI09_150330_Drg353_351_CycNuc	s_pRII_JI09_150330_Drg353_351_CycNuc	JI09_150330_Drg353_351_CycNuc	JI09_150330_Drg353_351_CycNuc__Rp8_pCPT_cAMPS_pAB_and_Fsk	Drg353
pRII_Microscopy	model1_data49	model1_data102	762.697783866408	35	s_pRII_JI09_150330_Drg353_351_CycNuc	s_pRII_JI09_150330_Drg353_351_CycNuc	JI09_150330_Drg353_351_CycNuc	JI09_150330_Drg353_351_CycNuc__Rp8_pCPT_cAMPS_pAB_and_Fsk	Drg353
pRII_Microscopy	model1_data49	model1_data102	909.574557569747	35	s_pRII_JI09_150330_Drg353_351_CycNuc	s_pRII_JI09_150330_Drg353_351_CycNuc	JI09_150330_Drg353_351_CycNuc	JI09_150330_Drg353_351_CycNuc__Rp8_pCPT_cAMPS_pAB_and_Fsk	Drg353
pRII_Microscopy	model1_data49	model1_data102	1070.90194529146	35	s_pRII_JI09_150330_Drg353_351_CycNuc	s_pRII_JI09_150330_Drg353_351_CycNuc	JI09_150330_Drg353_351_CycNuc	JI09_150330_Drg353_351_CycNuc__Rp8_pCPT_cAMPS_pAB_and_Fsk	Drg353
pRII_Microscopy	model1_data49	model1_data103	1667.69484184789	35	s_pRII_JI09_150330_Drg353_351_CycNuc	s_pRII_JI09_150330_Drg353_351_CycNuc	JI09_150330_Drg353_351_CycNuc	JI09_150330_Drg353_351_CycNuc__Rp_cAMPS_pAB_and_Fsk	Drg353
pRII_Microscopy	model1_data49	model1_data103	1724.06773036282	35	s_pRII_JI09_150330_Drg353_351_CycNuc	s_pRII_JI09_150330_Drg353_351_CycNuc	JI09_150330_Drg353_351_CycNuc	JI09_150330_Drg353_351_CycNuc__Rp_cAMPS_pAB_and_Fsk	Drg353
pRII_Microscopy	model1_data49	model1_data103	1628.82228573522	35	s_pRII_JI09_150330_Drg353_351_CycNuc	s_pRII_JI09_150330_Drg353_351_CycNuc	JI09_150330_Drg353_351_CycNuc	JI09_150330_Drg353_351_CycNuc__Rp_cAMPS_pAB_and_Fsk	Drg353
pRII_Microscopy	model1_data49	model1_data104	1747.3343308264	35	s_pRII_JI09_150330_Drg353_351_CycNuc	s_pRII_JI09_150330_Drg353_351_CycNuc	JI09_150330_Drg353_351_CycNuc	JI09_150330_Drg353_351_CycNuc__Rp_cAMPS_pAB_and_Fsk	Drg353
pRII_Microscopy	model1_data49	model1_data104	1700.5440187868	35	s_pRII_JI09_150330_Drg353_351_CycNuc	s_pRII_JI09_150330_Drg353_351_CycNuc	JI09_150330_Drg353_351_CycNuc	JI09_150330_Drg353_351_CycNuc__Rp_cAMPS_pAB_and_Fsk	Drg353
pRII_Microscopy	model1_data49	model1_data104	1603.25814161308	35	s_pRII_JI09_150330_Drg353_351_CycNuc	s_pRII_JI09_150330_Drg353_351_CycNuc	JI09_150330_Drg353_351_CycNuc	JI09_150330_Drg353_351_CycNuc__Rp_cAMPS_pAB_and_Fsk	Drg353
pRII_Microscopy	model1_data49	model1_data105	1643.84974660082	35	s_pRII_JI09_150330_Drg353_351_CycNuc	s_pRII_JI09_150330_Drg353_351_CycNuc	JI09_150330_Drg353_351_CycNuc	JI09_150330_Drg353_351_CycNuc__Rp_cAMPS_pAB_and_Fsk	Drg353
pRII_Microscopy	model1_data49	model1_data105	1668.22077347253	35	s_pRII_JI09_150330_Drg353_351_CycNuc	s_pRII_JI09_150330_Drg353_351_CycNuc	JI09_150330_Drg353_351_CycNuc	JI09_150330_Drg353_351_CycNuc__Rp_cAMPS_pAB_and_Fsk	Drg353
pRII_Microscopy	model1_data49	model1_data105	1540.96417448733	35	s_pRII_JI09_150330_Drg353_351_CycNuc	s_pRII_JI09_150330_Drg353_351_CycNuc	JI09_150330_Drg353_351_CycNuc	JI09_150330_Drg353_351_CycNuc__Rp_cAMPS_pAB_and_Fsk	Drg353
pRII_Microscopy	model1_data49	model1_data106	1677.69025970453	35	s_pRII_JI09_150330_Drg353_351_CycNuc	s_pRII_JI09_150330_Drg353_351_CycNuc	JI09_150330_Drg353_351_CycNuc	JI09_150330_Drg353_351_CycNuc__Rp_cAMPS_pAB_and_Fsk	Drg353
pRII_Microscopy	model1_data49	model1_data106	1612.8101745317	35	s_pRII_JI09_150330_Drg353_351_CycNuc	s_pRII_JI09_150330_Drg353_351_CycNuc	JI09_150330_Drg353_351_CycNuc	JI09_150330_Drg353_351_CycNuc__Rp_cAMPS_pAB_and_Fsk	Drg353
pRII_Microscopy	model1_data49	model1_data106	1531.16253466907	35	s_pRII_JI09_150330_Drg353_351_CycNuc	s_pRII_JI09_150330_Drg353_351_CycNuc	JI09_150330_Drg353_351_CycNuc	JI09_150330_Drg353_351_CycNuc__Rp_cAMPS_pAB_and_Fsk	Drg353
pRII_Microscopy	model1_data49	model1_data107	1349.20534999438	35	s_pRII_JI09_150330_Drg353_351_CycNuc	s_pRII_JI09_150330_Drg353_351_CycNuc	JI09_150330_Drg353_351_CycNuc	JI09_150330_Drg353_351_CycNuc__Rp_cAMPS_pAB_and_Fsk	Drg353
pRII_Microscopy	model1_data49	model1_data107	1228.16470795787	35	s_pRII_JI09_150330_Drg353_351_CycNuc	s_pRII_JI09_150330_Drg353_351_CycNuc	JI09_150330_Drg353_351_CycNuc	JI09_150330_Drg353_351_CycNuc__Rp_cAMPS_pAB_and_Fsk	Drg353
pRII_Microscopy	model1_data49	model1_data107	1209.75895273143	35	s_pRII_JI09_150330_Drg353_351_CycNuc	s_pRII_JI09_150330_Drg353_351_CycNuc	JI09_150330_Drg353_351_CycNuc	JI09_150330_Drg353_351_CycNuc__Rp_cAMPS_pAB_and_Fsk	Drg353
pRII_Microscopy	model1_data49	model1_data108	1491.22434025822	35	s_pRII_JI09_150330_Drg353_351_CycNuc	s_pRII_JI09_150330_Drg353_351_CycNuc	JI09_150330_Drg353_351_CycNuc	JI09_150330_Drg353_351_CycNuc__Rp_cAMPS_pAB_and_Fsk	Drg353
pRII_Microscopy	model1_data49	model1_data108	1466.34666745099	35	s_pRII_JI09_150330_Drg353_351_CycNuc	s_pRII_JI09_150330_Drg353_351_CycNuc	JI09_150330_Drg353_351_CycNuc	JI09_150330_Drg353_351_CycNuc__Rp_cAMPS_pAB_and_Fsk	Drg353
pRII_Microscopy	model1_data49	model1_data108	1418.78460723964	35	s_pRII_JI09_150330_Drg353_351_CycNuc	s_pRII_JI09_150330_Drg353_351_CycNuc	JI09_150330_Drg353_351_CycNuc	JI09_150330_Drg353_351_CycNuc__Rp_cAMPS_pAB_and_Fsk	Drg353
pRII_Microscopy	model1_data49	model1_data109	1030.98246957435	35	s_pRII_JI09_150330_Drg353_351_CycNuc	s_pRII_JI09_150330_Drg353_351_CycNuc	JI09_150330_Drg353_351_CycNuc	JI09_150330_Drg353_351_CycNuc__Rp_cAMPS_pAB_and_Fsk	Drg353
pRII_Microscopy	model1_data49	model1_data109	1006.72173420311	35	s_pRII_JI09_150330_Drg353_351_CycNuc	s_pRII_JI09_150330_Drg353_351_CycNuc	JI09_150330_Drg353_351_CycNuc	JI09_150330_Drg353_351_CycNuc__Rp_cAMPS_pAB_and_Fsk	Drg353
pRII_Microscopy	model1_data49	model1_data109	989.833713047041	35	s_pRII_JI09_150330_Drg353_351_CycNuc	s_pRII_JI09_150330_Drg353_351_CycNuc	JI09_150330_Drg353_351_CycNuc	JI09_150330_Drg353_351_CycNuc__Rp_cAMPS_pAB_and_Fsk	Drg353
pRII_Microscopy	model1_data49	model1_data110	1001.17677076063	60	s_pRII_JI09_151102_Drg421_418_Age	s_pRII_JI09_151102_Drg421_418_Age	JI09_151102_Drg421_418_Age	JI09_151102_Drg421_418_Age__ctrl_and_ctrl	Drg421
pRII_Microscopy	model1_data49	model1_data110	1040.70747906661	61	s_pRII_JI09_151102_Drg421_418_Age	s_pRII_JI09_151102_Drg421_418_Age	JI09_151102_Drg421_418_Age	JI09_151102_Drg421_418_Age__ctrl_and_ctrl	Drg421
pRII_Microscopy	model1_data49	model1_data110	1043.03415214811	65	s_pRII_JI09_151102_Drg421_418_Age	s_pRII_JI09_151102_Drg421_418_Age	JI09_151102_Drg421_418_Age	JI09_151102_Drg421_418_Age__ctrl_and_ctrl	Drg421
pRII_Microscopy	model1_data49	model1_data110	1008.31390795076	75	s_pRII_JI09_151102_Drg421_418_Age	s_pRII_JI09_151102_Drg421_418_Age	JI09_151102_Drg421_418_Age	JI09_151102_Drg421_418_Age__ctrl_and_ctrl	Drg421
pRII_Microscopy	model1_data49	model1_data110	993.846194872666	90	s_pRII_JI09_151102_Drg421_418_Age	s_pRII_JI09_151102_Drg421_418_Age	JI09_151102_Drg421_418_Age	JI09_151102_Drg421_418_Age__ctrl_and_ctrl	Drg421
pRII_Microscopy	model1_data49	model1_data110	982.035601079501	120	s_pRII_JI09_151102_Drg421_418_Age	s_pRII_JI09_151102_Drg421_418_Age	JI09_151102_Drg421_418_Age	JI09_151102_Drg421_418_Age__ctrl_and_ctrl	Drg421
pRII_Microscopy	model1_data49	model1_data110	937.594301829217	180	s_pRII_JI09_151102_Drg421_418_Age	s_pRII_JI09_151102_Drg421_418_Age	JI09_151102_Drg421_418_Age	JI09_151102_Drg421_418_Age__ctrl_and_ctrl	Drg421
pRII_Microscopy	model1_data49	model1_data110	957.708716938573	60	s_pRII_JI09_151102_Drg421_418_Age	s_pRII_JI09_151102_Drg421_418_Age	JI09_151102_Drg421_418_Age	JI09_151102_Drg421_418_Age__ctrl_and_ctrl	Drg421
pRII_Microscopy	model1_data49	model1_data110	987.292213741316	61	s_pRII_JI09_151102_Drg421_418_Age	s_pRII_JI09_151102_Drg421_418_Age	JI09_151102_Drg421_418_Age	JI09_151102_Drg421_418_Age__ctrl_and_ctrl	Drg421
pRII_Microscopy	model1_data49	model1_data110	1017.76429431339	65	s_pRII_JI09_151102_Drg421_418_Age	s_pRII_JI09_151102_Drg421_418_Age	JI09_151102_Drg421_418_Age	JI09_151102_Drg421_418_Age__ctrl_and_ctrl	Drg421
pRII_Microscopy	model1_data49	model1_data110	1057.5204709827	75	s_pRII_JI09_151102_Drg421_418_Age	s_pRII_JI09_151102_Drg421_418_Age	JI09_151102_Drg421_418_Age	JI09_151102_Drg421_418_Age__ctrl_and_ctrl	Drg421
pRII_Microscopy	model1_data49	model1_data110	996.841850652443	90	s_pRII_JI09_151102_Drg421_418_Age	s_pRII_JI09_151102_Drg421_418_Age	JI09_151102_Drg421_418_Age	JI09_151102_Drg421_418_Age__ctrl_and_ctrl	Drg421
pRII_Microscopy	model1_data49	model1_data110	999.865552549069	120	s_pRII_JI09_151102_Drg421_418_Age	s_pRII_JI09_151102_Drg421_418_Age	JI09_151102_Drg421_418_Age	JI09_151102_Drg421_418_Age__ctrl_and_ctrl	Drg421
pRII_Microscopy	model1_data49	model1_data110	988.017160115434	180	s_pRII_JI09_151102_Drg421_418_Age	s_pRII_JI09_151102_Drg421_418_Age	JI09_151102_Drg421_418_Age	JI09_151102_Drg421_418_Age__ctrl_and_ctrl	Drg421
pRII_Microscopy	model1_data49	model1_data110	1025.84912130517	60	s_pRII_JI09_151102_Drg421_418_Age	s_pRII_JI09_151102_Drg421_418_Age	JI09_151102_Drg421_418_Age	JI09_151102_Drg421_418_Age__ctrl_and_ctrl	Drg421
pRII_Microscopy	model1_data49	model1_data110	965.974629342757	61	s_pRII_JI09_151102_Drg421_418_Age	s_pRII_JI09_151102_Drg421_418_Age	JI09_151102_Drg421_418_Age	JI09_151102_Drg421_418_Age__ctrl_and_ctrl	Drg421
pRII_Microscopy	model1_data49	model1_data110	941.189262243799	65	s_pRII_JI09_151102_Drg421_418_Age	s_pRII_JI09_151102_Drg421_418_Age	JI09_151102_Drg421_418_Age	JI09_151102_Drg421_418_Age__ctrl_and_ctrl	Drg421
pRII_Microscopy	model1_data49	model1_data110	1023.46700642819	75	s_pRII_JI09_151102_Drg421_418_Age	s_pRII_JI09_151102_Drg421_418_Age	JI09_151102_Drg421_418_Age	JI09_151102_Drg421_418_Age__ctrl_and_ctrl	Drg421
pRII_Microscopy	model1_data49	model1_data110	1033.31727712093	90	s_pRII_JI09_151102_Drg421_418_Age	s_pRII_JI09_151102_Drg421_418_Age	JI09_151102_Drg421_418_Age	JI09_151102_Drg421_418_Age__ctrl_and_ctrl	Drg421
pRII_Microscopy	model1_data49	model1_data110	1000.66908749517	120	s_pRII_JI09_151102_Drg421_418_Age	s_pRII_JI09_151102_Drg421_418_Age	JI09_151102_Drg421_418_Age	JI09_151102_Drg421_418_Age__ctrl_and_ctrl	Drg421
pRII_Microscopy	model1_data49	model1_data110	1003.93788703732	180	s_pRII_JI09_151102_Drg421_418_Age	s_pRII_JI09_151102_Drg421_418_Age	JI09_151102_Drg421_418_Age	JI09_151102_Drg421_418_Age__ctrl_and_ctrl	Drg421
pRII_Microscopy	model1_data49	model1_data110	984.466777047378	60	s_pRII_JI09_151102_Drg421_418_Age	s_pRII_JI09_151102_Drg421_418_Age	JI09_151102_Drg421_418_Age	JI09_151102_Drg421_418_Age__ctrl_and_ctrl	Drg421
pRII_Microscopy	model1_data49	model1_data110	1112.80924556572	61	s_pRII_JI09_151102_Drg421_418_Age	s_pRII_JI09_151102_Drg421_418_Age	JI09_151102_Drg421_418_Age	JI09_151102_Drg421_418_Age__ctrl_and_ctrl	Drg421
pRII_Microscopy	model1_data49	model1_data110	996.741250670306	65	s_pRII_JI09_151102_Drg421_418_Age	s_pRII_JI09_151102_Drg421_418_Age	JI09_151102_Drg421_418_Age	JI09_151102_Drg421_418_Age__ctrl_and_ctrl	Drg421
pRII_Microscopy	model1_data49	model1_data110	1013.22971247105	75	s_pRII_JI09_151102_Drg421_418_Age	s_pRII_JI09_151102_Drg421_418_Age	JI09_151102_Drg421_418_Age	JI09_151102_Drg421_418_Age__ctrl_and_ctrl	Drg421
pRII_Microscopy	model1_data49	model1_data110	962.669821974808	90	s_pRII_JI09_151102_Drg421_418_Age	s_pRII_JI09_151102_Drg421_418_Age	JI09_151102_Drg421_418_Age	JI09_151102_Drg421_418_Age__ctrl_and_ctrl	Drg421
pRII_Microscopy	model1_data49	model1_data110	984.189884422549	120	s_pRII_JI09_151102_Drg421_418_Age	s_pRII_JI09_151102_Drg421_418_Age	JI09_151102_Drg421_418_Age	JI09_151102_Drg421_418_Age__ctrl_and_ctrl	Drg421
pRII_Microscopy	model1_data49	model1_data110	935.373145278765	180	s_pRII_JI09_151102_Drg421_418_Age	s_pRII_JI09_151102_Drg421_418_Age	JI09_151102_Drg421_418_Age	JI09_151102_Drg421_418_Age__ctrl_and_ctrl	Drg421
pRII_Microscopy	model1_data49	model1_data111	998.907113707364	60	s_pRII_JI09_151102_Drg421_418_Age	s_pRII_JI09_151102_Drg421_418_Age	JI09_151102_Drg421_418_Age	JI09_151102_Drg421_418_Age__ctrl_and_Fsk1	Drg421
pRII_Microscopy	model1_data49	model1_data111	1462.36164912861	61	s_pRII_JI09_151102_Drg421_418_Age	s_pRII_JI09_151102_Drg421_418_Age	JI09_151102_Drg421_418_Age	JI09_151102_Drg421_418_Age__ctrl_and_Fsk1	Drg421
pRII_Microscopy	model1_data49	model1_data111	1374.63922999265	65	s_pRII_JI09_151102_Drg421_418_Age	s_pRII_JI09_151102_Drg421_418_Age	JI09_151102_Drg421_418_Age	JI09_151102_Drg421_418_Age__ctrl_and_Fsk1	Drg421
pRII_Microscopy	model1_data49	model1_data111	1750.14963742041	75	s_pRII_JI09_151102_Drg421_418_Age	s_pRII_JI09_151102_Drg421_418_Age	JI09_151102_Drg421_418_Age	JI09_151102_Drg421_418_Age__ctrl_and_Fsk1	Drg421
pRII_Microscopy	model1_data49	model1_data111	1798.91710541084	90	s_pRII_JI09_151102_Drg421_418_Age	s_pRII_JI09_151102_Drg421_418_Age	JI09_151102_Drg421_418_Age	JI09_151102_Drg421_418_Age__ctrl_and_Fsk1	Drg421
pRII_Microscopy	model1_data49	model1_data111	1809.37275082351	120	s_pRII_JI09_151102_Drg421_418_Age	s_pRII_JI09_151102_Drg421_418_Age	JI09_151102_Drg421_418_Age	JI09_151102_Drg421_418_Age__ctrl_and_Fsk1	Drg421
pRII_Microscopy	model1_data49	model1_data111	1847.73745809151	180	s_pRII_JI09_151102_Drg421_418_Age	s_pRII_JI09_151102_Drg421_418_Age	JI09_151102_Drg421_418_Age	JI09_151102_Drg421_418_Age__ctrl_and_Fsk1	Drg421
pRII_Microscopy	model1_data49	model1_data111	999.46143234244	60	s_pRII_JI09_151102_Drg421_418_Age	s_pRII_JI09_151102_Drg421_418_Age	JI09_151102_Drg421_418_Age	JI09_151102_Drg421_418_Age__ctrl_and_Fsk1	Drg421
pRII_Microscopy	model1_data49	model1_data111	1414.64474478359	61	s_pRII_JI09_151102_Drg421_418_Age	s_pRII_JI09_151102_Drg421_418_Age	JI09_151102_Drg421_418_Age	JI09_151102_Drg421_418_Age__ctrl_and_Fsk1	Drg421
pRII_Microscopy	model1_data49	model1_data111	1380.36822254104	65	s_pRII_JI09_151102_Drg421_418_Age	s_pRII_JI09_151102_Drg421_418_Age	JI09_151102_Drg421_418_Age	JI09_151102_Drg421_418_Age__ctrl_and_Fsk1	Drg421
pRII_Microscopy	model1_data49	model1_data111	1840.65261771644	75	s_pRII_JI09_151102_Drg421_418_Age	s_pRII_JI09_151102_Drg421_418_Age	JI09_151102_Drg421_418_Age	JI09_151102_Drg421_418_Age__ctrl_and_Fsk1	Drg421
pRII_Microscopy	model1_data49	model1_data111	1762.54229603393	90	s_pRII_JI09_151102_Drg421_418_Age	s_pRII_JI09_151102_Drg421_418_Age	JI09_151102_Drg421_418_Age	JI09_151102_Drg421_418_Age__ctrl_and_Fsk1	Drg421
pRII_Microscopy	model1_data49	model1_data111	1800.32115593525	120	s_pRII_JI09_151102_Drg421_418_Age	s_pRII_JI09_151102_Drg421_418_Age	JI09_151102_Drg421_418_Age	JI09_151102_Drg421_418_Age__ctrl_and_Fsk1	Drg421
pRII_Microscopy	model1_data49	model1_data111	1860.15789158222	180	s_pRII_JI09_151102_Drg421_418_Age	s_pRII_JI09_151102_Drg421_418_Age	JI09_151102_Drg421_418_Age	JI09_151102_Drg421_418_Age__ctrl_and_Fsk1	Drg421
pRII_Microscopy	model1_data49	model1_data111	969.347345519368	60	s_pRII_JI09_151102_Drg421_418_Age	s_pRII_JI09_151102_Drg421_418_Age	JI09_151102_Drg421_418_Age	JI09_151102_Drg421_418_Age__ctrl_and_Fsk1	Drg421
pRII_Microscopy	model1_data49	model1_data111	1433.34671419631	61	s_pRII_JI09_151102_Drg421_418_Age	s_pRII_JI09_151102_Drg421_418_Age	JI09_151102_Drg421_418_Age	JI09_151102_Drg421_418_Age__ctrl_and_Fsk1	Drg421
pRII_Microscopy	model1_data49	model1_data111	1316.50491729006	65	s_pRII_JI09_151102_Drg421_418_Age	s_pRII_JI09_151102_Drg421_418_Age	JI09_151102_Drg421_418_Age	JI09_151102_Drg421_418_Age__ctrl_and_Fsk1	Drg421
pRII_Microscopy	model1_data49	model1_data111	1556.83445905757	75	s_pRII_JI09_151102_Drg421_418_Age	s_pRII_JI09_151102_Drg421_418_Age	JI09_151102_Drg421_418_Age	JI09_151102_Drg421_418_Age__ctrl_and_Fsk1	Drg421
pRII_Microscopy	model1_data49	model1_data111	1666.03641393795	90	s_pRII_JI09_151102_Drg421_418_Age	s_pRII_JI09_151102_Drg421_418_Age	JI09_151102_Drg421_418_Age	JI09_151102_Drg421_418_Age__ctrl_and_Fsk1	Drg421
pRII_Microscopy	model1_data49	model1_data111	1686.55002706023	120	s_pRII_JI09_151102_Drg421_418_Age	s_pRII_JI09_151102_Drg421_418_Age	JI09_151102_Drg421_418_Age	JI09_151102_Drg421_418_Age__ctrl_and_Fsk1	Drg421
pRII_Microscopy	model1_data49	model1_data111	1637.757931916	180	s_pRII_JI09_151102_Drg421_418_Age	s_pRII_JI09_151102_Drg421_418_Age	JI09_151102_Drg421_418_Age	JI09_151102_Drg421_418_Age__ctrl_and_Fsk1	Drg421
pRII_Microscopy	model1_data49	model1_data111	1001.09151353051	60	s_pRII_JI09_151102_Drg421_418_Age	s_pRII_JI09_151102_Drg421_418_Age	JI09_151102_Drg421_418_Age	JI09_151102_Drg421_418_Age__ctrl_and_Fsk1	Drg421
pRII_Microscopy	model1_data49	model1_data111	1485.85863887947	61	s_pRII_JI09_151102_Drg421_418_Age	s_pRII_JI09_151102_Drg421_418_Age	JI09_151102_Drg421_418_Age	JI09_151102_Drg421_418_Age__ctrl_and_Fsk1	Drg421
pRII_Microscopy	model1_data49	model1_data111	1796.31773780208	65	s_pRII_JI09_151102_Drg421_418_Age	s_pRII_JI09_151102_Drg421_418_Age	JI09_151102_Drg421_418_Age	JI09_151102_Drg421_418_Age__ctrl_and_Fsk1	Drg421
pRII_Microscopy	model1_data49	model1_data111	1813.84288358856	75	s_pRII_JI09_151102_Drg421_418_Age	s_pRII_JI09_151102_Drg421_418_Age	JI09_151102_Drg421_418_Age	JI09_151102_Drg421_418_Age__ctrl_and_Fsk1	Drg421
pRII_Microscopy	model1_data49	model1_data111	1843.06639732357	90	s_pRII_JI09_151102_Drg421_418_Age	s_pRII_JI09_151102_Drg421_418_Age	JI09_151102_Drg421_418_Age	JI09_151102_Drg421_418_Age__ctrl_and_Fsk1	Drg421
pRII_Microscopy	model1_data49	model1_data111	1855.97267336175	120	s_pRII_JI09_151102_Drg421_418_Age	s_pRII_JI09_151102_Drg421_418_Age	JI09_151102_Drg421_418_Age	JI09_151102_Drg421_418_Age__ctrl_and_Fsk1	Drg421
pRII_Microscopy	model1_data49	model1_data111	1713.31571202884	180	s_pRII_JI09_151102_Drg421_418_Age	s_pRII_JI09_151102_Drg421_418_Age	JI09_151102_Drg421_418_Age	JI09_151102_Drg421_418_Age__ctrl_and_Fsk1	Drg421
pRII_Microscopy	model1_data49	model1_data112	1021.91379799615	60	s_pRII_JI09_151102_Drg421_418_Age	s_pRII_JI09_151102_Drg421_418_Age	JI09_151102_Drg421_418_Age	JI09_151102_Drg421_418_Age__ctrl_and_Fsk3	Drg421
pRII_Microscopy	model1_data49	model1_data112	1571.21395702273	61	s_pRII_JI09_151102_Drg421_418_Age	s_pRII_JI09_151102_Drg421_418_Age	JI09_151102_Drg421_418_Age	JI09_151102_Drg421_418_Age__ctrl_and_Fsk3	Drg421
pRII_Microscopy	model1_data49	model1_data112	1696.75771381605	65	s_pRII_JI09_151102_Drg421_418_Age	s_pRII_JI09_151102_Drg421_418_Age	JI09_151102_Drg421_418_Age	JI09_151102_Drg421_418_Age__ctrl_and_Fsk3	Drg421
pRII_Microscopy	model1_data49	model1_data112	1820.68269338592	75	s_pRII_JI09_151102_Drg421_418_Age	s_pRII_JI09_151102_Drg421_418_Age	JI09_151102_Drg421_418_Age	JI09_151102_Drg421_418_Age__ctrl_and_Fsk3	Drg421
pRII_Microscopy	model1_data49	model1_data112	2152.13299874312	90	s_pRII_JI09_151102_Drg421_418_Age	s_pRII_JI09_151102_Drg421_418_Age	JI09_151102_Drg421_418_Age	JI09_151102_Drg421_418_Age__ctrl_and_Fsk3	Drg421
pRII_Microscopy	model1_data49	model1_data112	1979.03768012086	120	s_pRII_JI09_151102_Drg421_418_Age	s_pRII_JI09_151102_Drg421_418_Age	JI09_151102_Drg421_418_Age	JI09_151102_Drg421_418_Age__ctrl_and_Fsk3	Drg421
pRII_Microscopy	model1_data49	model1_data112	2047.82499131941	180	s_pRII_JI09_151102_Drg421_418_Age	s_pRII_JI09_151102_Drg421_418_Age	JI09_151102_Drg421_418_Age	JI09_151102_Drg421_418_Age__ctrl_and_Fsk3	Drg421
pRII_Microscopy	model1_data49	model1_data112	997.282528296162	60	s_pRII_JI09_151102_Drg421_418_Age	s_pRII_JI09_151102_Drg421_418_Age	JI09_151102_Drg421_418_Age	JI09_151102_Drg421_418_Age__ctrl_and_Fsk3	Drg421
pRII_Microscopy	model1_data49	model1_data112	1550.88682823819	61	s_pRII_JI09_151102_Drg421_418_Age	s_pRII_JI09_151102_Drg421_418_Age	JI09_151102_Drg421_418_Age	JI09_151102_Drg421_418_Age__ctrl_and_Fsk3	Drg421
pRII_Microscopy	model1_data49	model1_data112	1736.32648970231	65	s_pRII_JI09_151102_Drg421_418_Age	s_pRII_JI09_151102_Drg421_418_Age	JI09_151102_Drg421_418_Age	JI09_151102_Drg421_418_Age__ctrl_and_Fsk3	Drg421
pRII_Microscopy	model1_data49	model1_data112	2078.60090180354	75	s_pRII_JI09_151102_Drg421_418_Age	s_pRII_JI09_151102_Drg421_418_Age	JI09_151102_Drg421_418_Age	JI09_151102_Drg421_418_Age__ctrl_and_Fsk3	Drg421
pRII_Microscopy	model1_data49	model1_data112	2137.82756314632	90	s_pRII_JI09_151102_Drg421_418_Age	s_pRII_JI09_151102_Drg421_418_Age	JI09_151102_Drg421_418_Age	JI09_151102_Drg421_418_Age__ctrl_and_Fsk3	Drg421
pRII_Microscopy	model1_data49	model1_data112	2116.73334459005	120	s_pRII_JI09_151102_Drg421_418_Age	s_pRII_JI09_151102_Drg421_418_Age	JI09_151102_Drg421_418_Age	JI09_151102_Drg421_418_Age__ctrl_and_Fsk3	Drg421
pRII_Microscopy	model1_data49	model1_data112	2197.21195519931	180	s_pRII_JI09_151102_Drg421_418_Age	s_pRII_JI09_151102_Drg421_418_Age	JI09_151102_Drg421_418_Age	JI09_151102_Drg421_418_Age__ctrl_and_Fsk3	Drg421
pRII_Microscopy	model1_data49	model1_data112	975.50807824722	60	s_pRII_JI09_151102_Drg421_418_Age	s_pRII_JI09_151102_Drg421_418_Age	JI09_151102_Drg421_418_Age	JI09_151102_Drg421_418_Age__ctrl_and_Fsk3	Drg421
pRII_Microscopy	model1_data49	model1_data112	1668.65391599337	61	s_pRII_JI09_151102_Drg421_418_Age	s_pRII_JI09_151102_Drg421_418_Age	JI09_151102_Drg421_418_Age	JI09_151102_Drg421_418_Age__ctrl_and_Fsk3	Drg421
pRII_Microscopy	model1_data49	model1_data112	1729.98427824326	65	s_pRII_JI09_151102_Drg421_418_Age	s_pRII_JI09_151102_Drg421_418_Age	JI09_151102_Drg421_418_Age	JI09_151102_Drg421_418_Age__ctrl_and_Fsk3	Drg421
pRII_Microscopy	model1_data49	model1_data112	1832.31512081606	75	s_pRII_JI09_151102_Drg421_418_Age	s_pRII_JI09_151102_Drg421_418_Age	JI09_151102_Drg421_418_Age	JI09_151102_Drg421_418_Age__ctrl_and_Fsk3	Drg421
pRII_Microscopy	model1_data49	model1_data112	1992.61750252166	90	s_pRII_JI09_151102_Drg421_418_Age	s_pRII_JI09_151102_Drg421_418_Age	JI09_151102_Drg421_418_Age	JI09_151102_Drg421_418_Age__ctrl_and_Fsk3	Drg421
pRII_Microscopy	model1_data49	model1_data112	1963.92958845725	120	s_pRII_JI09_151102_Drg421_418_Age	s_pRII_JI09_151102_Drg421_418_Age	JI09_151102_Drg421_418_Age	JI09_151102_Drg421_418_Age__ctrl_and_Fsk3	Drg421
pRII_Microscopy	model1_data49	model1_data112	2053.97340456062	180	s_pRII_JI09_151102_Drg421_418_Age	s_pRII_JI09_151102_Drg421_418_Age	JI09_151102_Drg421_418_Age	JI09_151102_Drg421_418_Age__ctrl_and_Fsk3	Drg421
pRII_Microscopy	model1_data49	model1_data113	1026.86185530019	60	s_pRII_JI09_151102_Drg421_418_Age	s_pRII_JI09_151102_Drg421_418_Age	JI09_151102_Drg421_418_Age	JI09_151102_Drg421_418_Age__ctrl_and_Fsk10	Drg421
pRII_Microscopy	model1_data49	model1_data113	1923.19827123705	61	s_pRII_JI09_151102_Drg421_418_Age	s_pRII_JI09_151102_Drg421_418_Age	JI09_151102_Drg421_418_Age	JI09_151102_Drg421_418_Age__ctrl_and_Fsk10	Drg421
pRII_Microscopy	model1_data49	model1_data113	1954.86353508977	65	s_pRII_JI09_151102_Drg421_418_Age	s_pRII_JI09_151102_Drg421_418_Age	JI09_151102_Drg421_418_Age	JI09_151102_Drg421_418_Age__ctrl_and_Fsk10	Drg421
pRII_Microscopy	model1_data49	model1_data113	1968.22751853873	75	s_pRII_JI09_151102_Drg421_418_Age	s_pRII_JI09_151102_Drg421_418_Age	JI09_151102_Drg421_418_Age	JI09_151102_Drg421_418_Age__ctrl_and_Fsk10	Drg421
pRII_Microscopy	model1_data49	model1_data113	2193.91859419542	90	s_pRII_JI09_151102_Drg421_418_Age	s_pRII_JI09_151102_Drg421_418_Age	JI09_151102_Drg421_418_Age	JI09_151102_Drg421_418_Age__ctrl_and_Fsk10	Drg421
pRII_Microscopy	model1_data49	model1_data113	2231.18995059471	120	s_pRII_JI09_151102_Drg421_418_Age	s_pRII_JI09_151102_Drg421_418_Age	JI09_151102_Drg421_418_Age	JI09_151102_Drg421_418_Age__ctrl_and_Fsk10	Drg421
pRII_Microscopy	model1_data49	model1_data113	2184.88565802378	180	s_pRII_JI09_151102_Drg421_418_Age	s_pRII_JI09_151102_Drg421_418_Age	JI09_151102_Drg421_418_Age	JI09_151102_Drg421_418_Age__ctrl_and_Fsk10	Drg421
pRII_Microscopy	model1_data49	model1_data113	1060.49211411897	60	s_pRII_JI09_151102_Drg421_418_Age	s_pRII_JI09_151102_Drg421_418_Age	JI09_151102_Drg421_418_Age	JI09_151102_Drg421_418_Age__ctrl_and_Fsk10	Drg421
pRII_Microscopy	model1_data49	model1_data113	1673.43465977989	61	s_pRII_JI09_151102_Drg421_418_Age	s_pRII_JI09_151102_Drg421_418_Age	JI09_151102_Drg421_418_Age	JI09_151102_Drg421_418_Age__ctrl_and_Fsk10	Drg421
pRII_Microscopy	model1_data49	model1_data113	2164.70785710577	65	s_pRII_JI09_151102_Drg421_418_Age	s_pRII_JI09_151102_Drg421_418_Age	JI09_151102_Drg421_418_Age	JI09_151102_Drg421_418_Age__ctrl_and_Fsk10	Drg421
pRII_Microscopy	model1_data49	model1_data113	2114.02773497447	75	s_pRII_JI09_151102_Drg421_418_Age	s_pRII_JI09_151102_Drg421_418_Age	JI09_151102_Drg421_418_Age	JI09_151102_Drg421_418_Age__ctrl_and_Fsk10	Drg421
pRII_Microscopy	model1_data49	model1_data113	2240.63367923899	90	s_pRII_JI09_151102_Drg421_418_Age	s_pRII_JI09_151102_Drg421_418_Age	JI09_151102_Drg421_418_Age	JI09_151102_Drg421_418_Age__ctrl_and_Fsk10	Drg421
pRII_Microscopy	model1_data49	model1_data113	2282.62305753871	120	s_pRII_JI09_151102_Drg421_418_Age	s_pRII_JI09_151102_Drg421_418_Age	JI09_151102_Drg421_418_Age	JI09_151102_Drg421_418_Age__ctrl_and_Fsk10	Drg421
pRII_Microscopy	model1_data49	model1_data113	2237.51683945018	180	s_pRII_JI09_151102_Drg421_418_Age	s_pRII_JI09_151102_Drg421_418_Age	JI09_151102_Drg421_418_Age	JI09_151102_Drg421_418_Age__ctrl_and_Fsk10	Drg421
pRII_Microscopy	model1_data49	model1_data113	930.781841933136	60	s_pRII_JI09_151102_Drg421_418_Age	s_pRII_JI09_151102_Drg421_418_Age	JI09_151102_Drg421_418_Age	JI09_151102_Drg421_418_Age__ctrl_and_Fsk10	Drg421
pRII_Microscopy	model1_data49	model1_data113	1970.64015503991	61	s_pRII_JI09_151102_Drg421_418_Age	s_pRII_JI09_151102_Drg421_418_Age	JI09_151102_Drg421_418_Age	JI09_151102_Drg421_418_Age__ctrl_and_Fsk10	Drg421
pRII_Microscopy	model1_data49	model1_data113	2039.33472042722	65	s_pRII_JI09_151102_Drg421_418_Age	s_pRII_JI09_151102_Drg421_418_Age	JI09_151102_Drg421_418_Age	JI09_151102_Drg421_418_Age__ctrl_and_Fsk10	Drg421
pRII_Microscopy	model1_data49	model1_data113	2182.59525641509	75	s_pRII_JI09_151102_Drg421_418_Age	s_pRII_JI09_151102_Drg421_418_Age	JI09_151102_Drg421_418_Age	JI09_151102_Drg421_418_Age__ctrl_and_Fsk10	Drg421
pRII_Microscopy	model1_data49	model1_data113	2228.88157966565	90	s_pRII_JI09_151102_Drg421_418_Age	s_pRII_JI09_151102_Drg421_418_Age	JI09_151102_Drg421_418_Age	JI09_151102_Drg421_418_Age__ctrl_and_Fsk10	Drg421
pRII_Microscopy	model1_data49	model1_data113	2236.24494468808	120	s_pRII_JI09_151102_Drg421_418_Age	s_pRII_JI09_151102_Drg421_418_Age	JI09_151102_Drg421_418_Age	JI09_151102_Drg421_418_Age__ctrl_and_Fsk10	Drg421
pRII_Microscopy	model1_data49	model1_data113	2188.359563768	180	s_pRII_JI09_151102_Drg421_418_Age	s_pRII_JI09_151102_Drg421_418_Age	JI09_151102_Drg421_418_Age	JI09_151102_Drg421_418_Age__ctrl_and_Fsk10	Drg421
pRII_Microscopy	model1_data49	model1_data114	995.082311340439	60	s_pRII_JI09_151102_Drg421_418_Age	s_pRII_JI09_151102_Drg421_418_Age	JI09_151102_Drg421_418_Age	JI09_151102_Drg421_418_Age__H8925_and_ctrl	Drg421
pRII_Microscopy	model1_data49	model1_data114	1050.15127786356	61	s_pRII_JI09_151102_Drg421_418_Age	s_pRII_JI09_151102_Drg421_418_Age	JI09_151102_Drg421_418_Age	JI09_151102_Drg421_418_Age__H8925_and_ctrl	Drg421
pRII_Microscopy	model1_data49	model1_data114	1012.65814324995	65	s_pRII_JI09_151102_Drg421_418_Age	s_pRII_JI09_151102_Drg421_418_Age	JI09_151102_Drg421_418_Age	JI09_151102_Drg421_418_Age__H8925_and_ctrl	Drg421
pRII_Microscopy	model1_data49	model1_data114	966.034327144393	75	s_pRII_JI09_151102_Drg421_418_Age	s_pRII_JI09_151102_Drg421_418_Age	JI09_151102_Drg421_418_Age	JI09_151102_Drg421_418_Age__H8925_and_ctrl	Drg421
pRII_Microscopy	model1_data49	model1_data114	1022.33868090507	90	s_pRII_JI09_151102_Drg421_418_Age	s_pRII_JI09_151102_Drg421_418_Age	JI09_151102_Drg421_418_Age	JI09_151102_Drg421_418_Age__H8925_and_ctrl	Drg421
pRII_Microscopy	model1_data49	model1_data114	957.885791001182	120	s_pRII_JI09_151102_Drg421_418_Age	s_pRII_JI09_151102_Drg421_418_Age	JI09_151102_Drg421_418_Age	JI09_151102_Drg421_418_Age__H8925_and_ctrl	Drg421
pRII_Microscopy	model1_data49	model1_data114	981.964724043007	180	s_pRII_JI09_151102_Drg421_418_Age	s_pRII_JI09_151102_Drg421_418_Age	JI09_151102_Drg421_418_Age	JI09_151102_Drg421_418_Age__H8925_and_ctrl	Drg421
pRII_Microscopy	model1_data49	model1_data114	1185.98032646202	60	s_pRII_JI09_151102_Drg421_418_Age	s_pRII_JI09_151102_Drg421_418_Age	JI09_151102_Drg421_418_Age	JI09_151102_Drg421_418_Age__H8925_and_ctrl	Drg421
pRII_Microscopy	model1_data49	model1_data114	1096.83519883874	61	s_pRII_JI09_151102_Drg421_418_Age	s_pRII_JI09_151102_Drg421_418_Age	JI09_151102_Drg421_418_Age	JI09_151102_Drg421_418_Age__H8925_and_ctrl	Drg421
pRII_Microscopy	model1_data49	model1_data114	1113.89555367082	65	s_pRII_JI09_151102_Drg421_418_Age	s_pRII_JI09_151102_Drg421_418_Age	JI09_151102_Drg421_418_Age	JI09_151102_Drg421_418_Age__H8925_and_ctrl	Drg421
pRII_Microscopy	model1_data49	model1_data114	1117.41610304316	75	s_pRII_JI09_151102_Drg421_418_Age	s_pRII_JI09_151102_Drg421_418_Age	JI09_151102_Drg421_418_Age	JI09_151102_Drg421_418_Age__H8925_and_ctrl	Drg421
pRII_Microscopy	model1_data49	model1_data114	1088.32093481286	90	s_pRII_JI09_151102_Drg421_418_Age	s_pRII_JI09_151102_Drg421_418_Age	JI09_151102_Drg421_418_Age	JI09_151102_Drg421_418_Age__H8925_and_ctrl	Drg421
pRII_Microscopy	model1_data49	model1_data114	1119.53336084554	120	s_pRII_JI09_151102_Drg421_418_Age	s_pRII_JI09_151102_Drg421_418_Age	JI09_151102_Drg421_418_Age	JI09_151102_Drg421_418_Age__H8925_and_ctrl	Drg421
pRII_Microscopy	model1_data49	model1_data114	1157.90345659123	180	s_pRII_JI09_151102_Drg421_418_Age	s_pRII_JI09_151102_Drg421_418_Age	JI09_151102_Drg421_418_Age	JI09_151102_Drg421_418_Age__H8925_and_ctrl	Drg421
pRII_Microscopy	model1_data49	model1_data114	961.256438016934	60	s_pRII_JI09_151102_Drg421_418_Age	s_pRII_JI09_151102_Drg421_418_Age	JI09_151102_Drg421_418_Age	JI09_151102_Drg421_418_Age__H8925_and_ctrl	Drg421
pRII_Microscopy	model1_data49	model1_data114	1032.20922373079	61	s_pRII_JI09_151102_Drg421_418_Age	s_pRII_JI09_151102_Drg421_418_Age	JI09_151102_Drg421_418_Age	JI09_151102_Drg421_418_Age__H8925_and_ctrl	Drg421
pRII_Microscopy	model1_data49	model1_data114	926.066591961789	65	s_pRII_JI09_151102_Drg421_418_Age	s_pRII_JI09_151102_Drg421_418_Age	JI09_151102_Drg421_418_Age	JI09_151102_Drg421_418_Age__H8925_and_ctrl	Drg421
pRII_Microscopy	model1_data49	model1_data114	985.300693607501	75	s_pRII_JI09_151102_Drg421_418_Age	s_pRII_JI09_151102_Drg421_418_Age	JI09_151102_Drg421_418_Age	JI09_151102_Drg421_418_Age__H8925_and_ctrl	Drg421
pRII_Microscopy	model1_data49	model1_data114	947.599584649624	90	s_pRII_JI09_151102_Drg421_418_Age	s_pRII_JI09_151102_Drg421_418_Age	JI09_151102_Drg421_418_Age	JI09_151102_Drg421_418_Age__H8925_and_ctrl	Drg421
pRII_Microscopy	model1_data49	model1_data114	1011.50599129837	120	s_pRII_JI09_151102_Drg421_418_Age	s_pRII_JI09_151102_Drg421_418_Age	JI09_151102_Drg421_418_Age	JI09_151102_Drg421_418_Age__H8925_and_ctrl	Drg421
pRII_Microscopy	model1_data49	model1_data114	966.040533964638	180	s_pRII_JI09_151102_Drg421_418_Age	s_pRII_JI09_151102_Drg421_418_Age	JI09_151102_Drg421_418_Age	JI09_151102_Drg421_418_Age__H8925_and_ctrl	Drg421
pRII_Microscopy	model1_data49	model1_data114	1023.61789369701	60	s_pRII_JI09_151102_Drg421_418_Age	s_pRII_JI09_151102_Drg421_418_Age	JI09_151102_Drg421_418_Age	JI09_151102_Drg421_418_Age__H8925_and_ctrl	Drg421
pRII_Microscopy	model1_data49	model1_data114	1136.09593197612	61	s_pRII_JI09_151102_Drg421_418_Age	s_pRII_JI09_151102_Drg421_418_Age	JI09_151102_Drg421_418_Age	JI09_151102_Drg421_418_Age__H8925_and_ctrl	Drg421
pRII_Microscopy	model1_data49	model1_data114	1118.35482577098	65	s_pRII_JI09_151102_Drg421_418_Age	s_pRII_JI09_151102_Drg421_418_Age	JI09_151102_Drg421_418_Age	JI09_151102_Drg421_418_Age__H8925_and_ctrl	Drg421
pRII_Microscopy	model1_data49	model1_data114	1075.61056697138	75	s_pRII_JI09_151102_Drg421_418_Age	s_pRII_JI09_151102_Drg421_418_Age	JI09_151102_Drg421_418_Age	JI09_151102_Drg421_418_Age__H8925_and_ctrl	Drg421
pRII_Microscopy	model1_data49	model1_data114	1036.11645811969	90	s_pRII_JI09_151102_Drg421_418_Age	s_pRII_JI09_151102_Drg421_418_Age	JI09_151102_Drg421_418_Age	JI09_151102_Drg421_418_Age__H8925_and_ctrl	Drg421
pRII_Microscopy	model1_data49	model1_data114	1075.03050860158	120	s_pRII_JI09_151102_Drg421_418_Age	s_pRII_JI09_151102_Drg421_418_Age	JI09_151102_Drg421_418_Age	JI09_151102_Drg421_418_Age__H8925_and_ctrl	Drg421
pRII_Microscopy	model1_data49	model1_data114	1093.70082858642	180	s_pRII_JI09_151102_Drg421_418_Age	s_pRII_JI09_151102_Drg421_418_Age	JI09_151102_Drg421_418_Age	JI09_151102_Drg421_418_Age__H8925_and_ctrl	Drg421
pRII_Microscopy	model1_data49	model1_data115	954.613539232225	60	s_pRII_JI09_151102_Drg421_418_Age	s_pRII_JI09_151102_Drg421_418_Age	JI09_151102_Drg421_418_Age	JI09_151102_Drg421_418_Age__H894_and_Fsk3	Drg421
pRII_Microscopy	model1_data49	model1_data115	1680.510664714	61	s_pRII_JI09_151102_Drg421_418_Age	s_pRII_JI09_151102_Drg421_418_Age	JI09_151102_Drg421_418_Age	JI09_151102_Drg421_418_Age__H894_and_Fsk3	Drg421
pRII_Microscopy	model1_data49	model1_data115	1668.40954290156	65	s_pRII_JI09_151102_Drg421_418_Age	s_pRII_JI09_151102_Drg421_418_Age	JI09_151102_Drg421_418_Age	JI09_151102_Drg421_418_Age__H894_and_Fsk3	Drg421
pRII_Microscopy	model1_data49	model1_data115	2066.86672498599	75	s_pRII_JI09_151102_Drg421_418_Age	s_pRII_JI09_151102_Drg421_418_Age	JI09_151102_Drg421_418_Age	JI09_151102_Drg421_418_Age__H894_and_Fsk3	Drg421
pRII_Microscopy	model1_data49	model1_data115	2066.16660131276	90	s_pRII_JI09_151102_Drg421_418_Age	s_pRII_JI09_151102_Drg421_418_Age	JI09_151102_Drg421_418_Age	JI09_151102_Drg421_418_Age__H894_and_Fsk3	Drg421
pRII_Microscopy	model1_data49	model1_data115	2029.87846628987	120	s_pRII_JI09_151102_Drg421_418_Age	s_pRII_JI09_151102_Drg421_418_Age	JI09_151102_Drg421_418_Age	JI09_151102_Drg421_418_Age__H894_and_Fsk3	Drg421
pRII_Microscopy	model1_data49	model1_data115	2062.62041470314	180	s_pRII_JI09_151102_Drg421_418_Age	s_pRII_JI09_151102_Drg421_418_Age	JI09_151102_Drg421_418_Age	JI09_151102_Drg421_418_Age__H894_and_Fsk3	Drg421
pRII_Microscopy	model1_data49	model1_data115	1142.74388813919	60	s_pRII_JI09_151102_Drg421_418_Age	s_pRII_JI09_151102_Drg421_418_Age	JI09_151102_Drg421_418_Age	JI09_151102_Drg421_418_Age__H894_and_Fsk3	Drg421
pRII_Microscopy	model1_data49	model1_data115	1635.85858679034	61	s_pRII_JI09_151102_Drg421_418_Age	s_pRII_JI09_151102_Drg421_418_Age	JI09_151102_Drg421_418_Age	JI09_151102_Drg421_418_Age__H894_and_Fsk3	Drg421
pRII_Microscopy	model1_data49	model1_data115	1768.47786307707	65	s_pRII_JI09_151102_Drg421_418_Age	s_pRII_JI09_151102_Drg421_418_Age	JI09_151102_Drg421_418_Age	JI09_151102_Drg421_418_Age__H894_and_Fsk3	Drg421
pRII_Microscopy	model1_data49	model1_data115	2051.49294307673	75	s_pRII_JI09_151102_Drg421_418_Age	s_pRII_JI09_151102_Drg421_418_Age	JI09_151102_Drg421_418_Age	JI09_151102_Drg421_418_Age__H894_and_Fsk3	Drg421
pRII_Microscopy	model1_data49	model1_data115	2057.6991893725	90	s_pRII_JI09_151102_Drg421_418_Age	s_pRII_JI09_151102_Drg421_418_Age	JI09_151102_Drg421_418_Age	JI09_151102_Drg421_418_Age__H894_and_Fsk3	Drg421
pRII_Microscopy	model1_data49	model1_data115	2126.68329938121	120	s_pRII_JI09_151102_Drg421_418_Age	s_pRII_JI09_151102_Drg421_418_Age	JI09_151102_Drg421_418_Age	JI09_151102_Drg421_418_Age__H894_and_Fsk3	Drg421
pRII_Microscopy	model1_data49	model1_data115	2170.97979971401	180	s_pRII_JI09_151102_Drg421_418_Age	s_pRII_JI09_151102_Drg421_418_Age	JI09_151102_Drg421_418_Age	JI09_151102_Drg421_418_Age__H894_and_Fsk3	Drg421
pRII_Microscopy	model1_data49	model1_data115	961.456810031128	60	s_pRII_JI09_151102_Drg421_418_Age	s_pRII_JI09_151102_Drg421_418_Age	JI09_151102_Drg421_418_Age	JI09_151102_Drg421_418_Age__H894_and_Fsk3	Drg421
pRII_Microscopy	model1_data49	model1_data115	1488.73488944203	61	s_pRII_JI09_151102_Drg421_418_Age	s_pRII_JI09_151102_Drg421_418_Age	JI09_151102_Drg421_418_Age	JI09_151102_Drg421_418_Age__H894_and_Fsk3	Drg421
pRII_Microscopy	model1_data49	model1_data115	1708.89370670583	65	s_pRII_JI09_151102_Drg421_418_Age	s_pRII_JI09_151102_Drg421_418_Age	JI09_151102_Drg421_418_Age	JI09_151102_Drg421_418_Age__H894_and_Fsk3	Drg421
pRII_Microscopy	model1_data49	model1_data115	1882.00242041111	75	s_pRII_JI09_151102_Drg421_418_Age	s_pRII_JI09_151102_Drg421_418_Age	JI09_151102_Drg421_418_Age	JI09_151102_Drg421_418_Age__H894_and_Fsk3	Drg421
pRII_Microscopy	model1_data49	model1_data115	1911.49948366636	90	s_pRII_JI09_151102_Drg421_418_Age	s_pRII_JI09_151102_Drg421_418_Age	JI09_151102_Drg421_418_Age	JI09_151102_Drg421_418_Age__H894_and_Fsk3	Drg421
pRII_Microscopy	model1_data49	model1_data115	1981.3841536222	120	s_pRII_JI09_151102_Drg421_418_Age	s_pRII_JI09_151102_Drg421_418_Age	JI09_151102_Drg421_418_Age	JI09_151102_Drg421_418_Age__H894_and_Fsk3	Drg421
pRII_Microscopy	model1_data49	model1_data115	2062.78280843962	180	s_pRII_JI09_151102_Drg421_418_Age	s_pRII_JI09_151102_Drg421_418_Age	JI09_151102_Drg421_418_Age	JI09_151102_Drg421_418_Age__H894_and_Fsk3	Drg421
pRII_Microscopy	model1_data49	model1_data115	1091.17629635425	60	s_pRII_JI09_151102_Drg421_418_Age	s_pRII_JI09_151102_Drg421_418_Age	JI09_151102_Drg421_418_Age	JI09_151102_Drg421_418_Age__H894_and_Fsk3	Drg421
pRII_Microscopy	model1_data49	model1_data115	1854.29463963172	61	s_pRII_JI09_151102_Drg421_418_Age	s_pRII_JI09_151102_Drg421_418_Age	JI09_151102_Drg421_418_Age	JI09_151102_Drg421_418_Age__H894_and_Fsk3	Drg421
pRII_Microscopy	model1_data49	model1_data115	2171.30989579113	65	s_pRII_JI09_151102_Drg421_418_Age	s_pRII_JI09_151102_Drg421_418_Age	JI09_151102_Drg421_418_Age	JI09_151102_Drg421_418_Age__H894_and_Fsk3	Drg421
pRII_Microscopy	model1_data49	model1_data115	2069.51017197427	75	s_pRII_JI09_151102_Drg421_418_Age	s_pRII_JI09_151102_Drg421_418_Age	JI09_151102_Drg421_418_Age	JI09_151102_Drg421_418_Age__H894_and_Fsk3	Drg421
pRII_Microscopy	model1_data49	model1_data115	2143.344363648	90	s_pRII_JI09_151102_Drg421_418_Age	s_pRII_JI09_151102_Drg421_418_Age	JI09_151102_Drg421_418_Age	JI09_151102_Drg421_418_Age__H894_and_Fsk3	Drg421
pRII_Microscopy	model1_data49	model1_data115	2174.44237222957	120	s_pRII_JI09_151102_Drg421_418_Age	s_pRII_JI09_151102_Drg421_418_Age	JI09_151102_Drg421_418_Age	JI09_151102_Drg421_418_Age__H894_and_Fsk3	Drg421
pRII_Microscopy	model1_data49	model1_data115	2139.36358971304	180	s_pRII_JI09_151102_Drg421_418_Age	s_pRII_JI09_151102_Drg421_418_Age	JI09_151102_Drg421_418_Age	JI09_151102_Drg421_418_Age__H894_and_Fsk3	Drg421
pRII_Microscopy	model1_data49	model1_data116	1039.15129124004	60	s_pRII_JI09_151102_Drg421_418_Age	s_pRII_JI09_151102_Drg421_418_Age	JI09_151102_Drg421_418_Age	JI09_151102_Drg421_418_Age__H8910_and_Fsk3	Drg421
pRII_Microscopy	model1_data49	model1_data116	1558.51321607434	61	s_pRII_JI09_151102_Drg421_418_Age	s_pRII_JI09_151102_Drg421_418_Age	JI09_151102_Drg421_418_Age	JI09_151102_Drg421_418_Age__H8910_and_Fsk3	Drg421
pRII_Microscopy	model1_data49	model1_data116	1606.23387750146	65	s_pRII_JI09_151102_Drg421_418_Age	s_pRII_JI09_151102_Drg421_418_Age	JI09_151102_Drg421_418_Age	JI09_151102_Drg421_418_Age__H8910_and_Fsk3	Drg421
pRII_Microscopy	model1_data49	model1_data116	1981.75937157492	75	s_pRII_JI09_151102_Drg421_418_Age	s_pRII_JI09_151102_Drg421_418_Age	JI09_151102_Drg421_418_Age	JI09_151102_Drg421_418_Age__H8910_and_Fsk3	Drg421
pRII_Microscopy	model1_data49	model1_data116	2065.92849927042	90	s_pRII_JI09_151102_Drg421_418_Age	s_pRII_JI09_151102_Drg421_418_Age	JI09_151102_Drg421_418_Age	JI09_151102_Drg421_418_Age__H8910_and_Fsk3	Drg421
pRII_Microscopy	model1_data49	model1_data116	2004.95957477978	120	s_pRII_JI09_151102_Drg421_418_Age	s_pRII_JI09_151102_Drg421_418_Age	JI09_151102_Drg421_418_Age	JI09_151102_Drg421_418_Age__H8910_and_Fsk3	Drg421
pRII_Microscopy	model1_data49	model1_data116	2014.66321592004	180	s_pRII_JI09_151102_Drg421_418_Age	s_pRII_JI09_151102_Drg421_418_Age	JI09_151102_Drg421_418_Age	JI09_151102_Drg421_418_Age__H8910_and_Fsk3	Drg421
pRII_Microscopy	model1_data49	model1_data116	1032.21872301785	60	s_pRII_JI09_151102_Drg421_418_Age	s_pRII_JI09_151102_Drg421_418_Age	JI09_151102_Drg421_418_Age	JI09_151102_Drg421_418_Age__H8910_and_Fsk3	Drg421
pRII_Microscopy	model1_data49	model1_data116	1521.27746680143	61	s_pRII_JI09_151102_Drg421_418_Age	s_pRII_JI09_151102_Drg421_418_Age	JI09_151102_Drg421_418_Age	JI09_151102_Drg421_418_Age__H8910_and_Fsk3	Drg421
pRII_Microscopy	model1_data49	model1_data116	1757.60421422319	65	s_pRII_JI09_151102_Drg421_418_Age	s_pRII_JI09_151102_Drg421_418_Age	JI09_151102_Drg421_418_Age	JI09_151102_Drg421_418_Age__H8910_and_Fsk3	Drg421
pRII_Microscopy	model1_data49	model1_data116	2096.95838032374	75	s_pRII_JI09_151102_Drg421_418_Age	s_pRII_JI09_151102_Drg421_418_Age	JI09_151102_Drg421_418_Age	JI09_151102_Drg421_418_Age__H8910_and_Fsk3	Drg421
pRII_Microscopy	model1_data49	model1_data116	2016.69783851884	90	s_pRII_JI09_151102_Drg421_418_Age	s_pRII_JI09_151102_Drg421_418_Age	JI09_151102_Drg421_418_Age	JI09_151102_Drg421_418_Age__H8910_and_Fsk3	Drg421
pRII_Microscopy	model1_data49	model1_data116	2071.40892613669	120	s_pRII_JI09_151102_Drg421_418_Age	s_pRII_JI09_151102_Drg421_418_Age	JI09_151102_Drg421_418_Age	JI09_151102_Drg421_418_Age__H8910_and_Fsk3	Drg421
pRII_Microscopy	model1_data49	model1_data116	1973.75866051831	180	s_pRII_JI09_151102_Drg421_418_Age	s_pRII_JI09_151102_Drg421_418_Age	JI09_151102_Drg421_418_Age	JI09_151102_Drg421_418_Age__H8910_and_Fsk3	Drg421
pRII_Microscopy	model1_data49	model1_data116	1019.78340649241	60	s_pRII_JI09_151102_Drg421_418_Age	s_pRII_JI09_151102_Drg421_418_Age	JI09_151102_Drg421_418_Age	JI09_151102_Drg421_418_Age__H8910_and_Fsk3	Drg421
pRII_Microscopy	model1_data49	model1_data116	1476.73315075484	61	s_pRII_JI09_151102_Drg421_418_Age	s_pRII_JI09_151102_Drg421_418_Age	JI09_151102_Drg421_418_Age	JI09_151102_Drg421_418_Age__H8910_and_Fsk3	Drg421
pRII_Microscopy	model1_data49	model1_data116	1668.54941759502	65	s_pRII_JI09_151102_Drg421_418_Age	s_pRII_JI09_151102_Drg421_418_Age	JI09_151102_Drg421_418_Age	JI09_151102_Drg421_418_Age__H8910_and_Fsk3	Drg421
pRII_Microscopy	model1_data49	model1_data116	1820.78889446639	75	s_pRII_JI09_151102_Drg421_418_Age	s_pRII_JI09_151102_Drg421_418_Age	JI09_151102_Drg421_418_Age	JI09_151102_Drg421_418_Age__H8910_and_Fsk3	Drg421
pRII_Microscopy	model1_data49	model1_data116	1817.86283517582	90	s_pRII_JI09_151102_Drg421_418_Age	s_pRII_JI09_151102_Drg421_418_Age	JI09_151102_Drg421_418_Age	JI09_151102_Drg421_418_Age__H8910_and_Fsk3	Drg421
pRII_Microscopy	model1_data49	model1_data116	1921.37152465685	120	s_pRII_JI09_151102_Drg421_418_Age	s_pRII_JI09_151102_Drg421_418_Age	JI09_151102_Drg421_418_Age	JI09_151102_Drg421_418_Age__H8910_and_Fsk3	Drg421
pRII_Microscopy	model1_data49	model1_data116	1788.64647594804	180	s_pRII_JI09_151102_Drg421_418_Age	s_pRII_JI09_151102_Drg421_418_Age	JI09_151102_Drg421_418_Age	JI09_151102_Drg421_418_Age__H8910_and_Fsk3	Drg421
pRII_Microscopy	model1_data49	model1_data116	1074.66944724615	60	s_pRII_JI09_151102_Drg421_418_Age	s_pRII_JI09_151102_Drg421_418_Age	JI09_151102_Drg421_418_Age	JI09_151102_Drg421_418_Age__H8910_and_Fsk3	Drg421
pRII_Microscopy	model1_data49	model1_data116	1783.09748514045	61	s_pRII_JI09_151102_Drg421_418_Age	s_pRII_JI09_151102_Drg421_418_Age	JI09_151102_Drg421_418_Age	JI09_151102_Drg421_418_Age__H8910_and_Fsk3	Drg421
pRII_Microscopy	model1_data49	model1_data116	2034.84078106079	65	s_pRII_JI09_151102_Drg421_418_Age	s_pRII_JI09_151102_Drg421_418_Age	JI09_151102_Drg421_418_Age	JI09_151102_Drg421_418_Age__H8910_and_Fsk3	Drg421
pRII_Microscopy	model1_data49	model1_data116	1954.57016112002	75	s_pRII_JI09_151102_Drg421_418_Age	s_pRII_JI09_151102_Drg421_418_Age	JI09_151102_Drg421_418_Age	JI09_151102_Drg421_418_Age__H8910_and_Fsk3	Drg421
pRII_Microscopy	model1_data49	model1_data116	1958.34007714089	90	s_pRII_JI09_151102_Drg421_418_Age	s_pRII_JI09_151102_Drg421_418_Age	JI09_151102_Drg421_418_Age	JI09_151102_Drg421_418_Age__H8910_and_Fsk3	Drg421
pRII_Microscopy	model1_data49	model1_data116	2116.69526725044	120	s_pRII_JI09_151102_Drg421_418_Age	s_pRII_JI09_151102_Drg421_418_Age	JI09_151102_Drg421_418_Age	JI09_151102_Drg421_418_Age__H8910_and_Fsk3	Drg421
pRII_Microscopy	model1_data49	model1_data116	1944.61973919293	180	s_pRII_JI09_151102_Drg421_418_Age	s_pRII_JI09_151102_Drg421_418_Age	JI09_151102_Drg421_418_Age	JI09_151102_Drg421_418_Age__H8910_and_Fsk3	Drg421
pRII_Microscopy	model1_data49	model1_data117	1076.58428147136	60	s_pRII_JI09_151102_Drg421_418_Age	s_pRII_JI09_151102_Drg421_418_Age	JI09_151102_Drg421_418_Age	JI09_151102_Drg421_418_Age__H8925_and_Fsk3	Drg421
pRII_Microscopy	model1_data49	model1_data117	1463.19993245536	61	s_pRII_JI09_151102_Drg421_418_Age	s_pRII_JI09_151102_Drg421_418_Age	JI09_151102_Drg421_418_Age	JI09_151102_Drg421_418_Age__H8925_and_Fsk3	Drg421
pRII_Microscopy	model1_data49	model1_data117	1598.07488188744	65	s_pRII_JI09_151102_Drg421_418_Age	s_pRII_JI09_151102_Drg421_418_Age	JI09_151102_Drg421_418_Age	JI09_151102_Drg421_418_Age__H8925_and_Fsk3	Drg421
pRII_Microscopy	model1_data49	model1_data117	2086.74235262396	75	s_pRII_JI09_151102_Drg421_418_Age	s_pRII_JI09_151102_Drg421_418_Age	JI09_151102_Drg421_418_Age	JI09_151102_Drg421_418_Age__H8925_and_Fsk3	Drg421
pRII_Microscopy	model1_data49	model1_data117	2003.91453684091	90	s_pRII_JI09_151102_Drg421_418_Age	s_pRII_JI09_151102_Drg421_418_Age	JI09_151102_Drg421_418_Age	JI09_151102_Drg421_418_Age__H8925_and_Fsk3	Drg421
pRII_Microscopy	model1_data49	model1_data117	1938.88407149755	120	s_pRII_JI09_151102_Drg421_418_Age	s_pRII_JI09_151102_Drg421_418_Age	JI09_151102_Drg421_418_Age	JI09_151102_Drg421_418_Age__H8925_and_Fsk3	Drg421
pRII_Microscopy	model1_data49	model1_data117	1759.83993998035	180	s_pRII_JI09_151102_Drg421_418_Age	s_pRII_JI09_151102_Drg421_418_Age	JI09_151102_Drg421_418_Age	JI09_151102_Drg421_418_Age__H8925_and_Fsk3	Drg421
pRII_Microscopy	model1_data49	model1_data117	1053.96981683504	60	s_pRII_JI09_151102_Drg421_418_Age	s_pRII_JI09_151102_Drg421_418_Age	JI09_151102_Drg421_418_Age	JI09_151102_Drg421_418_Age__H8925_and_Fsk3	Drg421
pRII_Microscopy	model1_data49	model1_data117	1392.62599598375	61	s_pRII_JI09_151102_Drg421_418_Age	s_pRII_JI09_151102_Drg421_418_Age	JI09_151102_Drg421_418_Age	JI09_151102_Drg421_418_Age__H8925_and_Fsk3	Drg421
pRII_Microscopy	model1_data49	model1_data117	1563.14874827245	65	s_pRII_JI09_151102_Drg421_418_Age	s_pRII_JI09_151102_Drg421_418_Age	JI09_151102_Drg421_418_Age	JI09_151102_Drg421_418_Age__H8925_and_Fsk3	Drg421
pRII_Microscopy	model1_data49	model1_data117	2124.65592927405	75	s_pRII_JI09_151102_Drg421_418_Age	s_pRII_JI09_151102_Drg421_418_Age	JI09_151102_Drg421_418_Age	JI09_151102_Drg421_418_Age__H8925_and_Fsk3	Drg421
pRII_Microscopy	model1_data49	model1_data117	1938.39374894409	90	s_pRII_JI09_151102_Drg421_418_Age	s_pRII_JI09_151102_Drg421_418_Age	JI09_151102_Drg421_418_Age	JI09_151102_Drg421_418_Age__H8925_and_Fsk3	Drg421
pRII_Microscopy	model1_data49	model1_data117	2038.34199642269	120	s_pRII_JI09_151102_Drg421_418_Age	s_pRII_JI09_151102_Drg421_418_Age	JI09_151102_Drg421_418_Age	JI09_151102_Drg421_418_Age__H8925_and_Fsk3	Drg421
pRII_Microscopy	model1_data49	model1_data117	1883.70552298321	180	s_pRII_JI09_151102_Drg421_418_Age	s_pRII_JI09_151102_Drg421_418_Age	JI09_151102_Drg421_418_Age	JI09_151102_Drg421_418_Age__H8925_and_Fsk3	Drg421
pRII_Microscopy	model1_data49	model1_data117	1041.34526144772	60	s_pRII_JI09_151102_Drg421_418_Age	s_pRII_JI09_151102_Drg421_418_Age	JI09_151102_Drg421_418_Age	JI09_151102_Drg421_418_Age__H8925_and_Fsk3	Drg421
pRII_Microscopy	model1_data49	model1_data117	1513.09360612042	61	s_pRII_JI09_151102_Drg421_418_Age	s_pRII_JI09_151102_Drg421_418_Age	JI09_151102_Drg421_418_Age	JI09_151102_Drg421_418_Age__H8925_and_Fsk3	Drg421
pRII_Microscopy	model1_data49	model1_data117	1549.0941049994	65	s_pRII_JI09_151102_Drg421_418_Age	s_pRII_JI09_151102_Drg421_418_Age	JI09_151102_Drg421_418_Age	JI09_151102_Drg421_418_Age__H8925_and_Fsk3	Drg421
pRII_Microscopy	model1_data49	model1_data117	1677.62516985257	75	s_pRII_JI09_151102_Drg421_418_Age	s_pRII_JI09_151102_Drg421_418_Age	JI09_151102_Drg421_418_Age	JI09_151102_Drg421_418_Age__H8925_and_Fsk3	Drg421
pRII_Microscopy	model1_data49	model1_data117	1690.65009508101	90	s_pRII_JI09_151102_Drg421_418_Age	s_pRII_JI09_151102_Drg421_418_Age	JI09_151102_Drg421_418_Age	JI09_151102_Drg421_418_Age__H8925_and_Fsk3	Drg421
pRII_Microscopy	model1_data49	model1_data117	1889.16108467211	120	s_pRII_JI09_151102_Drg421_418_Age	s_pRII_JI09_151102_Drg421_418_Age	JI09_151102_Drg421_418_Age	JI09_151102_Drg421_418_Age__H8925_and_Fsk3	Drg421
pRII_Microscopy	model1_data49	model1_data117	1782.37018301432	180	s_pRII_JI09_151102_Drg421_418_Age	s_pRII_JI09_151102_Drg421_418_Age	JI09_151102_Drg421_418_Age	JI09_151102_Drg421_418_Age__H8925_and_Fsk3	Drg421
pRII_Microscopy	model1_data49	model1_data117	1073.77388680959	60	s_pRII_JI09_151102_Drg421_418_Age	s_pRII_JI09_151102_Drg421_418_Age	JI09_151102_Drg421_418_Age	JI09_151102_Drg421_418_Age__H8925_and_Fsk3	Drg421
pRII_Microscopy	model1_data49	model1_data117	1654.35985995925	61	s_pRII_JI09_151102_Drg421_418_Age	s_pRII_JI09_151102_Drg421_418_Age	JI09_151102_Drg421_418_Age	JI09_151102_Drg421_418_Age__H8925_and_Fsk3	Drg421
pRII_Microscopy	model1_data49	model1_data117	1951.18622791838	65	s_pRII_JI09_151102_Drg421_418_Age	s_pRII_JI09_151102_Drg421_418_Age	JI09_151102_Drg421_418_Age	JI09_151102_Drg421_418_Age__H8925_and_Fsk3	Drg421
pRII_Microscopy	model1_data49	model1_data117	1852.14219774258	75	s_pRII_JI09_151102_Drg421_418_Age	s_pRII_JI09_151102_Drg421_418_Age	JI09_151102_Drg421_418_Age	JI09_151102_Drg421_418_Age__H8925_and_Fsk3	Drg421
pRII_Microscopy	model1_data49	model1_data117	1893.67053268797	90	s_pRII_JI09_151102_Drg421_418_Age	s_pRII_JI09_151102_Drg421_418_Age	JI09_151102_Drg421_418_Age	JI09_151102_Drg421_418_Age__H8925_and_Fsk3	Drg421
pRII_Microscopy	model1_data49	model1_data117	1927.1036899507	120	s_pRII_JI09_151102_Drg421_418_Age	s_pRII_JI09_151102_Drg421_418_Age	JI09_151102_Drg421_418_Age	JI09_151102_Drg421_418_Age__H8925_and_Fsk3	Drg421
pRII_Microscopy	model1_data49	model1_data117	1650.11572944872	180	s_pRII_JI09_151102_Drg421_418_Age	s_pRII_JI09_151102_Drg421_418_Age	JI09_151102_Drg421_418_Age	JI09_151102_Drg421_418_Age__H8925_and_Fsk3	Drg421
Calpha_Microscopy	model1_data49	model1_data118	983.647776475185	0	s_Calpha_JI09_160201_Drg453_452_CycNuc		JI09_160201_Drg453_452_CycNuc	JI09_160201_Drg453_452_CycNuc__ctrl	Drg453
Calpha_Microscopy	model1_data49	model1_data118	1036.98751713031	1	s_Calpha_JI09_160201_Drg453_452_CycNuc		JI09_160201_Drg453_452_CycNuc	JI09_160201_Drg453_452_CycNuc__ctrl	Drg453
Calpha_Microscopy	model1_data49	model1_data118	1015.16518613161	5	s_Calpha_JI09_160201_Drg453_452_CycNuc		JI09_160201_Drg453_452_CycNuc	JI09_160201_Drg453_452_CycNuc__ctrl	Drg453
Calpha_Microscopy	model1_data49	model1_data118	1046.31712781469	15	s_Calpha_JI09_160201_Drg453_452_CycNuc		JI09_160201_Drg453_452_CycNuc	JI09_160201_Drg453_452_CycNuc__ctrl	Drg453
Calpha_Microscopy	model1_data49	model1_data118	1062.04676251142	30	s_Calpha_JI09_160201_Drg453_452_CycNuc		JI09_160201_Drg453_452_CycNuc	JI09_160201_Drg453_452_CycNuc__ctrl	Drg453
Calpha_Microscopy	model1_data49	model1_data118	1023.54875319051	60	s_Calpha_JI09_160201_Drg453_452_CycNuc		JI09_160201_Drg453_452_CycNuc	JI09_160201_Drg453_452_CycNuc__ctrl	Drg453
Calpha_Microscopy	model1_data49	model1_data118	1067.57999767763	120	s_Calpha_JI09_160201_Drg453_452_CycNuc		JI09_160201_Drg453_452_CycNuc	JI09_160201_Drg453_452_CycNuc__ctrl	Drg453
Calpha_Microscopy	model1_data49	model1_data118	1008.17611176241	0	s_Calpha_JI09_160201_Drg453_452_CycNuc		JI09_160201_Drg453_452_CycNuc	JI09_160201_Drg453_452_CycNuc__ctrl	Drg453
Calpha_Microscopy	model1_data49	model1_data118	1059.99207542384	1	s_Calpha_JI09_160201_Drg453_452_CycNuc		JI09_160201_Drg453_452_CycNuc	JI09_160201_Drg453_452_CycNuc__ctrl	Drg453
Calpha_Microscopy	model1_data49	model1_data118	1028.52748805891	5	s_Calpha_JI09_160201_Drg453_452_CycNuc		JI09_160201_Drg453_452_CycNuc	JI09_160201_Drg453_452_CycNuc__ctrl	Drg453
Calpha_Microscopy	model1_data49	model1_data118	1022.99813961035	15	s_Calpha_JI09_160201_Drg453_452_CycNuc		JI09_160201_Drg453_452_CycNuc	JI09_160201_Drg453_452_CycNuc__ctrl	Drg453
Calpha_Microscopy	model1_data49	model1_data118	1048.22237433644	30	s_Calpha_JI09_160201_Drg453_452_CycNuc		JI09_160201_Drg453_452_CycNuc	JI09_160201_Drg453_452_CycNuc__ctrl	Drg453
Calpha_Microscopy	model1_data49	model1_data118	1041.42338902614	60	s_Calpha_JI09_160201_Drg453_452_CycNuc		JI09_160201_Drg453_452_CycNuc	JI09_160201_Drg453_452_CycNuc__ctrl	Drg453
Calpha_Microscopy	model1_data49	model1_data118	1036.11077649463	120	s_Calpha_JI09_160201_Drg453_452_CycNuc		JI09_160201_Drg453_452_CycNuc	JI09_160201_Drg453_452_CycNuc__ctrl	Drg453
Calpha_Microscopy	model1_data49	model1_data119	879.228729061863	0	s_Calpha_JI09_160201_Drg453_452_CycNuc		JI09_160201_Drg453_452_CycNuc	JI09_160201_Drg453_452_CycNuc__Fsk	Drg453
Calpha_Microscopy	model1_data49	model1_data119	1581.53741692796	1	s_Calpha_JI09_160201_Drg453_452_CycNuc		JI09_160201_Drg453_452_CycNuc	JI09_160201_Drg453_452_CycNuc__Fsk	Drg453
Calpha_Microscopy	model1_data49	model1_data119	1438.50961261038	5	s_Calpha_JI09_160201_Drg453_452_CycNuc		JI09_160201_Drg453_452_CycNuc	JI09_160201_Drg453_452_CycNuc__Fsk	Drg453
Calpha_Microscopy	model1_data49	model1_data119	1660.37330168896	15	s_Calpha_JI09_160201_Drg453_452_CycNuc		JI09_160201_Drg453_452_CycNuc	JI09_160201_Drg453_452_CycNuc__Fsk	Drg453
Calpha_Microscopy	model1_data49	model1_data119	1689.96321802702	30	s_Calpha_JI09_160201_Drg453_452_CycNuc		JI09_160201_Drg453_452_CycNuc	JI09_160201_Drg453_452_CycNuc__Fsk	Drg453
Calpha_Microscopy	model1_data49	model1_data119	1636.37607052934	60	s_Calpha_JI09_160201_Drg453_452_CycNuc		JI09_160201_Drg453_452_CycNuc	JI09_160201_Drg453_452_CycNuc__Fsk	Drg453
Calpha_Microscopy	model1_data49	model1_data119	1620.09654897667	120	s_Calpha_JI09_160201_Drg453_452_CycNuc		JI09_160201_Drg453_452_CycNuc	JI09_160201_Drg453_452_CycNuc__Fsk	Drg453
Calpha_Microscopy	model1_data49	model1_data119	1120.77127093813	0	s_Calpha_JI09_160201_Drg453_452_CycNuc		JI09_160201_Drg453_452_CycNuc	JI09_160201_Drg453_452_CycNuc__Fsk	Drg453
Calpha_Microscopy	model1_data49	model1_data119	1667.40089201827	1	s_Calpha_JI09_160201_Drg453_452_CycNuc		JI09_160201_Drg453_452_CycNuc	JI09_160201_Drg453_452_CycNuc__Fsk	Drg453
Calpha_Microscopy	model1_data49	model1_data119	1645.67816237666	5	s_Calpha_JI09_160201_Drg453_452_CycNuc		JI09_160201_Drg453_452_CycNuc	JI09_160201_Drg453_452_CycNuc__Fsk	Drg453
Calpha_Microscopy	model1_data49	model1_data119	1782.02376254721	15	s_Calpha_JI09_160201_Drg453_452_CycNuc		JI09_160201_Drg453_452_CycNuc	JI09_160201_Drg453_452_CycNuc__Fsk	Drg453
Calpha_Microscopy	model1_data49	model1_data119	1777.71674921244	30	s_Calpha_JI09_160201_Drg453_452_CycNuc		JI09_160201_Drg453_452_CycNuc	JI09_160201_Drg453_452_CycNuc__Fsk	Drg453
Calpha_Microscopy	model1_data49	model1_data119	1723.95569589849	60	s_Calpha_JI09_160201_Drg453_452_CycNuc		JI09_160201_Drg453_452_CycNuc	JI09_160201_Drg453_452_CycNuc__Fsk	Drg453
Calpha_Microscopy	model1_data49	model1_data119	1663.72644523606	120	s_Calpha_JI09_160201_Drg453_452_CycNuc		JI09_160201_Drg453_452_CycNuc	JI09_160201_Drg453_452_CycNuc__Fsk	Drg453
Calpha_Microscopy	model1_data49	model1_data120	949.927218971313	0	s_Calpha_JI09_160201_Drg453_452_CycNuc		JI09_160201_Drg453_452_CycNuc	JI09_160201_Drg453_452_CycNuc__Sp8_Br_cAMPS_AM	Drg453
Calpha_Microscopy	model1_data49	model1_data120	1491.31668677286	1	s_Calpha_JI09_160201_Drg453_452_CycNuc		JI09_160201_Drg453_452_CycNuc	JI09_160201_Drg453_452_CycNuc__Sp8_Br_cAMPS_AM	Drg453
Calpha_Microscopy	model1_data49	model1_data120	1520.4218778277	5	s_Calpha_JI09_160201_Drg453_452_CycNuc		JI09_160201_Drg453_452_CycNuc	JI09_160201_Drg453_452_CycNuc__Sp8_Br_cAMPS_AM	Drg453
Calpha_Microscopy	model1_data49	model1_data120	1791.89794104833	15	s_Calpha_JI09_160201_Drg453_452_CycNuc		JI09_160201_Drg453_452_CycNuc	JI09_160201_Drg453_452_CycNuc__Sp8_Br_cAMPS_AM	Drg453
Calpha_Microscopy	model1_data49	model1_data120	1878.50131906362	30	s_Calpha_JI09_160201_Drg453_452_CycNuc		JI09_160201_Drg453_452_CycNuc	JI09_160201_Drg453_452_CycNuc__Sp8_Br_cAMPS_AM	Drg453
Calpha_Microscopy	model1_data49	model1_data120	1814.09416147163	60	s_Calpha_JI09_160201_Drg453_452_CycNuc		JI09_160201_Drg453_452_CycNuc	JI09_160201_Drg453_452_CycNuc__Sp8_Br_cAMPS_AM	Drg453
Calpha_Microscopy	model1_data49	model1_data120	1707.32299777627	120	s_Calpha_JI09_160201_Drg453_452_CycNuc		JI09_160201_Drg453_452_CycNuc	JI09_160201_Drg453_452_CycNuc__Sp8_Br_cAMPS_AM	Drg453
Calpha_Microscopy	model1_data49	model1_data120	1050.07278102869	0	s_Calpha_JI09_160201_Drg453_452_CycNuc		JI09_160201_Drg453_452_CycNuc	JI09_160201_Drg453_452_CycNuc__Sp8_Br_cAMPS_AM	Drg453
Calpha_Microscopy	model1_data49	model1_data120	1505.16044839798	1	s_Calpha_JI09_160201_Drg453_452_CycNuc		JI09_160201_Drg453_452_CycNuc	JI09_160201_Drg453_452_CycNuc__Sp8_Br_cAMPS_AM	Drg453
Calpha_Microscopy	model1_data49	model1_data120	1711.76106955636	5	s_Calpha_JI09_160201_Drg453_452_CycNuc		JI09_160201_Drg453_452_CycNuc	JI09_160201_Drg453_452_CycNuc__Sp8_Br_cAMPS_AM	Drg453
Calpha_Microscopy	model1_data49	model1_data120	1970.37755061331	15	s_Calpha_JI09_160201_Drg453_452_CycNuc		JI09_160201_Drg453_452_CycNuc	JI09_160201_Drg453_452_CycNuc__Sp8_Br_cAMPS_AM	Drg453
Calpha_Microscopy	model1_data49	model1_data120	1950.86994136962	30	s_Calpha_JI09_160201_Drg453_452_CycNuc		JI09_160201_Drg453_452_CycNuc	JI09_160201_Drg453_452_CycNuc__Sp8_Br_cAMPS_AM	Drg453
Calpha_Microscopy	model1_data49	model1_data120	2016.88336837521	60	s_Calpha_JI09_160201_Drg453_452_CycNuc		JI09_160201_Drg453_452_CycNuc	JI09_160201_Drg453_452_CycNuc__Sp8_Br_cAMPS_AM	Drg453
Calpha_Microscopy	model1_data49	model1_data120	1802.11729015101	120	s_Calpha_JI09_160201_Drg453_452_CycNuc		JI09_160201_Drg453_452_CycNuc	JI09_160201_Drg453_452_CycNuc__Sp8_Br_cAMPS_AM	Drg453
pRII_Western	model1_data49	model1_data121	1.1	15			JI09_160126_Drg449_444_CycNuc	JI09_160126_Drg449_444_CycNuc__ctrl	Drg449
pRII_Western	model1_data49	model1_data121	0.94	15			JI09_160126_Drg449_444_CycNuc	JI09_160126_Drg449_444_CycNuc__ctrl	Drg449
pRII_Western	model1_data49	model1_data121	1.02	15			JI09_160126_Drg449_444_CycNuc	JI09_160126_Drg449_444_CycNuc__ctrl	Drg449
pRII_Western	model1_data49	model1_data121	0.97	15			JI09_160126_Drg449_444_CycNuc	JI09_160126_Drg449_444_CycNuc__ctrl	Drg449
pRII_Western	model1_data49	model1_data121	1.06	15			JI09_160126_Drg449_444_CycNuc	JI09_160126_Drg449_444_CycNuc__ctrl	Drg449
pRII_Western	model1_data49	model1_data121	0.91	15			JI09_160126_Drg449_444_CycNuc	JI09_160126_Drg449_444_CycNuc__ctrl	Drg449
pRII_Western	model1_data49	model1_data122	1.22	15			JI09_160126_Drg449_444_CycNuc	JI09_160126_Drg449_444_CycNuc__Fsk10_and_IBMX100	Drg449
pRII_Western	model1_data49	model1_data122	1.18	15			JI09_160126_Drg449_444_CycNuc	JI09_160126_Drg449_444_CycNuc__Fsk10_and_IBMX100	Drg449
pRII_Western	model1_data49	model1_data122	1.08	15			JI09_160126_Drg449_444_CycNuc	JI09_160126_Drg449_444_CycNuc__Fsk10_and_IBMX100	Drg449
pRII_Western	model1_data49	model1_data122	1.26	15			JI09_160126_Drg449_444_CycNuc	JI09_160126_Drg449_444_CycNuc__Fsk10_and_IBMX100	Drg449
pRII_Western	model1_data49	model1_data122	1.04	15			JI09_160126_Drg449_444_CycNuc	JI09_160126_Drg449_444_CycNuc__Fsk10_and_IBMX100	Drg449
pRII_Western	model1_data49	model1_data122	1.1	15			JI09_160126_Drg449_444_CycNuc	JI09_160126_Drg449_444_CycNuc__Fsk10_and_IBMX100	Drg449
pRII_Western	model1_data49	model1_data123	1.1	15			JI09_160126_Drg449_444_CycNuc	JI09_160126_Drg449_444_CycNuc__Sp8_Br_cAMPS_AM10	Drg449
pRII_Western	model1_data49	model1_data123	0.74	15			JI09_160126_Drg449_444_CycNuc	JI09_160126_Drg449_444_CycNuc__Sp8_Br_cAMPS_AM10	Drg449
pRII_Western	model1_data49	model1_data123	1.22	15			JI09_160126_Drg449_444_CycNuc	JI09_160126_Drg449_444_CycNuc__Sp8_Br_cAMPS_AM10	Drg449
pRII_Western	model1_data49	model1_data123	1.06	15			JI09_160126_Drg449_444_CycNuc	JI09_160126_Drg449_444_CycNuc__Sp8_Br_cAMPS_AM10	Drg449
pRII_Western	model1_data49	model1_data123	1.02	15			JI09_160126_Drg449_444_CycNuc	JI09_160126_Drg449_444_CycNuc__Sp8_Br_cAMPS_AM10	Drg449
pRII_Western	model1_data49	model1_data123	0.97	15			JI09_160126_Drg449_444_CycNuc	JI09_160126_Drg449_444_CycNuc__Sp8_Br_cAMPS_AM10	Drg449
pRII_Microscopy	model1_data49	model1_data124	1011.40184258777	0	s_pRII_LK041_39_MOR_Kinetic_Fentanyl_Fsk	s_pRII_LK041_39_MOR_Kinetic_Fentanyl_Fsk	LK041_39_MOR_Kinetic_Fentanyl_Fsk	LK041_39_MOR_Kinetic_Fentanyl_Fsk___ctrl	LK039
pRII_Microscopy	model1_data49	model1_data124	961.394884439512	1	s_pRII_LK041_39_MOR_Kinetic_Fentanyl_Fsk	s_pRII_LK041_39_MOR_Kinetic_Fentanyl_Fsk	LK041_39_MOR_Kinetic_Fentanyl_Fsk	LK041_39_MOR_Kinetic_Fentanyl_Fsk___ctrl	LK039
pRII_Microscopy	model1_data49	model1_data124	984.551281507988	5	s_pRII_LK041_39_MOR_Kinetic_Fentanyl_Fsk	s_pRII_LK041_39_MOR_Kinetic_Fentanyl_Fsk	LK041_39_MOR_Kinetic_Fentanyl_Fsk	LK041_39_MOR_Kinetic_Fentanyl_Fsk___ctrl	LK039
pRII_Microscopy	model1_data49	model1_data124	1042.2065243949	15	s_pRII_LK041_39_MOR_Kinetic_Fentanyl_Fsk	s_pRII_LK041_39_MOR_Kinetic_Fentanyl_Fsk	LK041_39_MOR_Kinetic_Fentanyl_Fsk	LK041_39_MOR_Kinetic_Fentanyl_Fsk___ctrl	LK039
pRII_Microscopy	model1_data49	model1_data124	982.416788683494	30	s_pRII_LK041_39_MOR_Kinetic_Fentanyl_Fsk	s_pRII_LK041_39_MOR_Kinetic_Fentanyl_Fsk	LK041_39_MOR_Kinetic_Fentanyl_Fsk	LK041_39_MOR_Kinetic_Fentanyl_Fsk___ctrl	LK039
pRII_Microscopy	model1_data49	model1_data124	1023.20749058861	60	s_pRII_LK041_39_MOR_Kinetic_Fentanyl_Fsk	s_pRII_LK041_39_MOR_Kinetic_Fentanyl_Fsk	LK041_39_MOR_Kinetic_Fentanyl_Fsk	LK041_39_MOR_Kinetic_Fentanyl_Fsk___ctrl	LK039
pRII_Microscopy	model1_data49	model1_data124	995.699739380904	120	s_pRII_LK041_39_MOR_Kinetic_Fentanyl_Fsk	s_pRII_LK041_39_MOR_Kinetic_Fentanyl_Fsk	LK041_39_MOR_Kinetic_Fentanyl_Fsk	LK041_39_MOR_Kinetic_Fentanyl_Fsk___ctrl	LK039
pRII_Microscopy	model1_data49	model1_data124	1029.23523061695	0	s_pRII_LK041_39_MOR_Kinetic_Fentanyl_Fsk	s_pRII_LK041_39_MOR_Kinetic_Fentanyl_Fsk	LK041_39_MOR_Kinetic_Fentanyl_Fsk	LK041_39_MOR_Kinetic_Fentanyl_Fsk___ctrl	LK040
pRII_Microscopy	model1_data49	model1_data124	1032.41591345104	1	s_pRII_LK041_39_MOR_Kinetic_Fentanyl_Fsk	s_pRII_LK041_39_MOR_Kinetic_Fentanyl_Fsk	LK041_39_MOR_Kinetic_Fentanyl_Fsk	LK041_39_MOR_Kinetic_Fentanyl_Fsk___ctrl	LK040
pRII_Microscopy	model1_data49	model1_data124	940.079654380624	5	s_pRII_LK041_39_MOR_Kinetic_Fentanyl_Fsk	s_pRII_LK041_39_MOR_Kinetic_Fentanyl_Fsk	LK041_39_MOR_Kinetic_Fentanyl_Fsk	LK041_39_MOR_Kinetic_Fentanyl_Fsk___ctrl	LK040
pRII_Microscopy	model1_data49	model1_data124	1031.1819097192	15	s_pRII_LK041_39_MOR_Kinetic_Fentanyl_Fsk	s_pRII_LK041_39_MOR_Kinetic_Fentanyl_Fsk	LK041_39_MOR_Kinetic_Fentanyl_Fsk	LK041_39_MOR_Kinetic_Fentanyl_Fsk___ctrl	LK040
pRII_Microscopy	model1_data49	model1_data124	1002.6423456919	30	s_pRII_LK041_39_MOR_Kinetic_Fentanyl_Fsk	s_pRII_LK041_39_MOR_Kinetic_Fentanyl_Fsk	LK041_39_MOR_Kinetic_Fentanyl_Fsk	LK041_39_MOR_Kinetic_Fentanyl_Fsk___ctrl	LK040
pRII_Microscopy	model1_data49	model1_data124	1026.60093218532	60	s_pRII_LK041_39_MOR_Kinetic_Fentanyl_Fsk	s_pRII_LK041_39_MOR_Kinetic_Fentanyl_Fsk	LK041_39_MOR_Kinetic_Fentanyl_Fsk	LK041_39_MOR_Kinetic_Fentanyl_Fsk___ctrl	LK040
pRII_Microscopy	model1_data49	model1_data124	946.295336084636	120	s_pRII_LK041_39_MOR_Kinetic_Fentanyl_Fsk	s_pRII_LK041_39_MOR_Kinetic_Fentanyl_Fsk	LK041_39_MOR_Kinetic_Fentanyl_Fsk	LK041_39_MOR_Kinetic_Fentanyl_Fsk___ctrl	LK040
pRII_Microscopy	model1_data49	model1_data124	1049.81074848167	0	s_pRII_LK041_39_MOR_Kinetic_Fentanyl_Fsk	s_pRII_LK041_39_MOR_Kinetic_Fentanyl_Fsk	LK041_39_MOR_Kinetic_Fentanyl_Fsk	LK041_39_MOR_Kinetic_Fentanyl_Fsk___ctrl	LK041
pRII_Microscopy	model1_data49	model1_data124	959.635586657799	1	s_pRII_LK041_39_MOR_Kinetic_Fentanyl_Fsk	s_pRII_LK041_39_MOR_Kinetic_Fentanyl_Fsk	LK041_39_MOR_Kinetic_Fentanyl_Fsk	LK041_39_MOR_Kinetic_Fentanyl_Fsk___ctrl	LK041
pRII_Microscopy	model1_data49	model1_data124	933.554940429627	5	s_pRII_LK041_39_MOR_Kinetic_Fentanyl_Fsk	s_pRII_LK041_39_MOR_Kinetic_Fentanyl_Fsk	LK041_39_MOR_Kinetic_Fentanyl_Fsk	LK041_39_MOR_Kinetic_Fentanyl_Fsk___ctrl	LK041
pRII_Microscopy	model1_data49	model1_data124	1124.78245727267	15	s_pRII_LK041_39_MOR_Kinetic_Fentanyl_Fsk	s_pRII_LK041_39_MOR_Kinetic_Fentanyl_Fsk	LK041_39_MOR_Kinetic_Fentanyl_Fsk	LK041_39_MOR_Kinetic_Fentanyl_Fsk___ctrl	LK041
pRII_Microscopy	model1_data49	model1_data124	994.204517667603	30	s_pRII_LK041_39_MOR_Kinetic_Fentanyl_Fsk	s_pRII_LK041_39_MOR_Kinetic_Fentanyl_Fsk	LK041_39_MOR_Kinetic_Fentanyl_Fsk	LK041_39_MOR_Kinetic_Fentanyl_Fsk___ctrl	LK041
pRII_Microscopy	model1_data49	model1_data124	959.963645446293	60	s_pRII_LK041_39_MOR_Kinetic_Fentanyl_Fsk	s_pRII_LK041_39_MOR_Kinetic_Fentanyl_Fsk	LK041_39_MOR_Kinetic_Fentanyl_Fsk	LK041_39_MOR_Kinetic_Fentanyl_Fsk___ctrl	LK041
pRII_Microscopy	model1_data49	model1_data124	987.135684733492	120	s_pRII_LK041_39_MOR_Kinetic_Fentanyl_Fsk	s_pRII_LK041_39_MOR_Kinetic_Fentanyl_Fsk	LK041_39_MOR_Kinetic_Fentanyl_Fsk	LK041_39_MOR_Kinetic_Fentanyl_Fsk___ctrl	LK041
pRII_Microscopy	model1_data49	model1_data125	984.161152912758	0	s_pRII_LK041_39_MOR_Kinetic_Fentanyl_Fsk	s_pRII_LK041_39_MOR_Kinetic_Fentanyl_Fsk	LK041_39_MOR_Kinetic_Fentanyl_Fsk	LK041_39_MOR_Kinetic_Fentanyl_Fsk___Fentanyl10	LK039
pRII_Microscopy	model1_data49	model1_data125	967.938850787497	1	s_pRII_LK041_39_MOR_Kinetic_Fentanyl_Fsk	s_pRII_LK041_39_MOR_Kinetic_Fentanyl_Fsk	LK041_39_MOR_Kinetic_Fentanyl_Fsk	LK041_39_MOR_Kinetic_Fentanyl_Fsk___Fentanyl10	LK039
pRII_Microscopy	model1_data49	model1_data125	949.054638066264	5	s_pRII_LK041_39_MOR_Kinetic_Fentanyl_Fsk	s_pRII_LK041_39_MOR_Kinetic_Fentanyl_Fsk	LK041_39_MOR_Kinetic_Fentanyl_Fsk	LK041_39_MOR_Kinetic_Fentanyl_Fsk___Fentanyl10	LK039
pRII_Microscopy	model1_data49	model1_data125	961.447363457962	15	s_pRII_LK041_39_MOR_Kinetic_Fentanyl_Fsk	s_pRII_LK041_39_MOR_Kinetic_Fentanyl_Fsk	LK041_39_MOR_Kinetic_Fentanyl_Fsk	LK041_39_MOR_Kinetic_Fentanyl_Fsk___Fentanyl10	LK039
pRII_Microscopy	model1_data49	model1_data125	944.350670471448	30	s_pRII_LK041_39_MOR_Kinetic_Fentanyl_Fsk	s_pRII_LK041_39_MOR_Kinetic_Fentanyl_Fsk	LK041_39_MOR_Kinetic_Fentanyl_Fsk	LK041_39_MOR_Kinetic_Fentanyl_Fsk___Fentanyl10	LK039
pRII_Microscopy	model1_data49	model1_data125	917.236177170322	60	s_pRII_LK041_39_MOR_Kinetic_Fentanyl_Fsk	s_pRII_LK041_39_MOR_Kinetic_Fentanyl_Fsk	LK041_39_MOR_Kinetic_Fentanyl_Fsk	LK041_39_MOR_Kinetic_Fentanyl_Fsk___Fentanyl10	LK039
pRII_Microscopy	model1_data49	model1_data125	956.744725635604	120	s_pRII_LK041_39_MOR_Kinetic_Fentanyl_Fsk	s_pRII_LK041_39_MOR_Kinetic_Fentanyl_Fsk	LK041_39_MOR_Kinetic_Fentanyl_Fsk	LK041_39_MOR_Kinetic_Fentanyl_Fsk___Fentanyl10	LK039
pRII_Microscopy	model1_data49	model1_data125	998.077154661694	0	s_pRII_LK041_39_MOR_Kinetic_Fentanyl_Fsk	s_pRII_LK041_39_MOR_Kinetic_Fentanyl_Fsk	LK041_39_MOR_Kinetic_Fentanyl_Fsk	LK041_39_MOR_Kinetic_Fentanyl_Fsk___Fentanyl10	LK040
pRII_Microscopy	model1_data49	model1_data125	983.543682075675	1	s_pRII_LK041_39_MOR_Kinetic_Fentanyl_Fsk	s_pRII_LK041_39_MOR_Kinetic_Fentanyl_Fsk	LK041_39_MOR_Kinetic_Fentanyl_Fsk	LK041_39_MOR_Kinetic_Fentanyl_Fsk___Fentanyl10	LK040
pRII_Microscopy	model1_data49	model1_data125	971.422162609019	5	s_pRII_LK041_39_MOR_Kinetic_Fentanyl_Fsk	s_pRII_LK041_39_MOR_Kinetic_Fentanyl_Fsk	LK041_39_MOR_Kinetic_Fentanyl_Fsk	LK041_39_MOR_Kinetic_Fentanyl_Fsk___Fentanyl10	LK040
pRII_Microscopy	model1_data49	model1_data125	1028.34211184572	15	s_pRII_LK041_39_MOR_Kinetic_Fentanyl_Fsk	s_pRII_LK041_39_MOR_Kinetic_Fentanyl_Fsk	LK041_39_MOR_Kinetic_Fentanyl_Fsk	LK041_39_MOR_Kinetic_Fentanyl_Fsk___Fentanyl10	LK040
pRII_Microscopy	model1_data49	model1_data125	965.736500851871	30	s_pRII_LK041_39_MOR_Kinetic_Fentanyl_Fsk	s_pRII_LK041_39_MOR_Kinetic_Fentanyl_Fsk	LK041_39_MOR_Kinetic_Fentanyl_Fsk	LK041_39_MOR_Kinetic_Fentanyl_Fsk___Fentanyl10	LK040
pRII_Microscopy	model1_data49	model1_data125	991.501485731678	60	s_pRII_LK041_39_MOR_Kinetic_Fentanyl_Fsk	s_pRII_LK041_39_MOR_Kinetic_Fentanyl_Fsk	LK041_39_MOR_Kinetic_Fentanyl_Fsk	LK041_39_MOR_Kinetic_Fentanyl_Fsk___Fentanyl10	LK040
pRII_Microscopy	model1_data49	model1_data125	941.588643997402	120	s_pRII_LK041_39_MOR_Kinetic_Fentanyl_Fsk	s_pRII_LK041_39_MOR_Kinetic_Fentanyl_Fsk	LK041_39_MOR_Kinetic_Fentanyl_Fsk	LK041_39_MOR_Kinetic_Fentanyl_Fsk___Fentanyl10	LK040
pRII_Microscopy	model1_data49	model1_data125	987.426826336016	0	s_pRII_LK041_39_MOR_Kinetic_Fentanyl_Fsk	s_pRII_LK041_39_MOR_Kinetic_Fentanyl_Fsk	LK041_39_MOR_Kinetic_Fentanyl_Fsk	LK041_39_MOR_Kinetic_Fentanyl_Fsk___Fentanyl10	LK041
pRII_Microscopy	model1_data49	model1_data125	1001.51083586618	1	s_pRII_LK041_39_MOR_Kinetic_Fentanyl_Fsk	s_pRII_LK041_39_MOR_Kinetic_Fentanyl_Fsk	LK041_39_MOR_Kinetic_Fentanyl_Fsk	LK041_39_MOR_Kinetic_Fentanyl_Fsk___Fentanyl10	LK041
pRII_Microscopy	model1_data49	model1_data125	982.816377878048	5	s_pRII_LK041_39_MOR_Kinetic_Fentanyl_Fsk	s_pRII_LK041_39_MOR_Kinetic_Fentanyl_Fsk	LK041_39_MOR_Kinetic_Fentanyl_Fsk	LK041_39_MOR_Kinetic_Fentanyl_Fsk___Fentanyl10	LK041
pRII_Microscopy	model1_data49	model1_data125	912.484012462294	15	s_pRII_LK041_39_MOR_Kinetic_Fentanyl_Fsk	s_pRII_LK041_39_MOR_Kinetic_Fentanyl_Fsk	LK041_39_MOR_Kinetic_Fentanyl_Fsk	LK041_39_MOR_Kinetic_Fentanyl_Fsk___Fentanyl10	LK041
pRII_Microscopy	model1_data49	model1_data125	1033.27696538882	30	s_pRII_LK041_39_MOR_Kinetic_Fentanyl_Fsk	s_pRII_LK041_39_MOR_Kinetic_Fentanyl_Fsk	LK041_39_MOR_Kinetic_Fentanyl_Fsk	LK041_39_MOR_Kinetic_Fentanyl_Fsk___Fentanyl10	LK041
pRII_Microscopy	model1_data49	model1_data125	913.888506461881	60	s_pRII_LK041_39_MOR_Kinetic_Fentanyl_Fsk	s_pRII_LK041_39_MOR_Kinetic_Fentanyl_Fsk	LK041_39_MOR_Kinetic_Fentanyl_Fsk	LK041_39_MOR_Kinetic_Fentanyl_Fsk___Fentanyl10	LK041
pRII_Microscopy	model1_data49	model1_data125	937.111029923448	120	s_pRII_LK041_39_MOR_Kinetic_Fentanyl_Fsk	s_pRII_LK041_39_MOR_Kinetic_Fentanyl_Fsk	LK041_39_MOR_Kinetic_Fentanyl_Fsk	LK041_39_MOR_Kinetic_Fentanyl_Fsk___Fentanyl10	LK041
pRII_Microscopy	model1_data49	model1_data126	983.701885197308	0	s_pRII_LK041_39_MOR_Kinetic_Fentanyl_Fsk	s_pRII_LK041_39_MOR_Kinetic_Fentanyl_Fsk	LK041_39_MOR_Kinetic_Fentanyl_Fsk	LK041_39_MOR_Kinetic_Fentanyl_Fsk___Fsk	LK039
pRII_Microscopy	model1_data49	model1_data126	1651.66787828457	1	s_pRII_LK041_39_MOR_Kinetic_Fentanyl_Fsk	s_pRII_LK041_39_MOR_Kinetic_Fentanyl_Fsk	LK041_39_MOR_Kinetic_Fentanyl_Fsk	LK041_39_MOR_Kinetic_Fentanyl_Fsk___Fsk	LK039
pRII_Microscopy	model1_data49	model1_data126	1733.2371559541	5	s_pRII_LK041_39_MOR_Kinetic_Fentanyl_Fsk	s_pRII_LK041_39_MOR_Kinetic_Fentanyl_Fsk	LK041_39_MOR_Kinetic_Fentanyl_Fsk	LK041_39_MOR_Kinetic_Fentanyl_Fsk___Fsk	LK039
pRII_Microscopy	model1_data49	model1_data126	1819.57477477745	15	s_pRII_LK041_39_MOR_Kinetic_Fentanyl_Fsk	s_pRII_LK041_39_MOR_Kinetic_Fentanyl_Fsk	LK041_39_MOR_Kinetic_Fentanyl_Fsk	LK041_39_MOR_Kinetic_Fentanyl_Fsk___Fsk	LK039
pRII_Microscopy	model1_data49	model1_data126	1900.18113181023	30	s_pRII_LK041_39_MOR_Kinetic_Fentanyl_Fsk	s_pRII_LK041_39_MOR_Kinetic_Fentanyl_Fsk	LK041_39_MOR_Kinetic_Fentanyl_Fsk	LK041_39_MOR_Kinetic_Fentanyl_Fsk___Fsk	LK039
pRII_Microscopy	model1_data49	model1_data126	1873.40827182264	60	s_pRII_LK041_39_MOR_Kinetic_Fentanyl_Fsk	s_pRII_LK041_39_MOR_Kinetic_Fentanyl_Fsk	LK041_39_MOR_Kinetic_Fentanyl_Fsk	LK041_39_MOR_Kinetic_Fentanyl_Fsk___Fsk	LK039
pRII_Microscopy	model1_data49	model1_data126	1889.4379521874	120	s_pRII_LK041_39_MOR_Kinetic_Fentanyl_Fsk	s_pRII_LK041_39_MOR_Kinetic_Fentanyl_Fsk	LK041_39_MOR_Kinetic_Fentanyl_Fsk	LK041_39_MOR_Kinetic_Fentanyl_Fsk___Fsk	LK039
pRII_Microscopy	model1_data49	model1_data126	993.265371935165	0	s_pRII_LK041_39_MOR_Kinetic_Fentanyl_Fsk	s_pRII_LK041_39_MOR_Kinetic_Fentanyl_Fsk	LK041_39_MOR_Kinetic_Fentanyl_Fsk	LK041_39_MOR_Kinetic_Fentanyl_Fsk___Fsk	LK040
pRII_Microscopy	model1_data49	model1_data126	1663.06192502437	1	s_pRII_LK041_39_MOR_Kinetic_Fentanyl_Fsk	s_pRII_LK041_39_MOR_Kinetic_Fentanyl_Fsk	LK041_39_MOR_Kinetic_Fentanyl_Fsk	LK041_39_MOR_Kinetic_Fentanyl_Fsk___Fsk	LK040
pRII_Microscopy	model1_data49	model1_data126	1679.98113084715	5	s_pRII_LK041_39_MOR_Kinetic_Fentanyl_Fsk	s_pRII_LK041_39_MOR_Kinetic_Fentanyl_Fsk	LK041_39_MOR_Kinetic_Fentanyl_Fsk	LK041_39_MOR_Kinetic_Fentanyl_Fsk___Fsk	LK040
pRII_Microscopy	model1_data49	model1_data126	1827.16198812207	15	s_pRII_LK041_39_MOR_Kinetic_Fentanyl_Fsk	s_pRII_LK041_39_MOR_Kinetic_Fentanyl_Fsk	LK041_39_MOR_Kinetic_Fentanyl_Fsk	LK041_39_MOR_Kinetic_Fentanyl_Fsk___Fsk	LK040
pRII_Microscopy	model1_data49	model1_data126	1812.45330028713	30	s_pRII_LK041_39_MOR_Kinetic_Fentanyl_Fsk	s_pRII_LK041_39_MOR_Kinetic_Fentanyl_Fsk	LK041_39_MOR_Kinetic_Fentanyl_Fsk	LK041_39_MOR_Kinetic_Fentanyl_Fsk___Fsk	LK040
pRII_Microscopy	model1_data49	model1_data126	1889.91545309972	60	s_pRII_LK041_39_MOR_Kinetic_Fentanyl_Fsk	s_pRII_LK041_39_MOR_Kinetic_Fentanyl_Fsk	LK041_39_MOR_Kinetic_Fentanyl_Fsk	LK041_39_MOR_Kinetic_Fentanyl_Fsk___Fsk	LK040
pRII_Microscopy	model1_data49	model1_data126	1881.77159782043	120	s_pRII_LK041_39_MOR_Kinetic_Fentanyl_Fsk	s_pRII_LK041_39_MOR_Kinetic_Fentanyl_Fsk	LK041_39_MOR_Kinetic_Fentanyl_Fsk	LK041_39_MOR_Kinetic_Fentanyl_Fsk___Fsk	LK040
pRII_Microscopy	model1_data49	model1_data126	994.528760519768	0	s_pRII_LK041_39_MOR_Kinetic_Fentanyl_Fsk	s_pRII_LK041_39_MOR_Kinetic_Fentanyl_Fsk	LK041_39_MOR_Kinetic_Fentanyl_Fsk	LK041_39_MOR_Kinetic_Fentanyl_Fsk___Fsk	LK041
pRII_Microscopy	model1_data49	model1_data126	1667.99979763932	1	s_pRII_LK041_39_MOR_Kinetic_Fentanyl_Fsk	s_pRII_LK041_39_MOR_Kinetic_Fentanyl_Fsk	LK041_39_MOR_Kinetic_Fentanyl_Fsk	LK041_39_MOR_Kinetic_Fentanyl_Fsk___Fsk	LK041
pRII_Microscopy	model1_data49	model1_data126	1941.54449770662	5	s_pRII_LK041_39_MOR_Kinetic_Fentanyl_Fsk	s_pRII_LK041_39_MOR_Kinetic_Fentanyl_Fsk	LK041_39_MOR_Kinetic_Fentanyl_Fsk	LK041_39_MOR_Kinetic_Fentanyl_Fsk___Fsk	LK041
pRII_Microscopy	model1_data49	model1_data126	2099.61833283772	15	s_pRII_LK041_39_MOR_Kinetic_Fentanyl_Fsk	s_pRII_LK041_39_MOR_Kinetic_Fentanyl_Fsk	LK041_39_MOR_Kinetic_Fentanyl_Fsk	LK041_39_MOR_Kinetic_Fentanyl_Fsk___Fsk	LK041
pRII_Microscopy	model1_data49	model1_data126	2041.24378482489	30	s_pRII_LK041_39_MOR_Kinetic_Fentanyl_Fsk	s_pRII_LK041_39_MOR_Kinetic_Fentanyl_Fsk	LK041_39_MOR_Kinetic_Fentanyl_Fsk	LK041_39_MOR_Kinetic_Fentanyl_Fsk___Fsk	LK041
pRII_Microscopy	model1_data49	model1_data126	2195.2584717362	60	s_pRII_LK041_39_MOR_Kinetic_Fentanyl_Fsk	s_pRII_LK041_39_MOR_Kinetic_Fentanyl_Fsk	LK041_39_MOR_Kinetic_Fentanyl_Fsk	LK041_39_MOR_Kinetic_Fentanyl_Fsk___Fsk	LK041
pRII_Microscopy	model1_data49	model1_data126	2105.23486327482	120	s_pRII_LK041_39_MOR_Kinetic_Fentanyl_Fsk	s_pRII_LK041_39_MOR_Kinetic_Fentanyl_Fsk	LK041_39_MOR_Kinetic_Fentanyl_Fsk	LK041_39_MOR_Kinetic_Fentanyl_Fsk___Fsk	LK041
pRII_Microscopy	model1_data49	model1_data127	925.78334242147	0	s_pRII_LK041_39_MOR_Kinetic_Fentanyl_Fsk	s_pRII_LK041_39_MOR_Kinetic_Fentanyl_Fsk	LK041_39_MOR_Kinetic_Fentanyl_Fsk	LK041_39_MOR_Kinetic_Fentanyl_Fsk___Fsk_and_Fentanyl0.1	LK039
pRII_Microscopy	model1_data49	model1_data127	1505.26370456204	1	s_pRII_LK041_39_MOR_Kinetic_Fentanyl_Fsk	s_pRII_LK041_39_MOR_Kinetic_Fentanyl_Fsk	LK041_39_MOR_Kinetic_Fentanyl_Fsk	LK041_39_MOR_Kinetic_Fentanyl_Fsk___Fsk_and_Fentanyl0.1	LK039
pRII_Microscopy	model1_data49	model1_data127	1512.73227266291	5	s_pRII_LK041_39_MOR_Kinetic_Fentanyl_Fsk	s_pRII_LK041_39_MOR_Kinetic_Fentanyl_Fsk	LK041_39_MOR_Kinetic_Fentanyl_Fsk	LK041_39_MOR_Kinetic_Fentanyl_Fsk___Fsk_and_Fentanyl0.1	LK039
pRII_Microscopy	model1_data49	model1_data127	1528.4758406141	15	s_pRII_LK041_39_MOR_Kinetic_Fentanyl_Fsk	s_pRII_LK041_39_MOR_Kinetic_Fentanyl_Fsk	LK041_39_MOR_Kinetic_Fentanyl_Fsk	LK041_39_MOR_Kinetic_Fentanyl_Fsk___Fsk_and_Fentanyl0.1	LK039
pRII_Microscopy	model1_data49	model1_data127	1642.13103548234	30	s_pRII_LK041_39_MOR_Kinetic_Fentanyl_Fsk	s_pRII_LK041_39_MOR_Kinetic_Fentanyl_Fsk	LK041_39_MOR_Kinetic_Fentanyl_Fsk	LK041_39_MOR_Kinetic_Fentanyl_Fsk___Fsk_and_Fentanyl0.1	LK039
pRII_Microscopy	model1_data49	model1_data127	1801.42630039731	60	s_pRII_LK041_39_MOR_Kinetic_Fentanyl_Fsk	s_pRII_LK041_39_MOR_Kinetic_Fentanyl_Fsk	LK041_39_MOR_Kinetic_Fentanyl_Fsk	LK041_39_MOR_Kinetic_Fentanyl_Fsk___Fsk_and_Fentanyl0.1	LK039
pRII_Microscopy	model1_data49	model1_data127	1682.71873771893	120	s_pRII_LK041_39_MOR_Kinetic_Fentanyl_Fsk	s_pRII_LK041_39_MOR_Kinetic_Fentanyl_Fsk	LK041_39_MOR_Kinetic_Fentanyl_Fsk	LK041_39_MOR_Kinetic_Fentanyl_Fsk___Fsk_and_Fentanyl0.1	LK039
pRII_Microscopy	model1_data49	model1_data127	1067.64211240021	0	s_pRII_LK041_39_MOR_Kinetic_Fentanyl_Fsk	s_pRII_LK041_39_MOR_Kinetic_Fentanyl_Fsk	LK041_39_MOR_Kinetic_Fentanyl_Fsk	LK041_39_MOR_Kinetic_Fentanyl_Fsk___Fsk_and_Fentanyl0.1	LK040
pRII_Microscopy	model1_data49	model1_data127	1595.54073713687	1	s_pRII_LK041_39_MOR_Kinetic_Fentanyl_Fsk	s_pRII_LK041_39_MOR_Kinetic_Fentanyl_Fsk	LK041_39_MOR_Kinetic_Fentanyl_Fsk	LK041_39_MOR_Kinetic_Fentanyl_Fsk___Fsk_and_Fentanyl0.1	LK040
pRII_Microscopy	model1_data49	model1_data127	1537.87797850618	5	s_pRII_LK041_39_MOR_Kinetic_Fentanyl_Fsk	s_pRII_LK041_39_MOR_Kinetic_Fentanyl_Fsk	LK041_39_MOR_Kinetic_Fentanyl_Fsk	LK041_39_MOR_Kinetic_Fentanyl_Fsk___Fsk_and_Fentanyl0.1	LK040
pRII_Microscopy	model1_data49	model1_data127	1654.16634980003	15	s_pRII_LK041_39_MOR_Kinetic_Fentanyl_Fsk	s_pRII_LK041_39_MOR_Kinetic_Fentanyl_Fsk	LK041_39_MOR_Kinetic_Fentanyl_Fsk	LK041_39_MOR_Kinetic_Fentanyl_Fsk___Fsk_and_Fentanyl0.1	LK040
pRII_Microscopy	model1_data49	model1_data127	1726.2826798704	30	s_pRII_LK041_39_MOR_Kinetic_Fentanyl_Fsk	s_pRII_LK041_39_MOR_Kinetic_Fentanyl_Fsk	LK041_39_MOR_Kinetic_Fentanyl_Fsk	LK041_39_MOR_Kinetic_Fentanyl_Fsk___Fsk_and_Fentanyl0.1	LK040
pRII_Microscopy	model1_data49	model1_data127	1859.30174528085	60	s_pRII_LK041_39_MOR_Kinetic_Fentanyl_Fsk	s_pRII_LK041_39_MOR_Kinetic_Fentanyl_Fsk	LK041_39_MOR_Kinetic_Fentanyl_Fsk	LK041_39_MOR_Kinetic_Fentanyl_Fsk___Fsk_and_Fentanyl0.1	LK040
pRII_Microscopy	model1_data49	model1_data127	1739.26298964688	120	s_pRII_LK041_39_MOR_Kinetic_Fentanyl_Fsk	s_pRII_LK041_39_MOR_Kinetic_Fentanyl_Fsk	LK041_39_MOR_Kinetic_Fentanyl_Fsk	LK041_39_MOR_Kinetic_Fentanyl_Fsk___Fsk_and_Fentanyl0.1	LK040
pRII_Microscopy	model1_data49	model1_data127	975.765983997601	0	s_pRII_LK041_39_MOR_Kinetic_Fentanyl_Fsk	s_pRII_LK041_39_MOR_Kinetic_Fentanyl_Fsk	LK041_39_MOR_Kinetic_Fentanyl_Fsk	LK041_39_MOR_Kinetic_Fentanyl_Fsk___Fsk_and_Fentanyl0.1	LK041
pRII_Microscopy	model1_data49	model1_data127	1557.84571906556	1	s_pRII_LK041_39_MOR_Kinetic_Fentanyl_Fsk	s_pRII_LK041_39_MOR_Kinetic_Fentanyl_Fsk	LK041_39_MOR_Kinetic_Fentanyl_Fsk	LK041_39_MOR_Kinetic_Fentanyl_Fsk___Fsk_and_Fentanyl0.1	LK041
pRII_Microscopy	model1_data49	model1_data127	1629.49260899646	5	s_pRII_LK041_39_MOR_Kinetic_Fentanyl_Fsk	s_pRII_LK041_39_MOR_Kinetic_Fentanyl_Fsk	LK041_39_MOR_Kinetic_Fentanyl_Fsk	LK041_39_MOR_Kinetic_Fentanyl_Fsk___Fsk_and_Fentanyl0.1	LK041
pRII_Microscopy	model1_data49	model1_data127	1995.83635955053	15	s_pRII_LK041_39_MOR_Kinetic_Fentanyl_Fsk	s_pRII_LK041_39_MOR_Kinetic_Fentanyl_Fsk	LK041_39_MOR_Kinetic_Fentanyl_Fsk	LK041_39_MOR_Kinetic_Fentanyl_Fsk___Fsk_and_Fentanyl0.1	LK041
pRII_Microscopy	model1_data49	model1_data127	2166.45671670002	30	s_pRII_LK041_39_MOR_Kinetic_Fentanyl_Fsk	s_pRII_LK041_39_MOR_Kinetic_Fentanyl_Fsk	LK041_39_MOR_Kinetic_Fentanyl_Fsk	LK041_39_MOR_Kinetic_Fentanyl_Fsk___Fsk_and_Fentanyl0.1	LK041
pRII_Microscopy	model1_data49	model1_data127	1923.65274228277	60	s_pRII_LK041_39_MOR_Kinetic_Fentanyl_Fsk	s_pRII_LK041_39_MOR_Kinetic_Fentanyl_Fsk	LK041_39_MOR_Kinetic_Fentanyl_Fsk	LK041_39_MOR_Kinetic_Fentanyl_Fsk___Fsk_and_Fentanyl0.1	LK041
pRII_Microscopy	model1_data49	model1_data127	1989.28471079483	120	s_pRII_LK041_39_MOR_Kinetic_Fentanyl_Fsk	s_pRII_LK041_39_MOR_Kinetic_Fentanyl_Fsk	LK041_39_MOR_Kinetic_Fentanyl_Fsk	LK041_39_MOR_Kinetic_Fentanyl_Fsk___Fsk_and_Fentanyl0.1	LK041
pRII_Microscopy	model1_data49	model1_data128	960.744485363741	0	s_pRII_LK041_39_MOR_Kinetic_Fentanyl_Fsk	s_pRII_LK041_39_MOR_Kinetic_Fentanyl_Fsk	LK041_39_MOR_Kinetic_Fentanyl_Fsk	LK041_39_MOR_Kinetic_Fentanyl_Fsk___Fsk_and_Fentanyl1	LK039
pRII_Microscopy	model1_data49	model1_data128	1486.94926440119	1	s_pRII_LK041_39_MOR_Kinetic_Fentanyl_Fsk	s_pRII_LK041_39_MOR_Kinetic_Fentanyl_Fsk	LK041_39_MOR_Kinetic_Fentanyl_Fsk	LK041_39_MOR_Kinetic_Fentanyl_Fsk___Fsk_and_Fentanyl1	LK039
pRII_Microscopy	model1_data49	model1_data128	1385.55246333391	5	s_pRII_LK041_39_MOR_Kinetic_Fentanyl_Fsk	s_pRII_LK041_39_MOR_Kinetic_Fentanyl_Fsk	LK041_39_MOR_Kinetic_Fentanyl_Fsk	LK041_39_MOR_Kinetic_Fentanyl_Fsk___Fsk_and_Fentanyl1	LK039
pRII_Microscopy	model1_data49	model1_data128	1602.55856066146	15	s_pRII_LK041_39_MOR_Kinetic_Fentanyl_Fsk	s_pRII_LK041_39_MOR_Kinetic_Fentanyl_Fsk	LK041_39_MOR_Kinetic_Fentanyl_Fsk	LK041_39_MOR_Kinetic_Fentanyl_Fsk___Fsk_and_Fentanyl1	LK039
pRII_Microscopy	model1_data49	model1_data128	1611.14013014965	30	s_pRII_LK041_39_MOR_Kinetic_Fentanyl_Fsk	s_pRII_LK041_39_MOR_Kinetic_Fentanyl_Fsk	LK041_39_MOR_Kinetic_Fentanyl_Fsk	LK041_39_MOR_Kinetic_Fentanyl_Fsk___Fsk_and_Fentanyl1	LK039
pRII_Microscopy	model1_data49	model1_data128	1754.22535587739	60	s_pRII_LK041_39_MOR_Kinetic_Fentanyl_Fsk	s_pRII_LK041_39_MOR_Kinetic_Fentanyl_Fsk	LK041_39_MOR_Kinetic_Fentanyl_Fsk	LK041_39_MOR_Kinetic_Fentanyl_Fsk___Fsk_and_Fentanyl1	LK039
pRII_Microscopy	model1_data49	model1_data128	1753.59764446844	120	s_pRII_LK041_39_MOR_Kinetic_Fentanyl_Fsk	s_pRII_LK041_39_MOR_Kinetic_Fentanyl_Fsk	LK041_39_MOR_Kinetic_Fentanyl_Fsk	LK041_39_MOR_Kinetic_Fentanyl_Fsk___Fsk_and_Fentanyl1	LK039
pRII_Microscopy	model1_data49	model1_data128	1048.87903301125	0	s_pRII_LK041_39_MOR_Kinetic_Fentanyl_Fsk	s_pRII_LK041_39_MOR_Kinetic_Fentanyl_Fsk	LK041_39_MOR_Kinetic_Fentanyl_Fsk	LK041_39_MOR_Kinetic_Fentanyl_Fsk___Fsk_and_Fentanyl1	LK040
pRII_Microscopy	model1_data49	model1_data128	1548.97251308486	1	s_pRII_LK041_39_MOR_Kinetic_Fentanyl_Fsk	s_pRII_LK041_39_MOR_Kinetic_Fentanyl_Fsk	LK041_39_MOR_Kinetic_Fentanyl_Fsk	LK041_39_MOR_Kinetic_Fentanyl_Fsk___Fsk_and_Fentanyl1	LK040
pRII_Microscopy	model1_data49	model1_data128	1442.26671680483	5	s_pRII_LK041_39_MOR_Kinetic_Fentanyl_Fsk	s_pRII_LK041_39_MOR_Kinetic_Fentanyl_Fsk	LK041_39_MOR_Kinetic_Fentanyl_Fsk	LK041_39_MOR_Kinetic_Fentanyl_Fsk___Fsk_and_Fentanyl1	LK040
pRII_Microscopy	model1_data49	model1_data128	1659.73269019966	15	s_pRII_LK041_39_MOR_Kinetic_Fentanyl_Fsk	s_pRII_LK041_39_MOR_Kinetic_Fentanyl_Fsk	LK041_39_MOR_Kinetic_Fentanyl_Fsk	LK041_39_MOR_Kinetic_Fentanyl_Fsk___Fsk_and_Fentanyl1	LK040
pRII_Microscopy	model1_data49	model1_data128	1687.13693279681	30	s_pRII_LK041_39_MOR_Kinetic_Fentanyl_Fsk	s_pRII_LK041_39_MOR_Kinetic_Fentanyl_Fsk	LK041_39_MOR_Kinetic_Fentanyl_Fsk	LK041_39_MOR_Kinetic_Fentanyl_Fsk___Fsk_and_Fentanyl1	LK040
pRII_Microscopy	model1_data49	model1_data128	1926.90943173066	60	s_pRII_LK041_39_MOR_Kinetic_Fentanyl_Fsk	s_pRII_LK041_39_MOR_Kinetic_Fentanyl_Fsk	LK041_39_MOR_Kinetic_Fentanyl_Fsk	LK041_39_MOR_Kinetic_Fentanyl_Fsk___Fsk_and_Fentanyl1	LK040
pRII_Microscopy	model1_data49	model1_data128	1833.26295822619	120	s_pRII_LK041_39_MOR_Kinetic_Fentanyl_Fsk	s_pRII_LK041_39_MOR_Kinetic_Fentanyl_Fsk	LK041_39_MOR_Kinetic_Fentanyl_Fsk	LK041_39_MOR_Kinetic_Fentanyl_Fsk___Fsk_and_Fentanyl1	LK040
pRII_Microscopy	model1_data49	model1_data128	1029.03925832432	0	s_pRII_LK041_39_MOR_Kinetic_Fentanyl_Fsk	s_pRII_LK041_39_MOR_Kinetic_Fentanyl_Fsk	LK041_39_MOR_Kinetic_Fentanyl_Fsk	LK041_39_MOR_Kinetic_Fentanyl_Fsk___Fsk_and_Fentanyl1	LK041
pRII_Microscopy	model1_data49	model1_data128	1524.5339566023	1	s_pRII_LK041_39_MOR_Kinetic_Fentanyl_Fsk	s_pRII_LK041_39_MOR_Kinetic_Fentanyl_Fsk	LK041_39_MOR_Kinetic_Fentanyl_Fsk	LK041_39_MOR_Kinetic_Fentanyl_Fsk___Fsk_and_Fentanyl1	LK041
pRII_Microscopy	model1_data49	model1_data128	1561.27227366409	5	s_pRII_LK041_39_MOR_Kinetic_Fentanyl_Fsk	s_pRII_LK041_39_MOR_Kinetic_Fentanyl_Fsk	LK041_39_MOR_Kinetic_Fentanyl_Fsk	LK041_39_MOR_Kinetic_Fentanyl_Fsk___Fsk_and_Fentanyl1	LK041
pRII_Microscopy	model1_data49	model1_data128	1937.27557130521	15	s_pRII_LK041_39_MOR_Kinetic_Fentanyl_Fsk	s_pRII_LK041_39_MOR_Kinetic_Fentanyl_Fsk	LK041_39_MOR_Kinetic_Fentanyl_Fsk	LK041_39_MOR_Kinetic_Fentanyl_Fsk___Fsk_and_Fentanyl1	LK041
pRII_Microscopy	model1_data49	model1_data128	1978.69002639344	30	s_pRII_LK041_39_MOR_Kinetic_Fentanyl_Fsk	s_pRII_LK041_39_MOR_Kinetic_Fentanyl_Fsk	LK041_39_MOR_Kinetic_Fentanyl_Fsk	LK041_39_MOR_Kinetic_Fentanyl_Fsk___Fsk_and_Fentanyl1	LK041
pRII_Microscopy	model1_data49	model1_data128	2006.91778348984	60	s_pRII_LK041_39_MOR_Kinetic_Fentanyl_Fsk	s_pRII_LK041_39_MOR_Kinetic_Fentanyl_Fsk	LK041_39_MOR_Kinetic_Fentanyl_Fsk	LK041_39_MOR_Kinetic_Fentanyl_Fsk___Fsk_and_Fentanyl1	LK041
pRII_Microscopy	model1_data49	model1_data128	2044.59806657484	120	s_pRII_LK041_39_MOR_Kinetic_Fentanyl_Fsk	s_pRII_LK041_39_MOR_Kinetic_Fentanyl_Fsk	LK041_39_MOR_Kinetic_Fentanyl_Fsk	LK041_39_MOR_Kinetic_Fentanyl_Fsk___Fsk_and_Fentanyl1	LK041
pRII_Microscopy	model1_data49	model1_data129	912.339952998487	0	s_pRII_LK041_39_MOR_Kinetic_Fentanyl_Fsk	s_pRII_LK041_39_MOR_Kinetic_Fentanyl_Fsk	LK041_39_MOR_Kinetic_Fentanyl_Fsk	LK041_39_MOR_Kinetic_Fentanyl_Fsk___Fsk_and_Fentanyl10	LK039
pRII_Microscopy	model1_data49	model1_data129	1405.87581063805	1	s_pRII_LK041_39_MOR_Kinetic_Fentanyl_Fsk	s_pRII_LK041_39_MOR_Kinetic_Fentanyl_Fsk	LK041_39_MOR_Kinetic_Fentanyl_Fsk	LK041_39_MOR_Kinetic_Fentanyl_Fsk___Fsk_and_Fentanyl10	LK039
pRII_Microscopy	model1_data49	model1_data129	1420.82143617093	5	s_pRII_LK041_39_MOR_Kinetic_Fentanyl_Fsk	s_pRII_LK041_39_MOR_Kinetic_Fentanyl_Fsk	LK041_39_MOR_Kinetic_Fentanyl_Fsk	LK041_39_MOR_Kinetic_Fentanyl_Fsk___Fsk_and_Fentanyl10	LK039
pRII_Microscopy	model1_data49	model1_data129	1571.6580991365	15	s_pRII_LK041_39_MOR_Kinetic_Fentanyl_Fsk	s_pRII_LK041_39_MOR_Kinetic_Fentanyl_Fsk	LK041_39_MOR_Kinetic_Fentanyl_Fsk	LK041_39_MOR_Kinetic_Fentanyl_Fsk___Fsk_and_Fentanyl10	LK039
pRII_Microscopy	model1_data49	model1_data129	1720.80935757716	30	s_pRII_LK041_39_MOR_Kinetic_Fentanyl_Fsk	s_pRII_LK041_39_MOR_Kinetic_Fentanyl_Fsk	LK041_39_MOR_Kinetic_Fentanyl_Fsk	LK041_39_MOR_Kinetic_Fentanyl_Fsk___Fsk_and_Fentanyl10	LK039
pRII_Microscopy	model1_data49	model1_data129	1736.78709695978	60	s_pRII_LK041_39_MOR_Kinetic_Fentanyl_Fsk	s_pRII_LK041_39_MOR_Kinetic_Fentanyl_Fsk	LK041_39_MOR_Kinetic_Fentanyl_Fsk	LK041_39_MOR_Kinetic_Fentanyl_Fsk___Fsk_and_Fentanyl10	LK039
pRII_Microscopy	model1_data49	model1_data129	1707.72702778044	120	s_pRII_LK041_39_MOR_Kinetic_Fentanyl_Fsk	s_pRII_LK041_39_MOR_Kinetic_Fentanyl_Fsk	LK041_39_MOR_Kinetic_Fentanyl_Fsk	LK041_39_MOR_Kinetic_Fentanyl_Fsk___Fsk_and_Fentanyl10	LK039
pRII_Microscopy	model1_data49	model1_data129	993.400660463959	0	s_pRII_LK041_39_MOR_Kinetic_Fentanyl_Fsk	s_pRII_LK041_39_MOR_Kinetic_Fentanyl_Fsk	LK041_39_MOR_Kinetic_Fentanyl_Fsk	LK041_39_MOR_Kinetic_Fentanyl_Fsk___Fsk_and_Fentanyl10	LK040
pRII_Microscopy	model1_data49	model1_data129	1483.03848354352	1	s_pRII_LK041_39_MOR_Kinetic_Fentanyl_Fsk	s_pRII_LK041_39_MOR_Kinetic_Fentanyl_Fsk	LK041_39_MOR_Kinetic_Fentanyl_Fsk	LK041_39_MOR_Kinetic_Fentanyl_Fsk___Fsk_and_Fentanyl10	LK040
pRII_Microscopy	model1_data49	model1_data129	1478.6002112923	5	s_pRII_LK041_39_MOR_Kinetic_Fentanyl_Fsk	s_pRII_LK041_39_MOR_Kinetic_Fentanyl_Fsk	LK041_39_MOR_Kinetic_Fentanyl_Fsk	LK041_39_MOR_Kinetic_Fentanyl_Fsk___Fsk_and_Fentanyl10	LK040
pRII_Microscopy	model1_data49	model1_data129	1749.83235071183	15	s_pRII_LK041_39_MOR_Kinetic_Fentanyl_Fsk	s_pRII_LK041_39_MOR_Kinetic_Fentanyl_Fsk	LK041_39_MOR_Kinetic_Fentanyl_Fsk	LK041_39_MOR_Kinetic_Fentanyl_Fsk___Fsk_and_Fentanyl10	LK040
pRII_Microscopy	model1_data49	model1_data129	1760.07177471086	30	s_pRII_LK041_39_MOR_Kinetic_Fentanyl_Fsk	s_pRII_LK041_39_MOR_Kinetic_Fentanyl_Fsk	LK041_39_MOR_Kinetic_Fentanyl_Fsk	LK041_39_MOR_Kinetic_Fentanyl_Fsk___Fsk_and_Fentanyl10	LK040
pRII_Microscopy	model1_data49	model1_data129	1826.96762551021	60	s_pRII_LK041_39_MOR_Kinetic_Fentanyl_Fsk	s_pRII_LK041_39_MOR_Kinetic_Fentanyl_Fsk	LK041_39_MOR_Kinetic_Fentanyl_Fsk	LK041_39_MOR_Kinetic_Fentanyl_Fsk___Fsk_and_Fentanyl10	LK040
pRII_Microscopy	model1_data49	model1_data129	1774.974057023	120	s_pRII_LK041_39_MOR_Kinetic_Fentanyl_Fsk	s_pRII_LK041_39_MOR_Kinetic_Fentanyl_Fsk	LK041_39_MOR_Kinetic_Fentanyl_Fsk	LK041_39_MOR_Kinetic_Fentanyl_Fsk___Fsk_and_Fentanyl10	LK040
pRII_Microscopy	model1_data49	model1_data129	933.827038952928	0	s_pRII_LK041_39_MOR_Kinetic_Fentanyl_Fsk	s_pRII_LK041_39_MOR_Kinetic_Fentanyl_Fsk	LK041_39_MOR_Kinetic_Fentanyl_Fsk	LK041_39_MOR_Kinetic_Fentanyl_Fsk___Fsk_and_Fentanyl10	LK041
pRII_Microscopy	model1_data49	model1_data129	1462.22566096153	1	s_pRII_LK041_39_MOR_Kinetic_Fentanyl_Fsk	s_pRII_LK041_39_MOR_Kinetic_Fentanyl_Fsk	LK041_39_MOR_Kinetic_Fentanyl_Fsk	LK041_39_MOR_Kinetic_Fentanyl_Fsk___Fsk_and_Fentanyl10	LK041
pRII_Microscopy	model1_data49	model1_data129	1554.63899738659	5	s_pRII_LK041_39_MOR_Kinetic_Fentanyl_Fsk	s_pRII_LK041_39_MOR_Kinetic_Fentanyl_Fsk	LK041_39_MOR_Kinetic_Fentanyl_Fsk	LK041_39_MOR_Kinetic_Fentanyl_Fsk___Fsk_and_Fentanyl10	LK041
pRII_Microscopy	model1_data49	model1_data129	1876.46187185462	15	s_pRII_LK041_39_MOR_Kinetic_Fentanyl_Fsk	s_pRII_LK041_39_MOR_Kinetic_Fentanyl_Fsk	LK041_39_MOR_Kinetic_Fentanyl_Fsk	LK041_39_MOR_Kinetic_Fentanyl_Fsk___Fsk_and_Fentanyl10	LK041
pRII_Microscopy	model1_data49	model1_data129	1869.52577131879	30	s_pRII_LK041_39_MOR_Kinetic_Fentanyl_Fsk	s_pRII_LK041_39_MOR_Kinetic_Fentanyl_Fsk	LK041_39_MOR_Kinetic_Fentanyl_Fsk	LK041_39_MOR_Kinetic_Fentanyl_Fsk___Fsk_and_Fentanyl10	LK041
pRII_Microscopy	model1_data49	model1_data129	1898.3893544875	60	s_pRII_LK041_39_MOR_Kinetic_Fentanyl_Fsk	s_pRII_LK041_39_MOR_Kinetic_Fentanyl_Fsk	LK041_39_MOR_Kinetic_Fentanyl_Fsk	LK041_39_MOR_Kinetic_Fentanyl_Fsk___Fsk_and_Fentanyl10	LK041
pRII_Microscopy	model1_data49	model1_data129	1986.59945864041	120	s_pRII_LK041_39_MOR_Kinetic_Fentanyl_Fsk	s_pRII_LK041_39_MOR_Kinetic_Fentanyl_Fsk	LK041_39_MOR_Kinetic_Fentanyl_Fsk	LK041_39_MOR_Kinetic_Fentanyl_Fsk___Fsk_and_Fentanyl10	LK041
pRII_Microscopy	model1_data49	model1_data130	1034.92403782798	0	s_pRII_LK023_21_MOR_Kinetik_DAMGO_Fsk	s_pRII_LK023_21_MOR_Kinetik_DAMGO_Fsk	LK023_21_MOR_Kinetik_DAMGO_Fsk	LK023_21_MOR_Kinetik_DAMGO_Fsk___ctrl	LK021
pRII_Microscopy	model1_data49	model1_data130	1022.8900428219	1	s_pRII_LK023_21_MOR_Kinetik_DAMGO_Fsk	s_pRII_LK023_21_MOR_Kinetik_DAMGO_Fsk	LK023_21_MOR_Kinetik_DAMGO_Fsk	LK023_21_MOR_Kinetik_DAMGO_Fsk___ctrl	LK021
pRII_Microscopy	model1_data49	model1_data130	966.547859222717	5	s_pRII_LK023_21_MOR_Kinetik_DAMGO_Fsk	s_pRII_LK023_21_MOR_Kinetik_DAMGO_Fsk	LK023_21_MOR_Kinetik_DAMGO_Fsk	LK023_21_MOR_Kinetik_DAMGO_Fsk___ctrl	LK021
pRII_Microscopy	model1_data49	model1_data130	1024.70506224268	15	s_pRII_LK023_21_MOR_Kinetik_DAMGO_Fsk	s_pRII_LK023_21_MOR_Kinetik_DAMGO_Fsk	LK023_21_MOR_Kinetik_DAMGO_Fsk	LK023_21_MOR_Kinetik_DAMGO_Fsk___ctrl	LK021
pRII_Microscopy	model1_data49	model1_data130	974.027578127249	30	s_pRII_LK023_21_MOR_Kinetik_DAMGO_Fsk	s_pRII_LK023_21_MOR_Kinetik_DAMGO_Fsk	LK023_21_MOR_Kinetik_DAMGO_Fsk	LK023_21_MOR_Kinetik_DAMGO_Fsk___ctrl	LK021
pRII_Microscopy	model1_data49	model1_data130	992.762597427792	60	s_pRII_LK023_21_MOR_Kinetik_DAMGO_Fsk	s_pRII_LK023_21_MOR_Kinetik_DAMGO_Fsk	LK023_21_MOR_Kinetik_DAMGO_Fsk	LK023_21_MOR_Kinetik_DAMGO_Fsk___ctrl	LK021
pRII_Microscopy	model1_data49	model1_data130	978.009092447489	120	s_pRII_LK023_21_MOR_Kinetik_DAMGO_Fsk	s_pRII_LK023_21_MOR_Kinetik_DAMGO_Fsk	LK023_21_MOR_Kinetik_DAMGO_Fsk	LK023_21_MOR_Kinetik_DAMGO_Fsk___ctrl	LK021
pRII_Microscopy	model1_data49	model1_data130	1000.12536193772	0	s_pRII_LK023_21_MOR_Kinetik_DAMGO_Fsk	s_pRII_LK023_21_MOR_Kinetik_DAMGO_Fsk	LK023_21_MOR_Kinetik_DAMGO_Fsk	LK023_21_MOR_Kinetik_DAMGO_Fsk___ctrl	LK022
pRII_Microscopy	model1_data49	model1_data130	1040.27184414673	1	s_pRII_LK023_21_MOR_Kinetik_DAMGO_Fsk	s_pRII_LK023_21_MOR_Kinetik_DAMGO_Fsk	LK023_21_MOR_Kinetik_DAMGO_Fsk	LK023_21_MOR_Kinetik_DAMGO_Fsk___ctrl	LK022
pRII_Microscopy	model1_data49	model1_data130	1021.04583873302	5	s_pRII_LK023_21_MOR_Kinetik_DAMGO_Fsk	s_pRII_LK023_21_MOR_Kinetik_DAMGO_Fsk	LK023_21_MOR_Kinetik_DAMGO_Fsk	LK023_21_MOR_Kinetik_DAMGO_Fsk___ctrl	LK022
pRII_Microscopy	model1_data49	model1_data130	1038.32081141995	15	s_pRII_LK023_21_MOR_Kinetik_DAMGO_Fsk	s_pRII_LK023_21_MOR_Kinetik_DAMGO_Fsk	LK023_21_MOR_Kinetik_DAMGO_Fsk	LK023_21_MOR_Kinetik_DAMGO_Fsk___ctrl	LK022
pRII_Microscopy	model1_data49	model1_data130	924.929393696674	30	s_pRII_LK023_21_MOR_Kinetik_DAMGO_Fsk	s_pRII_LK023_21_MOR_Kinetik_DAMGO_Fsk	LK023_21_MOR_Kinetik_DAMGO_Fsk	LK023_21_MOR_Kinetik_DAMGO_Fsk___ctrl	LK022
pRII_Microscopy	model1_data49	model1_data130	969.284108285433	60	s_pRII_LK023_21_MOR_Kinetik_DAMGO_Fsk	s_pRII_LK023_21_MOR_Kinetik_DAMGO_Fsk	LK023_21_MOR_Kinetik_DAMGO_Fsk	LK023_21_MOR_Kinetik_DAMGO_Fsk___ctrl	LK022
pRII_Microscopy	model1_data49	model1_data130	1022.65854685374	120	s_pRII_LK023_21_MOR_Kinetik_DAMGO_Fsk	s_pRII_LK023_21_MOR_Kinetik_DAMGO_Fsk	LK023_21_MOR_Kinetik_DAMGO_Fsk	LK023_21_MOR_Kinetik_DAMGO_Fsk___ctrl	LK022
pRII_Microscopy	model1_data49	model1_data130	1004.04741239817	0	s_pRII_LK023_21_MOR_Kinetik_DAMGO_Fsk	s_pRII_LK023_21_MOR_Kinetik_DAMGO_Fsk	LK023_21_MOR_Kinetik_DAMGO_Fsk	LK023_21_MOR_Kinetik_DAMGO_Fsk___ctrl	LK023
pRII_Microscopy	model1_data49	model1_data130	995.083318580273	1	s_pRII_LK023_21_MOR_Kinetik_DAMGO_Fsk	s_pRII_LK023_21_MOR_Kinetik_DAMGO_Fsk	LK023_21_MOR_Kinetik_DAMGO_Fsk	LK023_21_MOR_Kinetik_DAMGO_Fsk___ctrl	LK023
pRII_Microscopy	model1_data49	model1_data130	1031.96876348843	5	s_pRII_LK023_21_MOR_Kinetik_DAMGO_Fsk	s_pRII_LK023_21_MOR_Kinetik_DAMGO_Fsk	LK023_21_MOR_Kinetik_DAMGO_Fsk	LK023_21_MOR_Kinetik_DAMGO_Fsk___ctrl	LK023
pRII_Microscopy	model1_data49	model1_data130	995.266011889694	15	s_pRII_LK023_21_MOR_Kinetik_DAMGO_Fsk	s_pRII_LK023_21_MOR_Kinetik_DAMGO_Fsk	LK023_21_MOR_Kinetik_DAMGO_Fsk	LK023_21_MOR_Kinetik_DAMGO_Fsk___ctrl	LK023
pRII_Microscopy	model1_data49	model1_data130	956.865500125727	30	s_pRII_LK023_21_MOR_Kinetik_DAMGO_Fsk	s_pRII_LK023_21_MOR_Kinetik_DAMGO_Fsk	LK023_21_MOR_Kinetik_DAMGO_Fsk	LK023_21_MOR_Kinetik_DAMGO_Fsk___ctrl	LK023
pRII_Microscopy	model1_data49	model1_data130	976.748425798214	60	s_pRII_LK023_21_MOR_Kinetik_DAMGO_Fsk	s_pRII_LK023_21_MOR_Kinetik_DAMGO_Fsk	LK023_21_MOR_Kinetik_DAMGO_Fsk	LK023_21_MOR_Kinetik_DAMGO_Fsk___ctrl	LK023
pRII_Microscopy	model1_data49	model1_data130	1042.53091053521	120	s_pRII_LK023_21_MOR_Kinetik_DAMGO_Fsk	s_pRII_LK023_21_MOR_Kinetik_DAMGO_Fsk	LK023_21_MOR_Kinetik_DAMGO_Fsk	LK023_21_MOR_Kinetik_DAMGO_Fsk___ctrl	LK023
pRII_Microscopy	model1_data49	model1_data131	911.5398475402	0	s_pRII_LK023_21_MOR_Kinetik_DAMGO_Fsk	s_pRII_LK023_21_MOR_Kinetik_DAMGO_Fsk	LK023_21_MOR_Kinetik_DAMGO_Fsk	LK023_21_MOR_Kinetik_DAMGO_Fsk___DAMGO10	LK021
pRII_Microscopy	model1_data49	model1_data131	940.210047792233	1	s_pRII_LK023_21_MOR_Kinetik_DAMGO_Fsk	s_pRII_LK023_21_MOR_Kinetik_DAMGO_Fsk	LK023_21_MOR_Kinetik_DAMGO_Fsk	LK023_21_MOR_Kinetik_DAMGO_Fsk___DAMGO10	LK021
pRII_Microscopy	model1_data49	model1_data131	943.304078861147	5	s_pRII_LK023_21_MOR_Kinetik_DAMGO_Fsk	s_pRII_LK023_21_MOR_Kinetik_DAMGO_Fsk	LK023_21_MOR_Kinetik_DAMGO_Fsk	LK023_21_MOR_Kinetik_DAMGO_Fsk___DAMGO10	LK021
pRII_Microscopy	model1_data49	model1_data131	960.424759439403	15	s_pRII_LK023_21_MOR_Kinetik_DAMGO_Fsk	s_pRII_LK023_21_MOR_Kinetik_DAMGO_Fsk	LK023_21_MOR_Kinetik_DAMGO_Fsk	LK023_21_MOR_Kinetik_DAMGO_Fsk___DAMGO10	LK021
pRII_Microscopy	model1_data49	model1_data131	948.583291979589	30	s_pRII_LK023_21_MOR_Kinetik_DAMGO_Fsk	s_pRII_LK023_21_MOR_Kinetik_DAMGO_Fsk	LK023_21_MOR_Kinetik_DAMGO_Fsk	LK023_21_MOR_Kinetik_DAMGO_Fsk___DAMGO10	LK021
pRII_Microscopy	model1_data49	model1_data131	999.948290159551	60	s_pRII_LK023_21_MOR_Kinetik_DAMGO_Fsk	s_pRII_LK023_21_MOR_Kinetik_DAMGO_Fsk	LK023_21_MOR_Kinetik_DAMGO_Fsk	LK023_21_MOR_Kinetik_DAMGO_Fsk___DAMGO10	LK021
pRII_Microscopy	model1_data49	model1_data131	920.806391433134	120	s_pRII_LK023_21_MOR_Kinetik_DAMGO_Fsk	s_pRII_LK023_21_MOR_Kinetik_DAMGO_Fsk	LK023_21_MOR_Kinetik_DAMGO_Fsk	LK023_21_MOR_Kinetik_DAMGO_Fsk___DAMGO10	LK021
pRII_Microscopy	model1_data49	model1_data131	1043.63180860911	0	s_pRII_LK023_21_MOR_Kinetik_DAMGO_Fsk	s_pRII_LK023_21_MOR_Kinetik_DAMGO_Fsk	LK023_21_MOR_Kinetik_DAMGO_Fsk	LK023_21_MOR_Kinetik_DAMGO_Fsk___DAMGO10	LK022
pRII_Microscopy	model1_data49	model1_data131	1016.66419982228	1	s_pRII_LK023_21_MOR_Kinetik_DAMGO_Fsk	s_pRII_LK023_21_MOR_Kinetik_DAMGO_Fsk	LK023_21_MOR_Kinetik_DAMGO_Fsk	LK023_21_MOR_Kinetik_DAMGO_Fsk___DAMGO10	LK022
pRII_Microscopy	model1_data49	model1_data131	936.569909601584	5	s_pRII_LK023_21_MOR_Kinetik_DAMGO_Fsk	s_pRII_LK023_21_MOR_Kinetik_DAMGO_Fsk	LK023_21_MOR_Kinetik_DAMGO_Fsk	LK023_21_MOR_Kinetik_DAMGO_Fsk___DAMGO10	LK022
pRII_Microscopy	model1_data49	model1_data131	1006.92612117614	15	s_pRII_LK023_21_MOR_Kinetik_DAMGO_Fsk	s_pRII_LK023_21_MOR_Kinetik_DAMGO_Fsk	LK023_21_MOR_Kinetik_DAMGO_Fsk	LK023_21_MOR_Kinetik_DAMGO_Fsk___DAMGO10	LK022
pRII_Microscopy	model1_data49	model1_data131	933.962979955064	30	s_pRII_LK023_21_MOR_Kinetik_DAMGO_Fsk	s_pRII_LK023_21_MOR_Kinetik_DAMGO_Fsk	LK023_21_MOR_Kinetik_DAMGO_Fsk	LK023_21_MOR_Kinetik_DAMGO_Fsk___DAMGO10	LK022
pRII_Microscopy	model1_data49	model1_data131	950.523355108894	60	s_pRII_LK023_21_MOR_Kinetik_DAMGO_Fsk	s_pRII_LK023_21_MOR_Kinetik_DAMGO_Fsk	LK023_21_MOR_Kinetik_DAMGO_Fsk	LK023_21_MOR_Kinetik_DAMGO_Fsk___DAMGO10	LK022
pRII_Microscopy	model1_data49	model1_data131	976.044384486851	120	s_pRII_LK023_21_MOR_Kinetik_DAMGO_Fsk	s_pRII_LK023_21_MOR_Kinetik_DAMGO_Fsk	LK023_21_MOR_Kinetik_DAMGO_Fsk	LK023_21_MOR_Kinetik_DAMGO_Fsk___DAMGO10	LK022
pRII_Microscopy	model1_data49	model1_data131	970.890399722643	0	s_pRII_LK023_21_MOR_Kinetik_DAMGO_Fsk	s_pRII_LK023_21_MOR_Kinetik_DAMGO_Fsk	LK023_21_MOR_Kinetik_DAMGO_Fsk	LK023_21_MOR_Kinetik_DAMGO_Fsk___DAMGO10	LK023
pRII_Microscopy	model1_data49	model1_data131	950.00747118733	1	s_pRII_LK023_21_MOR_Kinetik_DAMGO_Fsk	s_pRII_LK023_21_MOR_Kinetik_DAMGO_Fsk	LK023_21_MOR_Kinetik_DAMGO_Fsk	LK023_21_MOR_Kinetik_DAMGO_Fsk___DAMGO10	LK023
pRII_Microscopy	model1_data49	model1_data131	950.81097178831	5	s_pRII_LK023_21_MOR_Kinetik_DAMGO_Fsk	s_pRII_LK023_21_MOR_Kinetik_DAMGO_Fsk	LK023_21_MOR_Kinetik_DAMGO_Fsk	LK023_21_MOR_Kinetik_DAMGO_Fsk___DAMGO10	LK023
pRII_Microscopy	model1_data49	model1_data131	941.779066944962	15	s_pRII_LK023_21_MOR_Kinetik_DAMGO_Fsk	s_pRII_LK023_21_MOR_Kinetik_DAMGO_Fsk	LK023_21_MOR_Kinetik_DAMGO_Fsk	LK023_21_MOR_Kinetik_DAMGO_Fsk___DAMGO10	LK023
pRII_Microscopy	model1_data49	model1_data131	892.620480914355	30	s_pRII_LK023_21_MOR_Kinetik_DAMGO_Fsk	s_pRII_LK023_21_MOR_Kinetik_DAMGO_Fsk	LK023_21_MOR_Kinetik_DAMGO_Fsk	LK023_21_MOR_Kinetik_DAMGO_Fsk___DAMGO10	LK023
pRII_Microscopy	model1_data49	model1_data131	964.476515224025	60	s_pRII_LK023_21_MOR_Kinetik_DAMGO_Fsk	s_pRII_LK023_21_MOR_Kinetik_DAMGO_Fsk	LK023_21_MOR_Kinetik_DAMGO_Fsk	LK023_21_MOR_Kinetik_DAMGO_Fsk___DAMGO10	LK023
pRII_Microscopy	model1_data49	model1_data131	906.858580544452	120	s_pRII_LK023_21_MOR_Kinetik_DAMGO_Fsk	s_pRII_LK023_21_MOR_Kinetik_DAMGO_Fsk	LK023_21_MOR_Kinetik_DAMGO_Fsk	LK023_21_MOR_Kinetik_DAMGO_Fsk___DAMGO10	LK023
pRII_Microscopy	model1_data49	model1_data132	939.432892195616	0	s_pRII_LK023_21_MOR_Kinetik_DAMGO_Fsk	s_pRII_LK023_21_MOR_Kinetik_DAMGO_Fsk	LK023_21_MOR_Kinetik_DAMGO_Fsk	LK023_21_MOR_Kinetik_DAMGO_Fsk___Fsk	LK021
pRII_Microscopy	model1_data49	model1_data132	1779.71280669919	1	s_pRII_LK023_21_MOR_Kinetik_DAMGO_Fsk	s_pRII_LK023_21_MOR_Kinetik_DAMGO_Fsk	LK023_21_MOR_Kinetik_DAMGO_Fsk	LK023_21_MOR_Kinetik_DAMGO_Fsk___Fsk	LK021
pRII_Microscopy	model1_data49	model1_data132	2005.90291078815	5	s_pRII_LK023_21_MOR_Kinetik_DAMGO_Fsk	s_pRII_LK023_21_MOR_Kinetik_DAMGO_Fsk	LK023_21_MOR_Kinetik_DAMGO_Fsk	LK023_21_MOR_Kinetik_DAMGO_Fsk___Fsk	LK021
pRII_Microscopy	model1_data49	model1_data132	1878.52572904991	15	s_pRII_LK023_21_MOR_Kinetik_DAMGO_Fsk	s_pRII_LK023_21_MOR_Kinetik_DAMGO_Fsk	LK023_21_MOR_Kinetik_DAMGO_Fsk	LK023_21_MOR_Kinetik_DAMGO_Fsk___Fsk	LK021
pRII_Microscopy	model1_data49	model1_data132	2003.11324959157	30	s_pRII_LK023_21_MOR_Kinetik_DAMGO_Fsk	s_pRII_LK023_21_MOR_Kinetik_DAMGO_Fsk	LK023_21_MOR_Kinetik_DAMGO_Fsk	LK023_21_MOR_Kinetik_DAMGO_Fsk___Fsk	LK021
pRII_Microscopy	model1_data49	model1_data132	2018.3722765267	60	s_pRII_LK023_21_MOR_Kinetik_DAMGO_Fsk	s_pRII_LK023_21_MOR_Kinetik_DAMGO_Fsk	LK023_21_MOR_Kinetik_DAMGO_Fsk	LK023_21_MOR_Kinetik_DAMGO_Fsk___Fsk	LK021
pRII_Microscopy	model1_data49	model1_data132	2111.46655031988	120	s_pRII_LK023_21_MOR_Kinetik_DAMGO_Fsk	s_pRII_LK023_21_MOR_Kinetik_DAMGO_Fsk	LK023_21_MOR_Kinetik_DAMGO_Fsk	LK023_21_MOR_Kinetik_DAMGO_Fsk___Fsk	LK021
pRII_Microscopy	model1_data49	model1_data132	1041.37713525637	0	s_pRII_LK023_21_MOR_Kinetik_DAMGO_Fsk	s_pRII_LK023_21_MOR_Kinetik_DAMGO_Fsk	LK023_21_MOR_Kinetik_DAMGO_Fsk	LK023_21_MOR_Kinetik_DAMGO_Fsk___Fsk	LK022
pRII_Microscopy	model1_data49	model1_data132	1715.99280246572	1	s_pRII_LK023_21_MOR_Kinetik_DAMGO_Fsk	s_pRII_LK023_21_MOR_Kinetik_DAMGO_Fsk	LK023_21_MOR_Kinetik_DAMGO_Fsk	LK023_21_MOR_Kinetik_DAMGO_Fsk___Fsk	LK022
pRII_Microscopy	model1_data49	model1_data132	1902.03166967615	5	s_pRII_LK023_21_MOR_Kinetik_DAMGO_Fsk	s_pRII_LK023_21_MOR_Kinetik_DAMGO_Fsk	LK023_21_MOR_Kinetik_DAMGO_Fsk	LK023_21_MOR_Kinetik_DAMGO_Fsk___Fsk	LK022
pRII_Microscopy	model1_data49	model1_data132	1880.44212883191	15	s_pRII_LK023_21_MOR_Kinetik_DAMGO_Fsk	s_pRII_LK023_21_MOR_Kinetik_DAMGO_Fsk	LK023_21_MOR_Kinetik_DAMGO_Fsk	LK023_21_MOR_Kinetik_DAMGO_Fsk___Fsk	LK022
pRII_Microscopy	model1_data49	model1_data132	1933.43725923036	30	s_pRII_LK023_21_MOR_Kinetik_DAMGO_Fsk	s_pRII_LK023_21_MOR_Kinetik_DAMGO_Fsk	LK023_21_MOR_Kinetik_DAMGO_Fsk	LK023_21_MOR_Kinetik_DAMGO_Fsk___Fsk	LK022
pRII_Microscopy	model1_data49	model1_data132	2072.69480892971	60	s_pRII_LK023_21_MOR_Kinetik_DAMGO_Fsk	s_pRII_LK023_21_MOR_Kinetik_DAMGO_Fsk	LK023_21_MOR_Kinetik_DAMGO_Fsk	LK023_21_MOR_Kinetik_DAMGO_Fsk___Fsk	LK022
pRII_Microscopy	model1_data49	model1_data132	2060.17887701063	120	s_pRII_LK023_21_MOR_Kinetik_DAMGO_Fsk	s_pRII_LK023_21_MOR_Kinetik_DAMGO_Fsk	LK023_21_MOR_Kinetik_DAMGO_Fsk	LK023_21_MOR_Kinetik_DAMGO_Fsk___Fsk	LK022
pRII_Microscopy	model1_data49	model1_data132	975.443775510029	0	s_pRII_LK023_21_MOR_Kinetik_DAMGO_Fsk	s_pRII_LK023_21_MOR_Kinetik_DAMGO_Fsk	LK023_21_MOR_Kinetik_DAMGO_Fsk	LK023_21_MOR_Kinetik_DAMGO_Fsk___Fsk	LK023
pRII_Microscopy	model1_data49	model1_data132	1695.71402306859	1	s_pRII_LK023_21_MOR_Kinetik_DAMGO_Fsk	s_pRII_LK023_21_MOR_Kinetik_DAMGO_Fsk	LK023_21_MOR_Kinetik_DAMGO_Fsk	LK023_21_MOR_Kinetik_DAMGO_Fsk___Fsk	LK023
pRII_Microscopy	model1_data49	model1_data132	1854.34359412319	5	s_pRII_LK023_21_MOR_Kinetik_DAMGO_Fsk	s_pRII_LK023_21_MOR_Kinetik_DAMGO_Fsk	LK023_21_MOR_Kinetik_DAMGO_Fsk	LK023_21_MOR_Kinetik_DAMGO_Fsk___Fsk	LK023
pRII_Microscopy	model1_data49	model1_data132	1943.18670047228	15	s_pRII_LK023_21_MOR_Kinetik_DAMGO_Fsk	s_pRII_LK023_21_MOR_Kinetik_DAMGO_Fsk	LK023_21_MOR_Kinetik_DAMGO_Fsk	LK023_21_MOR_Kinetik_DAMGO_Fsk___Fsk	LK023
pRII_Microscopy	model1_data49	model1_data132	1939.30986421592	30	s_pRII_LK023_21_MOR_Kinetik_DAMGO_Fsk	s_pRII_LK023_21_MOR_Kinetik_DAMGO_Fsk	LK023_21_MOR_Kinetik_DAMGO_Fsk	LK023_21_MOR_Kinetik_DAMGO_Fsk___Fsk	LK023
pRII_Microscopy	model1_data49	model1_data132	1952.28077580638	60	s_pRII_LK023_21_MOR_Kinetik_DAMGO_Fsk	s_pRII_LK023_21_MOR_Kinetik_DAMGO_Fsk	LK023_21_MOR_Kinetik_DAMGO_Fsk	LK023_21_MOR_Kinetik_DAMGO_Fsk___Fsk	LK023
pRII_Microscopy	model1_data49	model1_data132	2028.24519559281	120	s_pRII_LK023_21_MOR_Kinetik_DAMGO_Fsk	s_pRII_LK023_21_MOR_Kinetik_DAMGO_Fsk	LK023_21_MOR_Kinetik_DAMGO_Fsk	LK023_21_MOR_Kinetik_DAMGO_Fsk___Fsk	LK023
pRII_Microscopy	model1_data49	model1_data133	944.588085940152	0	s_pRII_LK023_21_MOR_Kinetik_DAMGO_Fsk	s_pRII_LK023_21_MOR_Kinetik_DAMGO_Fsk	LK023_21_MOR_Kinetik_DAMGO_Fsk	LK023_21_MOR_Kinetik_DAMGO_Fsk___Fsk_and_DAMGO0.1	LK021
pRII_Microscopy	model1_data49	model1_data133	1809.66338347526	1	s_pRII_LK023_21_MOR_Kinetik_DAMGO_Fsk	s_pRII_LK023_21_MOR_Kinetik_DAMGO_Fsk	LK023_21_MOR_Kinetik_DAMGO_Fsk	LK023_21_MOR_Kinetik_DAMGO_Fsk___Fsk_and_DAMGO0.1	LK021
pRII_Microscopy	model1_data49	model1_data133	1855.31994212312	5	s_pRII_LK023_21_MOR_Kinetik_DAMGO_Fsk	s_pRII_LK023_21_MOR_Kinetik_DAMGO_Fsk	LK023_21_MOR_Kinetik_DAMGO_Fsk	LK023_21_MOR_Kinetik_DAMGO_Fsk___Fsk_and_DAMGO0.1	LK021
pRII_Microscopy	model1_data49	model1_data133	1824.33312991706	15	s_pRII_LK023_21_MOR_Kinetik_DAMGO_Fsk	s_pRII_LK023_21_MOR_Kinetik_DAMGO_Fsk	LK023_21_MOR_Kinetik_DAMGO_Fsk	LK023_21_MOR_Kinetik_DAMGO_Fsk___Fsk_and_DAMGO0.1	LK021
pRII_Microscopy	model1_data49	model1_data133	1864.20473316576	30	s_pRII_LK023_21_MOR_Kinetik_DAMGO_Fsk	s_pRII_LK023_21_MOR_Kinetik_DAMGO_Fsk	LK023_21_MOR_Kinetik_DAMGO_Fsk	LK023_21_MOR_Kinetik_DAMGO_Fsk___Fsk_and_DAMGO0.1	LK021
pRII_Microscopy	model1_data49	model1_data133	1918.57835624212	60	s_pRII_LK023_21_MOR_Kinetik_DAMGO_Fsk	s_pRII_LK023_21_MOR_Kinetik_DAMGO_Fsk	LK023_21_MOR_Kinetik_DAMGO_Fsk	LK023_21_MOR_Kinetik_DAMGO_Fsk___Fsk_and_DAMGO0.1	LK021
pRII_Microscopy	model1_data49	model1_data133	1924.1282070074	120	s_pRII_LK023_21_MOR_Kinetik_DAMGO_Fsk	s_pRII_LK023_21_MOR_Kinetik_DAMGO_Fsk	LK023_21_MOR_Kinetik_DAMGO_Fsk	LK023_21_MOR_Kinetik_DAMGO_Fsk___Fsk_and_DAMGO0.1	LK021
pRII_Microscopy	model1_data49	model1_data133	1113.25624764762	0	s_pRII_LK023_21_MOR_Kinetik_DAMGO_Fsk	s_pRII_LK023_21_MOR_Kinetik_DAMGO_Fsk	LK023_21_MOR_Kinetik_DAMGO_Fsk	LK023_21_MOR_Kinetik_DAMGO_Fsk___Fsk_and_DAMGO0.1	LK022
pRII_Microscopy	model1_data49	model1_data133	1867.20249539538	1	s_pRII_LK023_21_MOR_Kinetik_DAMGO_Fsk	s_pRII_LK023_21_MOR_Kinetik_DAMGO_Fsk	LK023_21_MOR_Kinetik_DAMGO_Fsk	LK023_21_MOR_Kinetik_DAMGO_Fsk___Fsk_and_DAMGO0.1	LK022
pRII_Microscopy	model1_data49	model1_data133	1841.74995187083	5	s_pRII_LK023_21_MOR_Kinetik_DAMGO_Fsk	s_pRII_LK023_21_MOR_Kinetik_DAMGO_Fsk	LK023_21_MOR_Kinetik_DAMGO_Fsk	LK023_21_MOR_Kinetik_DAMGO_Fsk___Fsk_and_DAMGO0.1	LK022
pRII_Microscopy	model1_data49	model1_data133	1976.48436826874	15	s_pRII_LK023_21_MOR_Kinetik_DAMGO_Fsk	s_pRII_LK023_21_MOR_Kinetik_DAMGO_Fsk	LK023_21_MOR_Kinetik_DAMGO_Fsk	LK023_21_MOR_Kinetik_DAMGO_Fsk___Fsk_and_DAMGO0.1	LK022
pRII_Microscopy	model1_data49	model1_data133	1931.41985036257	30	s_pRII_LK023_21_MOR_Kinetik_DAMGO_Fsk	s_pRII_LK023_21_MOR_Kinetik_DAMGO_Fsk	LK023_21_MOR_Kinetik_DAMGO_Fsk	LK023_21_MOR_Kinetik_DAMGO_Fsk___Fsk_and_DAMGO0.1	LK022
pRII_Microscopy	model1_data49	model1_data133	1945.11475878662	60	s_pRII_LK023_21_MOR_Kinetik_DAMGO_Fsk	s_pRII_LK023_21_MOR_Kinetik_DAMGO_Fsk	LK023_21_MOR_Kinetik_DAMGO_Fsk	LK023_21_MOR_Kinetik_DAMGO_Fsk___Fsk_and_DAMGO0.1	LK022
pRII_Microscopy	model1_data49	model1_data133	2186.9305420517	120	s_pRII_LK023_21_MOR_Kinetik_DAMGO_Fsk	s_pRII_LK023_21_MOR_Kinetik_DAMGO_Fsk	LK023_21_MOR_Kinetik_DAMGO_Fsk	LK023_21_MOR_Kinetik_DAMGO_Fsk___Fsk_and_DAMGO0.1	LK022
pRII_Microscopy	model1_data49	model1_data133	936.521550128238	0	s_pRII_LK023_21_MOR_Kinetik_DAMGO_Fsk	s_pRII_LK023_21_MOR_Kinetik_DAMGO_Fsk	LK023_21_MOR_Kinetik_DAMGO_Fsk	LK023_21_MOR_Kinetik_DAMGO_Fsk___Fsk_and_DAMGO0.1	LK023
pRII_Microscopy	model1_data49	model1_data133	1638.36172734888	1	s_pRII_LK023_21_MOR_Kinetik_DAMGO_Fsk	s_pRII_LK023_21_MOR_Kinetik_DAMGO_Fsk	LK023_21_MOR_Kinetik_DAMGO_Fsk	LK023_21_MOR_Kinetik_DAMGO_Fsk___Fsk_and_DAMGO0.1	LK023
pRII_Microscopy	model1_data49	model1_data133	1768.72642065071	5	s_pRII_LK023_21_MOR_Kinetik_DAMGO_Fsk	s_pRII_LK023_21_MOR_Kinetik_DAMGO_Fsk	LK023_21_MOR_Kinetik_DAMGO_Fsk	LK023_21_MOR_Kinetik_DAMGO_Fsk___Fsk_and_DAMGO0.1	LK023
pRII_Microscopy	model1_data49	model1_data133	1841.41344371416	15	s_pRII_LK023_21_MOR_Kinetik_DAMGO_Fsk	s_pRII_LK023_21_MOR_Kinetik_DAMGO_Fsk	LK023_21_MOR_Kinetik_DAMGO_Fsk	LK023_21_MOR_Kinetik_DAMGO_Fsk___Fsk_and_DAMGO0.1	LK023
pRII_Microscopy	model1_data49	model1_data133	1797.73103625291	30	s_pRII_LK023_21_MOR_Kinetik_DAMGO_Fsk	s_pRII_LK023_21_MOR_Kinetik_DAMGO_Fsk	LK023_21_MOR_Kinetik_DAMGO_Fsk	LK023_21_MOR_Kinetik_DAMGO_Fsk___Fsk_and_DAMGO0.1	LK023
pRII_Microscopy	model1_data49	model1_data133	1990.70145005056	60	s_pRII_LK023_21_MOR_Kinetik_DAMGO_Fsk	s_pRII_LK023_21_MOR_Kinetik_DAMGO_Fsk	LK023_21_MOR_Kinetik_DAMGO_Fsk	LK023_21_MOR_Kinetik_DAMGO_Fsk___Fsk_and_DAMGO0.1	LK023
pRII_Microscopy	model1_data49	model1_data133	2006.30728824667	120	s_pRII_LK023_21_MOR_Kinetik_DAMGO_Fsk	s_pRII_LK023_21_MOR_Kinetik_DAMGO_Fsk	LK023_21_MOR_Kinetik_DAMGO_Fsk	LK023_21_MOR_Kinetik_DAMGO_Fsk___Fsk_and_DAMGO0.1	LK023
pRII_Microscopy	model1_data49	model1_data134	986.586895128032	0	s_pRII_LK023_21_MOR_Kinetik_DAMGO_Fsk	s_pRII_LK023_21_MOR_Kinetik_DAMGO_Fsk	LK023_21_MOR_Kinetik_DAMGO_Fsk	LK023_21_MOR_Kinetik_DAMGO_Fsk___Fsk_and_DAMGO1	LK021
pRII_Microscopy	model1_data49	model1_data134	1586.34491052724	1	s_pRII_LK023_21_MOR_Kinetik_DAMGO_Fsk	s_pRII_LK023_21_MOR_Kinetik_DAMGO_Fsk	LK023_21_MOR_Kinetik_DAMGO_Fsk	LK023_21_MOR_Kinetik_DAMGO_Fsk___Fsk_and_DAMGO1	LK021
pRII_Microscopy	model1_data49	model1_data134	1725.60206486041	5	s_pRII_LK023_21_MOR_Kinetik_DAMGO_Fsk	s_pRII_LK023_21_MOR_Kinetik_DAMGO_Fsk	LK023_21_MOR_Kinetik_DAMGO_Fsk	LK023_21_MOR_Kinetik_DAMGO_Fsk___Fsk_and_DAMGO1	LK021
pRII_Microscopy	model1_data49	model1_data134	1863.25889224651	15	s_pRII_LK023_21_MOR_Kinetik_DAMGO_Fsk	s_pRII_LK023_21_MOR_Kinetik_DAMGO_Fsk	LK023_21_MOR_Kinetik_DAMGO_Fsk	LK023_21_MOR_Kinetik_DAMGO_Fsk___Fsk_and_DAMGO1	LK021
pRII_Microscopy	model1_data49	model1_data134	1773.49288092358	30	s_pRII_LK023_21_MOR_Kinetik_DAMGO_Fsk	s_pRII_LK023_21_MOR_Kinetik_DAMGO_Fsk	LK023_21_MOR_Kinetik_DAMGO_Fsk	LK023_21_MOR_Kinetik_DAMGO_Fsk___Fsk_and_DAMGO1	LK021
pRII_Microscopy	model1_data49	model1_data134	1882.83097427181	60	s_pRII_LK023_21_MOR_Kinetik_DAMGO_Fsk	s_pRII_LK023_21_MOR_Kinetik_DAMGO_Fsk	LK023_21_MOR_Kinetik_DAMGO_Fsk	LK023_21_MOR_Kinetik_DAMGO_Fsk___Fsk_and_DAMGO1	LK021
pRII_Microscopy	model1_data49	model1_data134	1959.78333658933	120	s_pRII_LK023_21_MOR_Kinetik_DAMGO_Fsk	s_pRII_LK023_21_MOR_Kinetik_DAMGO_Fsk	LK023_21_MOR_Kinetik_DAMGO_Fsk	LK023_21_MOR_Kinetik_DAMGO_Fsk___Fsk_and_DAMGO1	LK021
pRII_Microscopy	model1_data49	model1_data134	1053.99305906796	0	s_pRII_LK023_21_MOR_Kinetik_DAMGO_Fsk	s_pRII_LK023_21_MOR_Kinetik_DAMGO_Fsk	LK023_21_MOR_Kinetik_DAMGO_Fsk	LK023_21_MOR_Kinetik_DAMGO_Fsk___Fsk_and_DAMGO1	LK022
pRII_Microscopy	model1_data49	model1_data134	1700.27673508395	1	s_pRII_LK023_21_MOR_Kinetik_DAMGO_Fsk	s_pRII_LK023_21_MOR_Kinetik_DAMGO_Fsk	LK023_21_MOR_Kinetik_DAMGO_Fsk	LK023_21_MOR_Kinetik_DAMGO_Fsk___Fsk_and_DAMGO1	LK022
pRII_Microscopy	model1_data49	model1_data134	1779.02015377974	5	s_pRII_LK023_21_MOR_Kinetik_DAMGO_Fsk	s_pRII_LK023_21_MOR_Kinetik_DAMGO_Fsk	LK023_21_MOR_Kinetik_DAMGO_Fsk	LK023_21_MOR_Kinetik_DAMGO_Fsk___Fsk_and_DAMGO1	LK022
pRII_Microscopy	model1_data49	model1_data134	1904.16061039812	15	s_pRII_LK023_21_MOR_Kinetik_DAMGO_Fsk	s_pRII_LK023_21_MOR_Kinetik_DAMGO_Fsk	LK023_21_MOR_Kinetik_DAMGO_Fsk	LK023_21_MOR_Kinetik_DAMGO_Fsk___Fsk_and_DAMGO1	LK022
pRII_Microscopy	model1_data49	model1_data134	1971.20386034151	30	s_pRII_LK023_21_MOR_Kinetik_DAMGO_Fsk	s_pRII_LK023_21_MOR_Kinetik_DAMGO_Fsk	LK023_21_MOR_Kinetik_DAMGO_Fsk	LK023_21_MOR_Kinetik_DAMGO_Fsk___Fsk_and_DAMGO1	LK022
pRII_Microscopy	model1_data49	model1_data134	1987.64024167347	60	s_pRII_LK023_21_MOR_Kinetik_DAMGO_Fsk	s_pRII_LK023_21_MOR_Kinetik_DAMGO_Fsk	LK023_21_MOR_Kinetik_DAMGO_Fsk	LK023_21_MOR_Kinetik_DAMGO_Fsk___Fsk_and_DAMGO1	LK022
pRII_Microscopy	model1_data49	model1_data134	1987.51104188119	120	s_pRII_LK023_21_MOR_Kinetik_DAMGO_Fsk	s_pRII_LK023_21_MOR_Kinetik_DAMGO_Fsk	LK023_21_MOR_Kinetik_DAMGO_Fsk	LK023_21_MOR_Kinetik_DAMGO_Fsk___Fsk_and_DAMGO1	LK022
pRII_Microscopy	model1_data49	model1_data134	927.775384251036	0	s_pRII_LK023_21_MOR_Kinetik_DAMGO_Fsk	s_pRII_LK023_21_MOR_Kinetik_DAMGO_Fsk	LK023_21_MOR_Kinetik_DAMGO_Fsk	LK023_21_MOR_Kinetik_DAMGO_Fsk___Fsk_and_DAMGO1	LK023
pRII_Microscopy	model1_data49	model1_data134	1512.48232005873	1	s_pRII_LK023_21_MOR_Kinetik_DAMGO_Fsk	s_pRII_LK023_21_MOR_Kinetik_DAMGO_Fsk	LK023_21_MOR_Kinetik_DAMGO_Fsk	LK023_21_MOR_Kinetik_DAMGO_Fsk___Fsk_and_DAMGO1	LK023
pRII_Microscopy	model1_data49	model1_data134	1614.79573152667	5	s_pRII_LK023_21_MOR_Kinetik_DAMGO_Fsk	s_pRII_LK023_21_MOR_Kinetik_DAMGO_Fsk	LK023_21_MOR_Kinetik_DAMGO_Fsk	LK023_21_MOR_Kinetik_DAMGO_Fsk___Fsk_and_DAMGO1	LK023
pRII_Microscopy	model1_data49	model1_data134	1735.82977956122	15	s_pRII_LK023_21_MOR_Kinetik_DAMGO_Fsk	s_pRII_LK023_21_MOR_Kinetik_DAMGO_Fsk	LK023_21_MOR_Kinetik_DAMGO_Fsk	LK023_21_MOR_Kinetik_DAMGO_Fsk___Fsk_and_DAMGO1	LK023
pRII_Microscopy	model1_data49	model1_data134	1765.63216703727	30	s_pRII_LK023_21_MOR_Kinetik_DAMGO_Fsk	s_pRII_LK023_21_MOR_Kinetik_DAMGO_Fsk	LK023_21_MOR_Kinetik_DAMGO_Fsk	LK023_21_MOR_Kinetik_DAMGO_Fsk___Fsk_and_DAMGO1	LK023
pRII_Microscopy	model1_data49	model1_data134	1859.54269620014	60	s_pRII_LK023_21_MOR_Kinetik_DAMGO_Fsk	s_pRII_LK023_21_MOR_Kinetik_DAMGO_Fsk	LK023_21_MOR_Kinetik_DAMGO_Fsk	LK023_21_MOR_Kinetik_DAMGO_Fsk___Fsk_and_DAMGO1	LK023
pRII_Microscopy	model1_data49	model1_data134	1967.18805889468	120	s_pRII_LK023_21_MOR_Kinetik_DAMGO_Fsk	s_pRII_LK023_21_MOR_Kinetik_DAMGO_Fsk	LK023_21_MOR_Kinetik_DAMGO_Fsk	LK023_21_MOR_Kinetik_DAMGO_Fsk___Fsk_and_DAMGO1	LK023
pRII_Microscopy	model1_data49	model1_data135	929.122502970386	0	s_pRII_LK023_21_MOR_Kinetik_DAMGO_Fsk	s_pRII_LK023_21_MOR_Kinetik_DAMGO_Fsk	LK023_21_MOR_Kinetik_DAMGO_Fsk	LK023_21_MOR_Kinetik_DAMGO_Fsk___Fsk_and_DAMGO10	LK021
pRII_Microscopy	model1_data49	model1_data135	1587.18328318989	1	s_pRII_LK023_21_MOR_Kinetik_DAMGO_Fsk	s_pRII_LK023_21_MOR_Kinetik_DAMGO_Fsk	LK023_21_MOR_Kinetik_DAMGO_Fsk	LK023_21_MOR_Kinetik_DAMGO_Fsk___Fsk_and_DAMGO10	LK021
pRII_Microscopy	model1_data49	model1_data135	1556.78893335952	5	s_pRII_LK023_21_MOR_Kinetik_DAMGO_Fsk	s_pRII_LK023_21_MOR_Kinetik_DAMGO_Fsk	LK023_21_MOR_Kinetik_DAMGO_Fsk	LK023_21_MOR_Kinetik_DAMGO_Fsk___Fsk_and_DAMGO10	LK021
pRII_Microscopy	model1_data49	model1_data135	1698.95504793897	15	s_pRII_LK023_21_MOR_Kinetik_DAMGO_Fsk	s_pRII_LK023_21_MOR_Kinetik_DAMGO_Fsk	LK023_21_MOR_Kinetik_DAMGO_Fsk	LK023_21_MOR_Kinetik_DAMGO_Fsk___Fsk_and_DAMGO10	LK021
pRII_Microscopy	model1_data49	model1_data135	1917.07667180517	30	s_pRII_LK023_21_MOR_Kinetik_DAMGO_Fsk	s_pRII_LK023_21_MOR_Kinetik_DAMGO_Fsk	LK023_21_MOR_Kinetik_DAMGO_Fsk	LK023_21_MOR_Kinetik_DAMGO_Fsk___Fsk_and_DAMGO10	LK021
pRII_Microscopy	model1_data49	model1_data135	1939.41988908405	60	s_pRII_LK023_21_MOR_Kinetik_DAMGO_Fsk	s_pRII_LK023_21_MOR_Kinetik_DAMGO_Fsk	LK023_21_MOR_Kinetik_DAMGO_Fsk	LK023_21_MOR_Kinetik_DAMGO_Fsk___Fsk_and_DAMGO10	LK021
pRII_Microscopy	model1_data49	model1_data135	1943.67466312628	120	s_pRII_LK023_21_MOR_Kinetik_DAMGO_Fsk	s_pRII_LK023_21_MOR_Kinetik_DAMGO_Fsk	LK023_21_MOR_Kinetik_DAMGO_Fsk	LK023_21_MOR_Kinetik_DAMGO_Fsk___Fsk_and_DAMGO10	LK021
pRII_Microscopy	model1_data49	model1_data135	1043.38334375516	0	s_pRII_LK023_21_MOR_Kinetik_DAMGO_Fsk	s_pRII_LK023_21_MOR_Kinetik_DAMGO_Fsk	LK023_21_MOR_Kinetik_DAMGO_Fsk	LK023_21_MOR_Kinetik_DAMGO_Fsk___Fsk_and_DAMGO10	LK022
pRII_Microscopy	model1_data49	model1_data135	1622.3707157605	1	s_pRII_LK023_21_MOR_Kinetik_DAMGO_Fsk	s_pRII_LK023_21_MOR_Kinetik_DAMGO_Fsk	LK023_21_MOR_Kinetik_DAMGO_Fsk	LK023_21_MOR_Kinetik_DAMGO_Fsk___Fsk_and_DAMGO10	LK022
pRII_Microscopy	model1_data49	model1_data135	1798.76248917936	5	s_pRII_LK023_21_MOR_Kinetik_DAMGO_Fsk	s_pRII_LK023_21_MOR_Kinetik_DAMGO_Fsk	LK023_21_MOR_Kinetik_DAMGO_Fsk	LK023_21_MOR_Kinetik_DAMGO_Fsk___Fsk_and_DAMGO10	LK022
pRII_Microscopy	model1_data49	model1_data135	1940.59093802151	15	s_pRII_LK023_21_MOR_Kinetik_DAMGO_Fsk	s_pRII_LK023_21_MOR_Kinetik_DAMGO_Fsk	LK023_21_MOR_Kinetik_DAMGO_Fsk	LK023_21_MOR_Kinetik_DAMGO_Fsk___Fsk_and_DAMGO10	LK022
pRII_Microscopy	model1_data49	model1_data135	1843.58151343566	30	s_pRII_LK023_21_MOR_Kinetik_DAMGO_Fsk	s_pRII_LK023_21_MOR_Kinetik_DAMGO_Fsk	LK023_21_MOR_Kinetik_DAMGO_Fsk	LK023_21_MOR_Kinetik_DAMGO_Fsk___Fsk_and_DAMGO10	LK022
pRII_Microscopy	model1_data49	model1_data135	2031.20070355032	60	s_pRII_LK023_21_MOR_Kinetik_DAMGO_Fsk	s_pRII_LK023_21_MOR_Kinetik_DAMGO_Fsk	LK023_21_MOR_Kinetik_DAMGO_Fsk	LK023_21_MOR_Kinetik_DAMGO_Fsk___Fsk_and_DAMGO10	LK022
pRII_Microscopy	model1_data49	model1_data135	1951.76305521859	120	s_pRII_LK023_21_MOR_Kinetik_DAMGO_Fsk	s_pRII_LK023_21_MOR_Kinetik_DAMGO_Fsk	LK023_21_MOR_Kinetik_DAMGO_Fsk	LK023_21_MOR_Kinetik_DAMGO_Fsk___Fsk_and_DAMGO10	LK022
pRII_Microscopy	model1_data49	model1_data135	988.681650764065	0	s_pRII_LK023_21_MOR_Kinetik_DAMGO_Fsk	s_pRII_LK023_21_MOR_Kinetik_DAMGO_Fsk	LK023_21_MOR_Kinetik_DAMGO_Fsk	LK023_21_MOR_Kinetik_DAMGO_Fsk___Fsk_and_DAMGO10	LK023
pRII_Microscopy	model1_data49	model1_data135	1362.83526283722	1	s_pRII_LK023_21_MOR_Kinetik_DAMGO_Fsk	s_pRII_LK023_21_MOR_Kinetik_DAMGO_Fsk	LK023_21_MOR_Kinetik_DAMGO_Fsk	LK023_21_MOR_Kinetik_DAMGO_Fsk___Fsk_and_DAMGO10	LK023
pRII_Microscopy	model1_data49	model1_data135	1416.84214765673	5	s_pRII_LK023_21_MOR_Kinetik_DAMGO_Fsk	s_pRII_LK023_21_MOR_Kinetik_DAMGO_Fsk	LK023_21_MOR_Kinetik_DAMGO_Fsk	LK023_21_MOR_Kinetik_DAMGO_Fsk___Fsk_and_DAMGO10	LK023
pRII_Microscopy	model1_data49	model1_data135	1697.34712375566	15	s_pRII_LK023_21_MOR_Kinetik_DAMGO_Fsk	s_pRII_LK023_21_MOR_Kinetik_DAMGO_Fsk	LK023_21_MOR_Kinetik_DAMGO_Fsk	LK023_21_MOR_Kinetik_DAMGO_Fsk___Fsk_and_DAMGO10	LK023
pRII_Microscopy	model1_data49	model1_data135	1813.51766657975	30	s_pRII_LK023_21_MOR_Kinetik_DAMGO_Fsk	s_pRII_LK023_21_MOR_Kinetik_DAMGO_Fsk	LK023_21_MOR_Kinetik_DAMGO_Fsk	LK023_21_MOR_Kinetik_DAMGO_Fsk___Fsk_and_DAMGO10	LK023
pRII_Microscopy	model1_data49	model1_data135	1793.52327984247	60	s_pRII_LK023_21_MOR_Kinetik_DAMGO_Fsk	s_pRII_LK023_21_MOR_Kinetik_DAMGO_Fsk	LK023_21_MOR_Kinetik_DAMGO_Fsk	LK023_21_MOR_Kinetik_DAMGO_Fsk___Fsk_and_DAMGO10	LK023
pRII_Microscopy	model1_data49	model1_data135	1953.38234555326	120	s_pRII_LK023_21_MOR_Kinetik_DAMGO_Fsk	s_pRII_LK023_21_MOR_Kinetik_DAMGO_Fsk	LK023_21_MOR_Kinetik_DAMGO_Fsk	LK023_21_MOR_Kinetik_DAMGO_Fsk___Fsk_and_DAMGO10	LK023
pRII_Microscopy_LK15_150727	model1_data49	model1_data136	1012.47635471064	0	s_pRII_LK15_150727_LK051_48_MOR_Kinetic_10min_Fentanyl_Fsk	s_pRII_LK15_150727_LK051_48_MOR_Kinetic_10min_Fentanyl_Fsk	LK15_150727_LK051_48_MOR_Kinetic_10min_Fentanyl_Fsk	LK15_150727_LK051_48_MOR_Kinetic_10min_Fentanyl_Fsk__ctrl	LK048
pRII_Microscopy_LK15_150727	model1_data49	model1_data136	981.686678906486	0.5	s_pRII_LK15_150727_LK051_48_MOR_Kinetic_10min_Fentanyl_Fsk	s_pRII_LK15_150727_LK051_48_MOR_Kinetic_10min_Fentanyl_Fsk	LK15_150727_LK051_48_MOR_Kinetic_10min_Fentanyl_Fsk	LK15_150727_LK051_48_MOR_Kinetic_10min_Fentanyl_Fsk__ctrl	LK048
pRII_Microscopy_LK15_150727	model1_data49	model1_data136	1000.0873614567	1	s_pRII_LK15_150727_LK051_48_MOR_Kinetic_10min_Fentanyl_Fsk	s_pRII_LK15_150727_LK051_48_MOR_Kinetic_10min_Fentanyl_Fsk	LK15_150727_LK051_48_MOR_Kinetic_10min_Fentanyl_Fsk	LK15_150727_LK051_48_MOR_Kinetic_10min_Fentanyl_Fsk__ctrl	LK048
pRII_Microscopy_LK15_150727	model1_data49	model1_data136	946.028445368478	1.5	s_pRII_LK15_150727_LK051_48_MOR_Kinetic_10min_Fentanyl_Fsk	s_pRII_LK15_150727_LK051_48_MOR_Kinetic_10min_Fentanyl_Fsk	LK15_150727_LK051_48_MOR_Kinetic_10min_Fentanyl_Fsk	LK15_150727_LK051_48_MOR_Kinetic_10min_Fentanyl_Fsk__ctrl	LK048
pRII_Microscopy_LK15_150727	model1_data49	model1_data136	1031.01425883333	2	s_pRII_LK15_150727_LK051_48_MOR_Kinetic_10min_Fentanyl_Fsk	s_pRII_LK15_150727_LK051_48_MOR_Kinetic_10min_Fentanyl_Fsk	LK15_150727_LK051_48_MOR_Kinetic_10min_Fentanyl_Fsk	LK15_150727_LK051_48_MOR_Kinetic_10min_Fentanyl_Fsk__ctrl	LK048
pRII_Microscopy_LK15_150727	model1_data49	model1_data136	1036.68333447202	5	s_pRII_LK15_150727_LK051_48_MOR_Kinetic_10min_Fentanyl_Fsk	s_pRII_LK15_150727_LK051_48_MOR_Kinetic_10min_Fentanyl_Fsk	LK15_150727_LK051_48_MOR_Kinetic_10min_Fentanyl_Fsk	LK15_150727_LK051_48_MOR_Kinetic_10min_Fentanyl_Fsk__ctrl	LK048
pRII_Microscopy_LK15_150727	model1_data49	model1_data136	984.790287785864	10	s_pRII_LK15_150727_LK051_48_MOR_Kinetic_10min_Fentanyl_Fsk	s_pRII_LK15_150727_LK051_48_MOR_Kinetic_10min_Fentanyl_Fsk	LK15_150727_LK051_48_MOR_Kinetic_10min_Fentanyl_Fsk	LK15_150727_LK051_48_MOR_Kinetic_10min_Fentanyl_Fsk__ctrl	LK048
pRII_Microscopy_LK15_150727	model1_data49	model1_data136	1012.0493097864	0	s_pRII_LK15_150727_LK051_48_MOR_Kinetic_10min_Fentanyl_Fsk	s_pRII_LK15_150727_LK051_48_MOR_Kinetic_10min_Fentanyl_Fsk	LK15_150727_LK051_48_MOR_Kinetic_10min_Fentanyl_Fsk	LK15_150727_LK051_48_MOR_Kinetic_10min_Fentanyl_Fsk__ctrl	LK049
pRII_Microscopy_LK15_150727	model1_data49	model1_data136	958.056127984283	0.5	s_pRII_LK15_150727_LK051_48_MOR_Kinetic_10min_Fentanyl_Fsk	s_pRII_LK15_150727_LK051_48_MOR_Kinetic_10min_Fentanyl_Fsk	LK15_150727_LK051_48_MOR_Kinetic_10min_Fentanyl_Fsk	LK15_150727_LK051_48_MOR_Kinetic_10min_Fentanyl_Fsk__ctrl	LK049
pRII_Microscopy_LK15_150727	model1_data49	model1_data136	1000.46918271191	1	s_pRII_LK15_150727_LK051_48_MOR_Kinetic_10min_Fentanyl_Fsk	s_pRII_LK15_150727_LK051_48_MOR_Kinetic_10min_Fentanyl_Fsk	LK15_150727_LK051_48_MOR_Kinetic_10min_Fentanyl_Fsk	LK15_150727_LK051_48_MOR_Kinetic_10min_Fentanyl_Fsk__ctrl	LK049
pRII_Microscopy_LK15_150727	model1_data49	model1_data136	1002.22977816697	1.5	s_pRII_LK15_150727_LK051_48_MOR_Kinetic_10min_Fentanyl_Fsk	s_pRII_LK15_150727_LK051_48_MOR_Kinetic_10min_Fentanyl_Fsk	LK15_150727_LK051_48_MOR_Kinetic_10min_Fentanyl_Fsk	LK15_150727_LK051_48_MOR_Kinetic_10min_Fentanyl_Fsk__ctrl	LK049
pRII_Microscopy_LK15_150727	model1_data49	model1_data136	1015.62880840991	2	s_pRII_LK15_150727_LK051_48_MOR_Kinetic_10min_Fentanyl_Fsk	s_pRII_LK15_150727_LK051_48_MOR_Kinetic_10min_Fentanyl_Fsk	LK15_150727_LK051_48_MOR_Kinetic_10min_Fentanyl_Fsk	LK15_150727_LK051_48_MOR_Kinetic_10min_Fentanyl_Fsk__ctrl	LK049
pRII_Microscopy_LK15_150727	model1_data49	model1_data136	1005.85979905698	5	s_pRII_LK15_150727_LK051_48_MOR_Kinetic_10min_Fentanyl_Fsk	s_pRII_LK15_150727_LK051_48_MOR_Kinetic_10min_Fentanyl_Fsk	LK15_150727_LK051_48_MOR_Kinetic_10min_Fentanyl_Fsk	LK15_150727_LK051_48_MOR_Kinetic_10min_Fentanyl_Fsk__ctrl	LK049
pRII_Microscopy_LK15_150727	model1_data49	model1_data136	1007.17485917364	10	s_pRII_LK15_150727_LK051_48_MOR_Kinetic_10min_Fentanyl_Fsk	s_pRII_LK15_150727_LK051_48_MOR_Kinetic_10min_Fentanyl_Fsk	LK15_150727_LK051_48_MOR_Kinetic_10min_Fentanyl_Fsk	LK15_150727_LK051_48_MOR_Kinetic_10min_Fentanyl_Fsk__ctrl	LK049
pRII_Microscopy_LK15_150727	model1_data49	model1_data136	964.450169864909	0	s_pRII_LK15_150727_LK051_48_MOR_Kinetic_10min_Fentanyl_Fsk	s_pRII_LK15_150727_LK051_48_MOR_Kinetic_10min_Fentanyl_Fsk	LK15_150727_LK051_48_MOR_Kinetic_10min_Fentanyl_Fsk	LK15_150727_LK051_48_MOR_Kinetic_10min_Fentanyl_Fsk__ctrl	LK050
pRII_Microscopy_LK15_150727	model1_data49	model1_data136	972.598035017974	0.5	s_pRII_LK15_150727_LK051_48_MOR_Kinetic_10min_Fentanyl_Fsk	s_pRII_LK15_150727_LK051_48_MOR_Kinetic_10min_Fentanyl_Fsk	LK15_150727_LK051_48_MOR_Kinetic_10min_Fentanyl_Fsk	LK15_150727_LK051_48_MOR_Kinetic_10min_Fentanyl_Fsk__ctrl	LK050
pRII_Microscopy_LK15_150727	model1_data49	model1_data136	997.136551141839	1	s_pRII_LK15_150727_LK051_48_MOR_Kinetic_10min_Fentanyl_Fsk	s_pRII_LK15_150727_LK051_48_MOR_Kinetic_10min_Fentanyl_Fsk	LK15_150727_LK051_48_MOR_Kinetic_10min_Fentanyl_Fsk	LK15_150727_LK051_48_MOR_Kinetic_10min_Fentanyl_Fsk__ctrl	LK050
pRII_Microscopy_LK15_150727	model1_data49	model1_data136	1016.60205842708	1.5	s_pRII_LK15_150727_LK051_48_MOR_Kinetic_10min_Fentanyl_Fsk	s_pRII_LK15_150727_LK051_48_MOR_Kinetic_10min_Fentanyl_Fsk	LK15_150727_LK051_48_MOR_Kinetic_10min_Fentanyl_Fsk	LK15_150727_LK051_48_MOR_Kinetic_10min_Fentanyl_Fsk__ctrl	LK050
pRII_Microscopy_LK15_150727	model1_data49	model1_data136	1006.64416908418	2	s_pRII_LK15_150727_LK051_48_MOR_Kinetic_10min_Fentanyl_Fsk	s_pRII_LK15_150727_LK051_48_MOR_Kinetic_10min_Fentanyl_Fsk	LK15_150727_LK051_48_MOR_Kinetic_10min_Fentanyl_Fsk	LK15_150727_LK051_48_MOR_Kinetic_10min_Fentanyl_Fsk__ctrl	LK050
pRII_Microscopy_LK15_150727	model1_data49	model1_data136	1006.53962779377	5	s_pRII_LK15_150727_LK051_48_MOR_Kinetic_10min_Fentanyl_Fsk	s_pRII_LK15_150727_LK051_48_MOR_Kinetic_10min_Fentanyl_Fsk	LK15_150727_LK051_48_MOR_Kinetic_10min_Fentanyl_Fsk	LK15_150727_LK051_48_MOR_Kinetic_10min_Fentanyl_Fsk__ctrl	LK050
pRII_Microscopy_LK15_150727	model1_data49	model1_data136	1028.00234917749	10	s_pRII_LK15_150727_LK051_48_MOR_Kinetic_10min_Fentanyl_Fsk	s_pRII_LK15_150727_LK051_48_MOR_Kinetic_10min_Fentanyl_Fsk	LK15_150727_LK051_48_MOR_Kinetic_10min_Fentanyl_Fsk	LK15_150727_LK051_48_MOR_Kinetic_10min_Fentanyl_Fsk__ctrl	LK050
pRII_Microscopy_LK15_150727	model1_data49	model1_data136	1003.18084955731	0	s_pRII_LK15_150727_LK051_48_MOR_Kinetic_10min_Fentanyl_Fsk	s_pRII_LK15_150727_LK051_48_MOR_Kinetic_10min_Fentanyl_Fsk	LK15_150727_LK051_48_MOR_Kinetic_10min_Fentanyl_Fsk	LK15_150727_LK051_48_MOR_Kinetic_10min_Fentanyl_Fsk__ctrl	LK051
pRII_Microscopy_LK15_150727	model1_data49	model1_data136	981.260926620807	0.5	s_pRII_LK15_150727_LK051_48_MOR_Kinetic_10min_Fentanyl_Fsk	s_pRII_LK15_150727_LK051_48_MOR_Kinetic_10min_Fentanyl_Fsk	LK15_150727_LK051_48_MOR_Kinetic_10min_Fentanyl_Fsk	LK15_150727_LK051_48_MOR_Kinetic_10min_Fentanyl_Fsk__ctrl	LK051
pRII_Microscopy_LK15_150727	model1_data49	model1_data136	992.652309310355	1	s_pRII_LK15_150727_LK051_48_MOR_Kinetic_10min_Fentanyl_Fsk	s_pRII_LK15_150727_LK051_48_MOR_Kinetic_10min_Fentanyl_Fsk	LK15_150727_LK051_48_MOR_Kinetic_10min_Fentanyl_Fsk	LK15_150727_LK051_48_MOR_Kinetic_10min_Fentanyl_Fsk__ctrl	LK051
pRII_Microscopy_LK15_150727	model1_data49	model1_data136	973.646177959927	1.5	s_pRII_LK15_150727_LK051_48_MOR_Kinetic_10min_Fentanyl_Fsk	s_pRII_LK15_150727_LK051_48_MOR_Kinetic_10min_Fentanyl_Fsk	LK15_150727_LK051_48_MOR_Kinetic_10min_Fentanyl_Fsk	LK15_150727_LK051_48_MOR_Kinetic_10min_Fentanyl_Fsk__ctrl	LK051
pRII_Microscopy_LK15_150727	model1_data49	model1_data136	992.257991926062	2	s_pRII_LK15_150727_LK051_48_MOR_Kinetic_10min_Fentanyl_Fsk	s_pRII_LK15_150727_LK051_48_MOR_Kinetic_10min_Fentanyl_Fsk	LK15_150727_LK051_48_MOR_Kinetic_10min_Fentanyl_Fsk	LK15_150727_LK051_48_MOR_Kinetic_10min_Fentanyl_Fsk__ctrl	LK051
pRII_Microscopy_LK15_150727	model1_data49	model1_data136	1028.44406822175	5	s_pRII_LK15_150727_LK051_48_MOR_Kinetic_10min_Fentanyl_Fsk	s_pRII_LK15_150727_LK051_48_MOR_Kinetic_10min_Fentanyl_Fsk	LK15_150727_LK051_48_MOR_Kinetic_10min_Fentanyl_Fsk	LK15_150727_LK051_48_MOR_Kinetic_10min_Fentanyl_Fsk__ctrl	LK051
pRII_Microscopy_LK15_150727	model1_data49	model1_data136	1036.1938158017	10	s_pRII_LK15_150727_LK051_48_MOR_Kinetic_10min_Fentanyl_Fsk	s_pRII_LK15_150727_LK051_48_MOR_Kinetic_10min_Fentanyl_Fsk	LK15_150727_LK051_48_MOR_Kinetic_10min_Fentanyl_Fsk	LK15_150727_LK051_48_MOR_Kinetic_10min_Fentanyl_Fsk__ctrl	LK051
pRII_Microscopy_LK15_150727	model1_data49	model1_data137	992.550805992593	0	s_pRII_LK15_150727_LK051_48_MOR_Kinetic_10min_Fentanyl_Fsk	s_pRII_LK15_150727_LK051_48_MOR_Kinetic_10min_Fentanyl_Fsk	LK15_150727_LK051_48_MOR_Kinetic_10min_Fentanyl_Fsk	LK15_150727_LK051_48_MOR_Kinetic_10min_Fentanyl_Fsk__Fentanyl2	LK048
pRII_Microscopy_LK15_150727	model1_data49	model1_data137	987.506220156284	0.5	s_pRII_LK15_150727_LK051_48_MOR_Kinetic_10min_Fentanyl_Fsk	s_pRII_LK15_150727_LK051_48_MOR_Kinetic_10min_Fentanyl_Fsk	LK15_150727_LK051_48_MOR_Kinetic_10min_Fentanyl_Fsk	LK15_150727_LK051_48_MOR_Kinetic_10min_Fentanyl_Fsk__Fentanyl2	LK048
pRII_Microscopy_LK15_150727	model1_data49	model1_data137	1023.65858925374	1	s_pRII_LK15_150727_LK051_48_MOR_Kinetic_10min_Fentanyl_Fsk	s_pRII_LK15_150727_LK051_48_MOR_Kinetic_10min_Fentanyl_Fsk	LK15_150727_LK051_48_MOR_Kinetic_10min_Fentanyl_Fsk	LK15_150727_LK051_48_MOR_Kinetic_10min_Fentanyl_Fsk__Fentanyl2	LK048
pRII_Microscopy_LK15_150727	model1_data49	model1_data137	944.078991170248	1.5	s_pRII_LK15_150727_LK051_48_MOR_Kinetic_10min_Fentanyl_Fsk	s_pRII_LK15_150727_LK051_48_MOR_Kinetic_10min_Fentanyl_Fsk	LK15_150727_LK051_48_MOR_Kinetic_10min_Fentanyl_Fsk	LK15_150727_LK051_48_MOR_Kinetic_10min_Fentanyl_Fsk__Fentanyl2	LK048
pRII_Microscopy_LK15_150727	model1_data49	model1_data137	1091.59344447356	2	s_pRII_LK15_150727_LK051_48_MOR_Kinetic_10min_Fentanyl_Fsk	s_pRII_LK15_150727_LK051_48_MOR_Kinetic_10min_Fentanyl_Fsk	LK15_150727_LK051_48_MOR_Kinetic_10min_Fentanyl_Fsk	LK15_150727_LK051_48_MOR_Kinetic_10min_Fentanyl_Fsk__Fentanyl2	LK048
pRII_Microscopy_LK15_150727	model1_data49	model1_data137	957.779683689163	5	s_pRII_LK15_150727_LK051_48_MOR_Kinetic_10min_Fentanyl_Fsk	s_pRII_LK15_150727_LK051_48_MOR_Kinetic_10min_Fentanyl_Fsk	LK15_150727_LK051_48_MOR_Kinetic_10min_Fentanyl_Fsk	LK15_150727_LK051_48_MOR_Kinetic_10min_Fentanyl_Fsk__Fentanyl2	LK048
pRII_Microscopy_LK15_150727	model1_data49	model1_data137	973.336714112717	10	s_pRII_LK15_150727_LK051_48_MOR_Kinetic_10min_Fentanyl_Fsk	s_pRII_LK15_150727_LK051_48_MOR_Kinetic_10min_Fentanyl_Fsk	LK15_150727_LK051_48_MOR_Kinetic_10min_Fentanyl_Fsk	LK15_150727_LK051_48_MOR_Kinetic_10min_Fentanyl_Fsk__Fentanyl2	LK048
pRII_Microscopy_LK15_150727	model1_data49	model1_data137	972.325359957556	0	s_pRII_LK15_150727_LK051_48_MOR_Kinetic_10min_Fentanyl_Fsk	s_pRII_LK15_150727_LK051_48_MOR_Kinetic_10min_Fentanyl_Fsk	LK15_150727_LK051_48_MOR_Kinetic_10min_Fentanyl_Fsk	LK15_150727_LK051_48_MOR_Kinetic_10min_Fentanyl_Fsk__Fentanyl2	LK049
pRII_Microscopy_LK15_150727	model1_data49	model1_data137	994.743773889649	0.5	s_pRII_LK15_150727_LK051_48_MOR_Kinetic_10min_Fentanyl_Fsk	s_pRII_LK15_150727_LK051_48_MOR_Kinetic_10min_Fentanyl_Fsk	LK15_150727_LK051_48_MOR_Kinetic_10min_Fentanyl_Fsk	LK15_150727_LK051_48_MOR_Kinetic_10min_Fentanyl_Fsk__Fentanyl2	LK049
pRII_Microscopy_LK15_150727	model1_data49	model1_data137	929.427754775105	1	s_pRII_LK15_150727_LK051_48_MOR_Kinetic_10min_Fentanyl_Fsk	s_pRII_LK15_150727_LK051_48_MOR_Kinetic_10min_Fentanyl_Fsk	LK15_150727_LK051_48_MOR_Kinetic_10min_Fentanyl_Fsk	LK15_150727_LK051_48_MOR_Kinetic_10min_Fentanyl_Fsk__Fentanyl2	LK049
pRII_Microscopy_LK15_150727	model1_data49	model1_data137	974.297492719388	1.5	s_pRII_LK15_150727_LK051_48_MOR_Kinetic_10min_Fentanyl_Fsk	s_pRII_LK15_150727_LK051_48_MOR_Kinetic_10min_Fentanyl_Fsk	LK15_150727_LK051_48_MOR_Kinetic_10min_Fentanyl_Fsk	LK15_150727_LK051_48_MOR_Kinetic_10min_Fentanyl_Fsk__Fentanyl2	LK049
pRII_Microscopy_LK15_150727	model1_data49	model1_data137	915.842937101887	2	s_pRII_LK15_150727_LK051_48_MOR_Kinetic_10min_Fentanyl_Fsk	s_pRII_LK15_150727_LK051_48_MOR_Kinetic_10min_Fentanyl_Fsk	LK15_150727_LK051_48_MOR_Kinetic_10min_Fentanyl_Fsk	LK15_150727_LK051_48_MOR_Kinetic_10min_Fentanyl_Fsk__Fentanyl2	LK049
pRII_Microscopy_LK15_150727	model1_data49	model1_data137	948.590813344234	5	s_pRII_LK15_150727_LK051_48_MOR_Kinetic_10min_Fentanyl_Fsk	s_pRII_LK15_150727_LK051_48_MOR_Kinetic_10min_Fentanyl_Fsk	LK15_150727_LK051_48_MOR_Kinetic_10min_Fentanyl_Fsk	LK15_150727_LK051_48_MOR_Kinetic_10min_Fentanyl_Fsk__Fentanyl2	LK049
pRII_Microscopy_LK15_150727	model1_data49	model1_data137	888.676013042337	10	s_pRII_LK15_150727_LK051_48_MOR_Kinetic_10min_Fentanyl_Fsk	s_pRII_LK15_150727_LK051_48_MOR_Kinetic_10min_Fentanyl_Fsk	LK15_150727_LK051_48_MOR_Kinetic_10min_Fentanyl_Fsk	LK15_150727_LK051_48_MOR_Kinetic_10min_Fentanyl_Fsk__Fentanyl2	LK049
pRII_Microscopy_LK15_150727	model1_data49	model1_data137	991.534588985305	0	s_pRII_LK15_150727_LK051_48_MOR_Kinetic_10min_Fentanyl_Fsk	s_pRII_LK15_150727_LK051_48_MOR_Kinetic_10min_Fentanyl_Fsk	LK15_150727_LK051_48_MOR_Kinetic_10min_Fentanyl_Fsk	LK15_150727_LK051_48_MOR_Kinetic_10min_Fentanyl_Fsk__Fentanyl2	LK050
pRII_Microscopy_LK15_150727	model1_data49	model1_data137	1025.31759325013	0.5	s_pRII_LK15_150727_LK051_48_MOR_Kinetic_10min_Fentanyl_Fsk	s_pRII_LK15_150727_LK051_48_MOR_Kinetic_10min_Fentanyl_Fsk	LK15_150727_LK051_48_MOR_Kinetic_10min_Fentanyl_Fsk	LK15_150727_LK051_48_MOR_Kinetic_10min_Fentanyl_Fsk__Fentanyl2	LK050
pRII_Microscopy_LK15_150727	model1_data49	model1_data137	1024.18972995206	1	s_pRII_LK15_150727_LK051_48_MOR_Kinetic_10min_Fentanyl_Fsk	s_pRII_LK15_150727_LK051_48_MOR_Kinetic_10min_Fentanyl_Fsk	LK15_150727_LK051_48_MOR_Kinetic_10min_Fentanyl_Fsk	LK15_150727_LK051_48_MOR_Kinetic_10min_Fentanyl_Fsk__Fentanyl2	LK050
pRII_Microscopy_LK15_150727	model1_data49	model1_data137	981.06750927738	1.5	s_pRII_LK15_150727_LK051_48_MOR_Kinetic_10min_Fentanyl_Fsk	s_pRII_LK15_150727_LK051_48_MOR_Kinetic_10min_Fentanyl_Fsk	LK15_150727_LK051_48_MOR_Kinetic_10min_Fentanyl_Fsk	LK15_150727_LK051_48_MOR_Kinetic_10min_Fentanyl_Fsk__Fentanyl2	LK050
pRII_Microscopy_LK15_150727	model1_data49	model1_data137	976.33611237374	2	s_pRII_LK15_150727_LK051_48_MOR_Kinetic_10min_Fentanyl_Fsk	s_pRII_LK15_150727_LK051_48_MOR_Kinetic_10min_Fentanyl_Fsk	LK15_150727_LK051_48_MOR_Kinetic_10min_Fentanyl_Fsk	LK15_150727_LK051_48_MOR_Kinetic_10min_Fentanyl_Fsk__Fentanyl2	LK050
pRII_Microscopy_LK15_150727	model1_data49	model1_data137	957.410927804149	5	s_pRII_LK15_150727_LK051_48_MOR_Kinetic_10min_Fentanyl_Fsk	s_pRII_LK15_150727_LK051_48_MOR_Kinetic_10min_Fentanyl_Fsk	LK15_150727_LK051_48_MOR_Kinetic_10min_Fentanyl_Fsk	LK15_150727_LK051_48_MOR_Kinetic_10min_Fentanyl_Fsk__Fentanyl2	LK050
pRII_Microscopy_LK15_150727	model1_data49	model1_data137	968.48042494752	10	s_pRII_LK15_150727_LK051_48_MOR_Kinetic_10min_Fentanyl_Fsk	s_pRII_LK15_150727_LK051_48_MOR_Kinetic_10min_Fentanyl_Fsk	LK15_150727_LK051_48_MOR_Kinetic_10min_Fentanyl_Fsk	LK15_150727_LK051_48_MOR_Kinetic_10min_Fentanyl_Fsk__Fentanyl2	LK050
pRII_Microscopy_LK15_150727	model1_data49	model1_data137	986.752603559837	0	s_pRII_LK15_150727_LK051_48_MOR_Kinetic_10min_Fentanyl_Fsk	s_pRII_LK15_150727_LK051_48_MOR_Kinetic_10min_Fentanyl_Fsk	LK15_150727_LK051_48_MOR_Kinetic_10min_Fentanyl_Fsk	LK15_150727_LK051_48_MOR_Kinetic_10min_Fentanyl_Fsk__Fentanyl2	LK051
pRII_Microscopy_LK15_150727	model1_data49	model1_data137	1018.02151151416	0.5	s_pRII_LK15_150727_LK051_48_MOR_Kinetic_10min_Fentanyl_Fsk	s_pRII_LK15_150727_LK051_48_MOR_Kinetic_10min_Fentanyl_Fsk	LK15_150727_LK051_48_MOR_Kinetic_10min_Fentanyl_Fsk	LK15_150727_LK051_48_MOR_Kinetic_10min_Fentanyl_Fsk__Fentanyl2	LK051
pRII_Microscopy_LK15_150727	model1_data49	model1_data137	960.052117487459	1	s_pRII_LK15_150727_LK051_48_MOR_Kinetic_10min_Fentanyl_Fsk	s_pRII_LK15_150727_LK051_48_MOR_Kinetic_10min_Fentanyl_Fsk	LK15_150727_LK051_48_MOR_Kinetic_10min_Fentanyl_Fsk	LK15_150727_LK051_48_MOR_Kinetic_10min_Fentanyl_Fsk__Fentanyl2	LK051
pRII_Microscopy_LK15_150727	model1_data49	model1_data137	934.07302518679	1.5	s_pRII_LK15_150727_LK051_48_MOR_Kinetic_10min_Fentanyl_Fsk	s_pRII_LK15_150727_LK051_48_MOR_Kinetic_10min_Fentanyl_Fsk	LK15_150727_LK051_48_MOR_Kinetic_10min_Fentanyl_Fsk	LK15_150727_LK051_48_MOR_Kinetic_10min_Fentanyl_Fsk__Fentanyl2	LK051
pRII_Microscopy_LK15_150727	model1_data49	model1_data137	880.801813238047	2	s_pRII_LK15_150727_LK051_48_MOR_Kinetic_10min_Fentanyl_Fsk	s_pRII_LK15_150727_LK051_48_MOR_Kinetic_10min_Fentanyl_Fsk	LK15_150727_LK051_48_MOR_Kinetic_10min_Fentanyl_Fsk	LK15_150727_LK051_48_MOR_Kinetic_10min_Fentanyl_Fsk__Fentanyl2	LK051
pRII_Microscopy_LK15_150727	model1_data49	model1_data137	1005.38454256362	5	s_pRII_LK15_150727_LK051_48_MOR_Kinetic_10min_Fentanyl_Fsk	s_pRII_LK15_150727_LK051_48_MOR_Kinetic_10min_Fentanyl_Fsk	LK15_150727_LK051_48_MOR_Kinetic_10min_Fentanyl_Fsk	LK15_150727_LK051_48_MOR_Kinetic_10min_Fentanyl_Fsk__Fentanyl2	LK051
pRII_Microscopy_LK15_150727	model1_data49	model1_data137	996.927699645819	10	s_pRII_LK15_150727_LK051_48_MOR_Kinetic_10min_Fentanyl_Fsk	s_pRII_LK15_150727_LK051_48_MOR_Kinetic_10min_Fentanyl_Fsk	LK15_150727_LK051_48_MOR_Kinetic_10min_Fentanyl_Fsk	LK15_150727_LK051_48_MOR_Kinetic_10min_Fentanyl_Fsk__Fentanyl2	LK051
pRII_Microscopy_LK15_150727	model1_data49	model1_data138	952.648042046746	0	s_pRII_LK15_150727_LK051_48_MOR_Kinetic_10min_Fentanyl_Fsk	s_pRII_LK15_150727_LK051_48_MOR_Kinetic_10min_Fentanyl_Fsk	LK15_150727_LK051_48_MOR_Kinetic_10min_Fentanyl_Fsk	LK15_150727_LK051_48_MOR_Kinetic_10min_Fentanyl_Fsk__Fentanyl2_and_Fsk1	LK048
pRII_Microscopy_LK15_150727	model1_data49	model1_data138	985.663715349515	0.5	s_pRII_LK15_150727_LK051_48_MOR_Kinetic_10min_Fentanyl_Fsk	s_pRII_LK15_150727_LK051_48_MOR_Kinetic_10min_Fentanyl_Fsk	LK15_150727_LK051_48_MOR_Kinetic_10min_Fentanyl_Fsk	LK15_150727_LK051_48_MOR_Kinetic_10min_Fentanyl_Fsk__Fentanyl2_and_Fsk1	LK048
pRII_Microscopy_LK15_150727	model1_data49	model1_data138	1204.60304072463	1	s_pRII_LK15_150727_LK051_48_MOR_Kinetic_10min_Fentanyl_Fsk	s_pRII_LK15_150727_LK051_48_MOR_Kinetic_10min_Fentanyl_Fsk	LK15_150727_LK051_48_MOR_Kinetic_10min_Fentanyl_Fsk	LK15_150727_LK051_48_MOR_Kinetic_10min_Fentanyl_Fsk__Fentanyl2_and_Fsk1	LK048
pRII_Microscopy_LK15_150727	model1_data49	model1_data138	1217.18746576028	1.5	s_pRII_LK15_150727_LK051_48_MOR_Kinetic_10min_Fentanyl_Fsk	s_pRII_LK15_150727_LK051_48_MOR_Kinetic_10min_Fentanyl_Fsk	LK15_150727_LK051_48_MOR_Kinetic_10min_Fentanyl_Fsk	LK15_150727_LK051_48_MOR_Kinetic_10min_Fentanyl_Fsk__Fentanyl2_and_Fsk1	LK048
pRII_Microscopy_LK15_150727	model1_data49	model1_data138	1198.39876313365	2	s_pRII_LK15_150727_LK051_48_MOR_Kinetic_10min_Fentanyl_Fsk	s_pRII_LK15_150727_LK051_48_MOR_Kinetic_10min_Fentanyl_Fsk	LK15_150727_LK051_48_MOR_Kinetic_10min_Fentanyl_Fsk	LK15_150727_LK051_48_MOR_Kinetic_10min_Fentanyl_Fsk__Fentanyl2_and_Fsk1	LK048
pRII_Microscopy_LK15_150727	model1_data49	model1_data138	1177.8461185382	5	s_pRII_LK15_150727_LK051_48_MOR_Kinetic_10min_Fentanyl_Fsk	s_pRII_LK15_150727_LK051_48_MOR_Kinetic_10min_Fentanyl_Fsk	LK15_150727_LK051_48_MOR_Kinetic_10min_Fentanyl_Fsk	LK15_150727_LK051_48_MOR_Kinetic_10min_Fentanyl_Fsk__Fentanyl2_and_Fsk1	LK048
pRII_Microscopy_LK15_150727	model1_data49	model1_data138	1205.13946304656	10	s_pRII_LK15_150727_LK051_48_MOR_Kinetic_10min_Fentanyl_Fsk	s_pRII_LK15_150727_LK051_48_MOR_Kinetic_10min_Fentanyl_Fsk	LK15_150727_LK051_48_MOR_Kinetic_10min_Fentanyl_Fsk	LK15_150727_LK051_48_MOR_Kinetic_10min_Fentanyl_Fsk__Fentanyl2_and_Fsk1	LK048
pRII_Microscopy_LK15_150727	model1_data49	model1_data138	994.959790540122	0	s_pRII_LK15_150727_LK051_48_MOR_Kinetic_10min_Fentanyl_Fsk	s_pRII_LK15_150727_LK051_48_MOR_Kinetic_10min_Fentanyl_Fsk	LK15_150727_LK051_48_MOR_Kinetic_10min_Fentanyl_Fsk	LK15_150727_LK051_48_MOR_Kinetic_10min_Fentanyl_Fsk__Fentanyl2_and_Fsk1	LK049
pRII_Microscopy_LK15_150727	model1_data49	model1_data138	1139.25459762973	0.5	s_pRII_LK15_150727_LK051_48_MOR_Kinetic_10min_Fentanyl_Fsk	s_pRII_LK15_150727_LK051_48_MOR_Kinetic_10min_Fentanyl_Fsk	LK15_150727_LK051_48_MOR_Kinetic_10min_Fentanyl_Fsk	LK15_150727_LK051_48_MOR_Kinetic_10min_Fentanyl_Fsk__Fentanyl2_and_Fsk1	LK049
pRII_Microscopy_LK15_150727	model1_data49	model1_data138	1173.94808422267	1	s_pRII_LK15_150727_LK051_48_MOR_Kinetic_10min_Fentanyl_Fsk	s_pRII_LK15_150727_LK051_48_MOR_Kinetic_10min_Fentanyl_Fsk	LK15_150727_LK051_48_MOR_Kinetic_10min_Fentanyl_Fsk	LK15_150727_LK051_48_MOR_Kinetic_10min_Fentanyl_Fsk__Fentanyl2_and_Fsk1	LK049
pRII_Microscopy_LK15_150727	model1_data49	model1_data138	1222.63935832889	1.5	s_pRII_LK15_150727_LK051_48_MOR_Kinetic_10min_Fentanyl_Fsk	s_pRII_LK15_150727_LK051_48_MOR_Kinetic_10min_Fentanyl_Fsk	LK15_150727_LK051_48_MOR_Kinetic_10min_Fentanyl_Fsk	LK15_150727_LK051_48_MOR_Kinetic_10min_Fentanyl_Fsk__Fentanyl2_and_Fsk1	LK049
pRII_Microscopy_LK15_150727	model1_data49	model1_data138	1203.68926960585	2	s_pRII_LK15_150727_LK051_48_MOR_Kinetic_10min_Fentanyl_Fsk	s_pRII_LK15_150727_LK051_48_MOR_Kinetic_10min_Fentanyl_Fsk	LK15_150727_LK051_48_MOR_Kinetic_10min_Fentanyl_Fsk	LK15_150727_LK051_48_MOR_Kinetic_10min_Fentanyl_Fsk__Fentanyl2_and_Fsk1	LK049
pRII_Microscopy_LK15_150727	model1_data49	model1_data138	1062.07087011208	5	s_pRII_LK15_150727_LK051_48_MOR_Kinetic_10min_Fentanyl_Fsk	s_pRII_LK15_150727_LK051_48_MOR_Kinetic_10min_Fentanyl_Fsk	LK15_150727_LK051_48_MOR_Kinetic_10min_Fentanyl_Fsk	LK15_150727_LK051_48_MOR_Kinetic_10min_Fentanyl_Fsk__Fentanyl2_and_Fsk1	LK049
pRII_Microscopy_LK15_150727	model1_data49	model1_data138	1159.33017636324	10	s_pRII_LK15_150727_LK051_48_MOR_Kinetic_10min_Fentanyl_Fsk	s_pRII_LK15_150727_LK051_48_MOR_Kinetic_10min_Fentanyl_Fsk	LK15_150727_LK051_48_MOR_Kinetic_10min_Fentanyl_Fsk	LK15_150727_LK051_48_MOR_Kinetic_10min_Fentanyl_Fsk__Fentanyl2_and_Fsk1	LK049
pRII_Microscopy_LK15_150727	model1_data49	model1_data138	987.852406427433	0	s_pRII_LK15_150727_LK051_48_MOR_Kinetic_10min_Fentanyl_Fsk	s_pRII_LK15_150727_LK051_48_MOR_Kinetic_10min_Fentanyl_Fsk	LK15_150727_LK051_48_MOR_Kinetic_10min_Fentanyl_Fsk	LK15_150727_LK051_48_MOR_Kinetic_10min_Fentanyl_Fsk__Fentanyl2_and_Fsk1	LK050
pRII_Microscopy_LK15_150727	model1_data49	model1_data138	1076.61362862958	0.5	s_pRII_LK15_150727_LK051_48_MOR_Kinetic_10min_Fentanyl_Fsk	s_pRII_LK15_150727_LK051_48_MOR_Kinetic_10min_Fentanyl_Fsk	LK15_150727_LK051_48_MOR_Kinetic_10min_Fentanyl_Fsk	LK15_150727_LK051_48_MOR_Kinetic_10min_Fentanyl_Fsk__Fentanyl2_and_Fsk1	LK050
pRII_Microscopy_LK15_150727	model1_data49	model1_data138	1252.94916323016	1	s_pRII_LK15_150727_LK051_48_MOR_Kinetic_10min_Fentanyl_Fsk	s_pRII_LK15_150727_LK051_48_MOR_Kinetic_10min_Fentanyl_Fsk	LK15_150727_LK051_48_MOR_Kinetic_10min_Fentanyl_Fsk	LK15_150727_LK051_48_MOR_Kinetic_10min_Fentanyl_Fsk__Fentanyl2_and_Fsk1	LK050
pRII_Microscopy_LK15_150727	model1_data49	model1_data138	1183.16131177234	1.5	s_pRII_LK15_150727_LK051_48_MOR_Kinetic_10min_Fentanyl_Fsk	s_pRII_LK15_150727_LK051_48_MOR_Kinetic_10min_Fentanyl_Fsk	LK15_150727_LK051_48_MOR_Kinetic_10min_Fentanyl_Fsk	LK15_150727_LK051_48_MOR_Kinetic_10min_Fentanyl_Fsk__Fentanyl2_and_Fsk1	LK050
pRII_Microscopy_LK15_150727	model1_data49	model1_data138	1159.29773745283	2	s_pRII_LK15_150727_LK051_48_MOR_Kinetic_10min_Fentanyl_Fsk	s_pRII_LK15_150727_LK051_48_MOR_Kinetic_10min_Fentanyl_Fsk	LK15_150727_LK051_48_MOR_Kinetic_10min_Fentanyl_Fsk	LK15_150727_LK051_48_MOR_Kinetic_10min_Fentanyl_Fsk__Fentanyl2_and_Fsk1	LK050
pRII_Microscopy_LK15_150727	model1_data49	model1_data138	1115.15315881353	5	s_pRII_LK15_150727_LK051_48_MOR_Kinetic_10min_Fentanyl_Fsk	s_pRII_LK15_150727_LK051_48_MOR_Kinetic_10min_Fentanyl_Fsk	LK15_150727_LK051_48_MOR_Kinetic_10min_Fentanyl_Fsk	LK15_150727_LK051_48_MOR_Kinetic_10min_Fentanyl_Fsk__Fentanyl2_and_Fsk1	LK050
pRII_Microscopy_LK15_150727	model1_data49	model1_data138	1206.86564832323	10	s_pRII_LK15_150727_LK051_48_MOR_Kinetic_10min_Fentanyl_Fsk	s_pRII_LK15_150727_LK051_48_MOR_Kinetic_10min_Fentanyl_Fsk	LK15_150727_LK051_48_MOR_Kinetic_10min_Fentanyl_Fsk	LK15_150727_LK051_48_MOR_Kinetic_10min_Fentanyl_Fsk__Fentanyl2_and_Fsk1	LK050
pRII_Microscopy_LK15_150727	model1_data49	model1_data138	980.84917061075	0	s_pRII_LK15_150727_LK051_48_MOR_Kinetic_10min_Fentanyl_Fsk	s_pRII_LK15_150727_LK051_48_MOR_Kinetic_10min_Fentanyl_Fsk	LK15_150727_LK051_48_MOR_Kinetic_10min_Fentanyl_Fsk	LK15_150727_LK051_48_MOR_Kinetic_10min_Fentanyl_Fsk__Fentanyl2_and_Fsk1	LK051
pRII_Microscopy_LK15_150727	model1_data49	model1_data138	1057.39749181506	0.5	s_pRII_LK15_150727_LK051_48_MOR_Kinetic_10min_Fentanyl_Fsk	s_pRII_LK15_150727_LK051_48_MOR_Kinetic_10min_Fentanyl_Fsk	LK15_150727_LK051_48_MOR_Kinetic_10min_Fentanyl_Fsk	LK15_150727_LK051_48_MOR_Kinetic_10min_Fentanyl_Fsk__Fentanyl2_and_Fsk1	LK051
pRII_Microscopy_LK15_150727	model1_data49	model1_data138	1298.38257532694	1	s_pRII_LK15_150727_LK051_48_MOR_Kinetic_10min_Fentanyl_Fsk	s_pRII_LK15_150727_LK051_48_MOR_Kinetic_10min_Fentanyl_Fsk	LK15_150727_LK051_48_MOR_Kinetic_10min_Fentanyl_Fsk	LK15_150727_LK051_48_MOR_Kinetic_10min_Fentanyl_Fsk__Fentanyl2_and_Fsk1	LK051
pRII_Microscopy_LK15_150727	model1_data49	model1_data138	1171.97525461125	1.5	s_pRII_LK15_150727_LK051_48_MOR_Kinetic_10min_Fentanyl_Fsk	s_pRII_LK15_150727_LK051_48_MOR_Kinetic_10min_Fentanyl_Fsk	LK15_150727_LK051_48_MOR_Kinetic_10min_Fentanyl_Fsk	LK15_150727_LK051_48_MOR_Kinetic_10min_Fentanyl_Fsk__Fentanyl2_and_Fsk1	LK051
pRII_Microscopy_LK15_150727	model1_data49	model1_data138	1271.04542021932	2	s_pRII_LK15_150727_LK051_48_MOR_Kinetic_10min_Fentanyl_Fsk	s_pRII_LK15_150727_LK051_48_MOR_Kinetic_10min_Fentanyl_Fsk	LK15_150727_LK051_48_MOR_Kinetic_10min_Fentanyl_Fsk	LK15_150727_LK051_48_MOR_Kinetic_10min_Fentanyl_Fsk__Fentanyl2_and_Fsk1	LK051
pRII_Microscopy_LK15_150727	model1_data49	model1_data138	1133.41225788286	5	s_pRII_LK15_150727_LK051_48_MOR_Kinetic_10min_Fentanyl_Fsk	s_pRII_LK15_150727_LK051_48_MOR_Kinetic_10min_Fentanyl_Fsk	LK15_150727_LK051_48_MOR_Kinetic_10min_Fentanyl_Fsk	LK15_150727_LK051_48_MOR_Kinetic_10min_Fentanyl_Fsk__Fentanyl2_and_Fsk1	LK051
pRII_Microscopy_LK15_150727	model1_data49	model1_data138	1307.16445622067	10	s_pRII_LK15_150727_LK051_48_MOR_Kinetic_10min_Fentanyl_Fsk	s_pRII_LK15_150727_LK051_48_MOR_Kinetic_10min_Fentanyl_Fsk	LK15_150727_LK051_48_MOR_Kinetic_10min_Fentanyl_Fsk	LK15_150727_LK051_48_MOR_Kinetic_10min_Fentanyl_Fsk__Fentanyl2_and_Fsk1	LK051
pRII_Microscopy_LK15_150727	model1_data49	model1_data139	1063.86464234785	0	s_pRII_LK15_150727_LK051_48_MOR_Kinetic_10min_Fentanyl_Fsk	s_pRII_LK15_150727_LK051_48_MOR_Kinetic_10min_Fentanyl_Fsk	LK15_150727_LK051_48_MOR_Kinetic_10min_Fentanyl_Fsk	LK15_150727_LK051_48_MOR_Kinetic_10min_Fentanyl_Fsk__Fentanyl2_and_Fsk5	LK048
pRII_Microscopy_LK15_150727	model1_data49	model1_data139	1320.36634252081	0.5	s_pRII_LK15_150727_LK051_48_MOR_Kinetic_10min_Fentanyl_Fsk	s_pRII_LK15_150727_LK051_48_MOR_Kinetic_10min_Fentanyl_Fsk	LK15_150727_LK051_48_MOR_Kinetic_10min_Fentanyl_Fsk	LK15_150727_LK051_48_MOR_Kinetic_10min_Fentanyl_Fsk__Fentanyl2_and_Fsk5	LK048
pRII_Microscopy_LK15_150727	model1_data49	model1_data139	1629.90506151489	1	s_pRII_LK15_150727_LK051_48_MOR_Kinetic_10min_Fentanyl_Fsk	s_pRII_LK15_150727_LK051_48_MOR_Kinetic_10min_Fentanyl_Fsk	LK15_150727_LK051_48_MOR_Kinetic_10min_Fentanyl_Fsk	LK15_150727_LK051_48_MOR_Kinetic_10min_Fentanyl_Fsk__Fentanyl2_and_Fsk5	LK048
pRII_Microscopy_LK15_150727	model1_data49	model1_data139	1705.46995566564	1.5	s_pRII_LK15_150727_LK051_48_MOR_Kinetic_10min_Fentanyl_Fsk	s_pRII_LK15_150727_LK051_48_MOR_Kinetic_10min_Fentanyl_Fsk	LK15_150727_LK051_48_MOR_Kinetic_10min_Fentanyl_Fsk	LK15_150727_LK051_48_MOR_Kinetic_10min_Fentanyl_Fsk__Fentanyl2_and_Fsk5	LK048
pRII_Microscopy_LK15_150727	model1_data49	model1_data139	1844.28862707541	2	s_pRII_LK15_150727_LK051_48_MOR_Kinetic_10min_Fentanyl_Fsk	s_pRII_LK15_150727_LK051_48_MOR_Kinetic_10min_Fentanyl_Fsk	LK15_150727_LK051_48_MOR_Kinetic_10min_Fentanyl_Fsk	LK15_150727_LK051_48_MOR_Kinetic_10min_Fentanyl_Fsk__Fentanyl2_and_Fsk5	LK048
pRII_Microscopy_LK15_150727	model1_data49	model1_data139	1534.06938850604	5	s_pRII_LK15_150727_LK051_48_MOR_Kinetic_10min_Fentanyl_Fsk	s_pRII_LK15_150727_LK051_48_MOR_Kinetic_10min_Fentanyl_Fsk	LK15_150727_LK051_48_MOR_Kinetic_10min_Fentanyl_Fsk	LK15_150727_LK051_48_MOR_Kinetic_10min_Fentanyl_Fsk__Fentanyl2_and_Fsk5	LK048
pRII_Microscopy_LK15_150727	model1_data49	model1_data139	1861.01972140054	10	s_pRII_LK15_150727_LK051_48_MOR_Kinetic_10min_Fentanyl_Fsk	s_pRII_LK15_150727_LK051_48_MOR_Kinetic_10min_Fentanyl_Fsk	LK15_150727_LK051_48_MOR_Kinetic_10min_Fentanyl_Fsk	LK15_150727_LK051_48_MOR_Kinetic_10min_Fentanyl_Fsk__Fentanyl2_and_Fsk5	LK048
pRII_Microscopy_LK15_150727	model1_data49	model1_data139	1016.74418916946	0	s_pRII_LK15_150727_LK051_48_MOR_Kinetic_10min_Fentanyl_Fsk	s_pRII_LK15_150727_LK051_48_MOR_Kinetic_10min_Fentanyl_Fsk	LK15_150727_LK051_48_MOR_Kinetic_10min_Fentanyl_Fsk	LK15_150727_LK051_48_MOR_Kinetic_10min_Fentanyl_Fsk__Fentanyl2_and_Fsk5	LK049
pRII_Microscopy_LK15_150727	model1_data49	model1_data139	1346.55150466825	0.5	s_pRII_LK15_150727_LK051_48_MOR_Kinetic_10min_Fentanyl_Fsk	s_pRII_LK15_150727_LK051_48_MOR_Kinetic_10min_Fentanyl_Fsk	LK15_150727_LK051_48_MOR_Kinetic_10min_Fentanyl_Fsk	LK15_150727_LK051_48_MOR_Kinetic_10min_Fentanyl_Fsk__Fentanyl2_and_Fsk5	LK049
pRII_Microscopy_LK15_150727	model1_data49	model1_data139	1614.01183285405	1	s_pRII_LK15_150727_LK051_48_MOR_Kinetic_10min_Fentanyl_Fsk	s_pRII_LK15_150727_LK051_48_MOR_Kinetic_10min_Fentanyl_Fsk	LK15_150727_LK051_48_MOR_Kinetic_10min_Fentanyl_Fsk	LK15_150727_LK051_48_MOR_Kinetic_10min_Fentanyl_Fsk__Fentanyl2_and_Fsk5	LK049
pRII_Microscopy_LK15_150727	model1_data49	model1_data139	1815.55653531642	1.5	s_pRII_LK15_150727_LK051_48_MOR_Kinetic_10min_Fentanyl_Fsk	s_pRII_LK15_150727_LK051_48_MOR_Kinetic_10min_Fentanyl_Fsk	LK15_150727_LK051_48_MOR_Kinetic_10min_Fentanyl_Fsk	LK15_150727_LK051_48_MOR_Kinetic_10min_Fentanyl_Fsk__Fentanyl2_and_Fsk5	LK049
pRII_Microscopy_LK15_150727	model1_data49	model1_data139	1937.65891752492	2	s_pRII_LK15_150727_LK051_48_MOR_Kinetic_10min_Fentanyl_Fsk	s_pRII_LK15_150727_LK051_48_MOR_Kinetic_10min_Fentanyl_Fsk	LK15_150727_LK051_48_MOR_Kinetic_10min_Fentanyl_Fsk	LK15_150727_LK051_48_MOR_Kinetic_10min_Fentanyl_Fsk__Fentanyl2_and_Fsk5	LK049
pRII_Microscopy_LK15_150727	model1_data49	model1_data139	1778.1048486448	5	s_pRII_LK15_150727_LK051_48_MOR_Kinetic_10min_Fentanyl_Fsk	s_pRII_LK15_150727_LK051_48_MOR_Kinetic_10min_Fentanyl_Fsk	LK15_150727_LK051_48_MOR_Kinetic_10min_Fentanyl_Fsk	LK15_150727_LK051_48_MOR_Kinetic_10min_Fentanyl_Fsk__Fentanyl2_and_Fsk5	LK049
pRII_Microscopy_LK15_150727	model1_data49	model1_data139	1902.43500154756	10	s_pRII_LK15_150727_LK051_48_MOR_Kinetic_10min_Fentanyl_Fsk	s_pRII_LK15_150727_LK051_48_MOR_Kinetic_10min_Fentanyl_Fsk	LK15_150727_LK051_48_MOR_Kinetic_10min_Fentanyl_Fsk	LK15_150727_LK051_48_MOR_Kinetic_10min_Fentanyl_Fsk__Fentanyl2_and_Fsk5	LK049
pRII_Microscopy_LK15_150727	model1_data49	model1_data139	981.236012745708	0	s_pRII_LK15_150727_LK051_48_MOR_Kinetic_10min_Fentanyl_Fsk	s_pRII_LK15_150727_LK051_48_MOR_Kinetic_10min_Fentanyl_Fsk	LK15_150727_LK051_48_MOR_Kinetic_10min_Fentanyl_Fsk	LK15_150727_LK051_48_MOR_Kinetic_10min_Fentanyl_Fsk__Fentanyl2_and_Fsk5	LK050
pRII_Microscopy_LK15_150727	model1_data49	model1_data139	1297.77016966423	0.5	s_pRII_LK15_150727_LK051_48_MOR_Kinetic_10min_Fentanyl_Fsk	s_pRII_LK15_150727_LK051_48_MOR_Kinetic_10min_Fentanyl_Fsk	LK15_150727_LK051_48_MOR_Kinetic_10min_Fentanyl_Fsk	LK15_150727_LK051_48_MOR_Kinetic_10min_Fentanyl_Fsk__Fentanyl2_and_Fsk5	LK050
pRII_Microscopy_LK15_150727	model1_data49	model1_data139	1665.12615500779	1	s_pRII_LK15_150727_LK051_48_MOR_Kinetic_10min_Fentanyl_Fsk	s_pRII_LK15_150727_LK051_48_MOR_Kinetic_10min_Fentanyl_Fsk	LK15_150727_LK051_48_MOR_Kinetic_10min_Fentanyl_Fsk	LK15_150727_LK051_48_MOR_Kinetic_10min_Fentanyl_Fsk__Fentanyl2_and_Fsk5	LK050
pRII_Microscopy_LK15_150727	model1_data49	model1_data139	1806.91677857888	1.5	s_pRII_LK15_150727_LK051_48_MOR_Kinetic_10min_Fentanyl_Fsk	s_pRII_LK15_150727_LK051_48_MOR_Kinetic_10min_Fentanyl_Fsk	LK15_150727_LK051_48_MOR_Kinetic_10min_Fentanyl_Fsk	LK15_150727_LK051_48_MOR_Kinetic_10min_Fentanyl_Fsk__Fentanyl2_and_Fsk5	LK050
pRII_Microscopy_LK15_150727	model1_data49	model1_data139	1826.727207195	2	s_pRII_LK15_150727_LK051_48_MOR_Kinetic_10min_Fentanyl_Fsk	s_pRII_LK15_150727_LK051_48_MOR_Kinetic_10min_Fentanyl_Fsk	LK15_150727_LK051_48_MOR_Kinetic_10min_Fentanyl_Fsk	LK15_150727_LK051_48_MOR_Kinetic_10min_Fentanyl_Fsk__Fentanyl2_and_Fsk5	LK050
pRII_Microscopy_LK15_150727	model1_data49	model1_data139	1666.56691103241	5	s_pRII_LK15_150727_LK051_48_MOR_Kinetic_10min_Fentanyl_Fsk	s_pRII_LK15_150727_LK051_48_MOR_Kinetic_10min_Fentanyl_Fsk	LK15_150727_LK051_48_MOR_Kinetic_10min_Fentanyl_Fsk	LK15_150727_LK051_48_MOR_Kinetic_10min_Fentanyl_Fsk__Fentanyl2_and_Fsk5	LK050
pRII_Microscopy_LK15_150727	model1_data49	model1_data139	1840.79725976756	10	s_pRII_LK15_150727_LK051_48_MOR_Kinetic_10min_Fentanyl_Fsk	s_pRII_LK15_150727_LK051_48_MOR_Kinetic_10min_Fentanyl_Fsk	LK15_150727_LK051_48_MOR_Kinetic_10min_Fentanyl_Fsk	LK15_150727_LK051_48_MOR_Kinetic_10min_Fentanyl_Fsk__Fentanyl2_and_Fsk5	LK050
pRII_Microscopy_LK15_150727	model1_data49	model1_data139	1008.27661727086	0	s_pRII_LK15_150727_LK051_48_MOR_Kinetic_10min_Fentanyl_Fsk	s_pRII_LK15_150727_LK051_48_MOR_Kinetic_10min_Fentanyl_Fsk	LK15_150727_LK051_48_MOR_Kinetic_10min_Fentanyl_Fsk	LK15_150727_LK051_48_MOR_Kinetic_10min_Fentanyl_Fsk__Fentanyl2_and_Fsk5	LK051
pRII_Microscopy_LK15_150727	model1_data49	model1_data139	1219.30650919826	0.5	s_pRII_LK15_150727_LK051_48_MOR_Kinetic_10min_Fentanyl_Fsk	s_pRII_LK15_150727_LK051_48_MOR_Kinetic_10min_Fentanyl_Fsk	LK15_150727_LK051_48_MOR_Kinetic_10min_Fentanyl_Fsk	LK15_150727_LK051_48_MOR_Kinetic_10min_Fentanyl_Fsk__Fentanyl2_and_Fsk5	LK051
pRII_Microscopy_LK15_150727	model1_data49	model1_data139	1563.45502455521	1	s_pRII_LK15_150727_LK051_48_MOR_Kinetic_10min_Fentanyl_Fsk	s_pRII_LK15_150727_LK051_48_MOR_Kinetic_10min_Fentanyl_Fsk	LK15_150727_LK051_48_MOR_Kinetic_10min_Fentanyl_Fsk	LK15_150727_LK051_48_MOR_Kinetic_10min_Fentanyl_Fsk__Fentanyl2_and_Fsk5	LK051
pRII_Microscopy_LK15_150727	model1_data49	model1_data139	1564.32929131241	1.5	s_pRII_LK15_150727_LK051_48_MOR_Kinetic_10min_Fentanyl_Fsk	s_pRII_LK15_150727_LK051_48_MOR_Kinetic_10min_Fentanyl_Fsk	LK15_150727_LK051_48_MOR_Kinetic_10min_Fentanyl_Fsk	LK15_150727_LK051_48_MOR_Kinetic_10min_Fentanyl_Fsk__Fentanyl2_and_Fsk5	LK051
pRII_Microscopy_LK15_150727	model1_data49	model1_data139	1530.03858106015	2	s_pRII_LK15_150727_LK051_48_MOR_Kinetic_10min_Fentanyl_Fsk	s_pRII_LK15_150727_LK051_48_MOR_Kinetic_10min_Fentanyl_Fsk	LK15_150727_LK051_48_MOR_Kinetic_10min_Fentanyl_Fsk	LK15_150727_LK051_48_MOR_Kinetic_10min_Fentanyl_Fsk__Fentanyl2_and_Fsk5	LK051
pRII_Microscopy_LK15_150727	model1_data49	model1_data139	1971.50478144209	5	s_pRII_LK15_150727_LK051_48_MOR_Kinetic_10min_Fentanyl_Fsk	s_pRII_LK15_150727_LK051_48_MOR_Kinetic_10min_Fentanyl_Fsk	LK15_150727_LK051_48_MOR_Kinetic_10min_Fentanyl_Fsk	LK15_150727_LK051_48_MOR_Kinetic_10min_Fentanyl_Fsk__Fentanyl2_and_Fsk5	LK051
pRII_Microscopy_LK15_150727	model1_data49	model1_data139	1945.85676520555	10	s_pRII_LK15_150727_LK051_48_MOR_Kinetic_10min_Fentanyl_Fsk	s_pRII_LK15_150727_LK051_48_MOR_Kinetic_10min_Fentanyl_Fsk	LK15_150727_LK051_48_MOR_Kinetic_10min_Fentanyl_Fsk	LK15_150727_LK051_48_MOR_Kinetic_10min_Fentanyl_Fsk__Fentanyl2_and_Fsk5	LK051
pRII_Microscopy_LK15_150727	model1_data49	model1_data140	980.796252035644	0	s_pRII_LK15_150727_LK051_48_MOR_Kinetic_10min_Fentanyl_Fsk	s_pRII_LK15_150727_LK051_48_MOR_Kinetic_10min_Fentanyl_Fsk	LK15_150727_LK051_48_MOR_Kinetic_10min_Fentanyl_Fsk	LK15_150727_LK051_48_MOR_Kinetic_10min_Fentanyl_Fsk__Fentanyl2_and_Fsk10	LK048
pRII_Microscopy_LK15_150727	model1_data49	model1_data140	1436.10538664242	0.5	s_pRII_LK15_150727_LK051_48_MOR_Kinetic_10min_Fentanyl_Fsk	s_pRII_LK15_150727_LK051_48_MOR_Kinetic_10min_Fentanyl_Fsk	LK15_150727_LK051_48_MOR_Kinetic_10min_Fentanyl_Fsk	LK15_150727_LK051_48_MOR_Kinetic_10min_Fentanyl_Fsk__Fentanyl2_and_Fsk10	LK048
pRII_Microscopy_LK15_150727	model1_data49	model1_data140	1860.9898851134	1	s_pRII_LK15_150727_LK051_48_MOR_Kinetic_10min_Fentanyl_Fsk	s_pRII_LK15_150727_LK051_48_MOR_Kinetic_10min_Fentanyl_Fsk	LK15_150727_LK051_48_MOR_Kinetic_10min_Fentanyl_Fsk	LK15_150727_LK051_48_MOR_Kinetic_10min_Fentanyl_Fsk__Fentanyl2_and_Fsk10	LK048
pRII_Microscopy_LK15_150727	model1_data49	model1_data140	2070.53115175	1.5	s_pRII_LK15_150727_LK051_48_MOR_Kinetic_10min_Fentanyl_Fsk	s_pRII_LK15_150727_LK051_48_MOR_Kinetic_10min_Fentanyl_Fsk	LK15_150727_LK051_48_MOR_Kinetic_10min_Fentanyl_Fsk	LK15_150727_LK051_48_MOR_Kinetic_10min_Fentanyl_Fsk__Fentanyl2_and_Fsk10	LK048
pRII_Microscopy_LK15_150727	model1_data49	model1_data140	2211.63438793319	2	s_pRII_LK15_150727_LK051_48_MOR_Kinetic_10min_Fentanyl_Fsk	s_pRII_LK15_150727_LK051_48_MOR_Kinetic_10min_Fentanyl_Fsk	LK15_150727_LK051_48_MOR_Kinetic_10min_Fentanyl_Fsk	LK15_150727_LK051_48_MOR_Kinetic_10min_Fentanyl_Fsk__Fentanyl2_and_Fsk10	LK048
pRII_Microscopy_LK15_150727	model1_data49	model1_data140	2024.51749796354	5	s_pRII_LK15_150727_LK051_48_MOR_Kinetic_10min_Fentanyl_Fsk	s_pRII_LK15_150727_LK051_48_MOR_Kinetic_10min_Fentanyl_Fsk	LK15_150727_LK051_48_MOR_Kinetic_10min_Fentanyl_Fsk	LK15_150727_LK051_48_MOR_Kinetic_10min_Fentanyl_Fsk__Fentanyl2_and_Fsk10	LK048
pRII_Microscopy_LK15_150727	model1_data49	model1_data140	2225.25563990187	10	s_pRII_LK15_150727_LK051_48_MOR_Kinetic_10min_Fentanyl_Fsk	s_pRII_LK15_150727_LK051_48_MOR_Kinetic_10min_Fentanyl_Fsk	LK15_150727_LK051_48_MOR_Kinetic_10min_Fentanyl_Fsk	LK15_150727_LK051_48_MOR_Kinetic_10min_Fentanyl_Fsk__Fentanyl2_and_Fsk10	LK048
pRII_Microscopy_LK15_150727	model1_data49	model1_data140	972.13553902351	0	s_pRII_LK15_150727_LK051_48_MOR_Kinetic_10min_Fentanyl_Fsk	s_pRII_LK15_150727_LK051_48_MOR_Kinetic_10min_Fentanyl_Fsk	LK15_150727_LK051_48_MOR_Kinetic_10min_Fentanyl_Fsk	LK15_150727_LK051_48_MOR_Kinetic_10min_Fentanyl_Fsk__Fentanyl2_and_Fsk10	LK049
pRII_Microscopy_LK15_150727	model1_data49	model1_data140	1748.80617399612	0.5	s_pRII_LK15_150727_LK051_48_MOR_Kinetic_10min_Fentanyl_Fsk	s_pRII_LK15_150727_LK051_48_MOR_Kinetic_10min_Fentanyl_Fsk	LK15_150727_LK051_48_MOR_Kinetic_10min_Fentanyl_Fsk	LK15_150727_LK051_48_MOR_Kinetic_10min_Fentanyl_Fsk__Fentanyl2_and_Fsk10	LK049
pRII_Microscopy_LK15_150727	model1_data49	model1_data140	1861.87235899379	1	s_pRII_LK15_150727_LK051_48_MOR_Kinetic_10min_Fentanyl_Fsk	s_pRII_LK15_150727_LK051_48_MOR_Kinetic_10min_Fentanyl_Fsk	LK15_150727_LK051_48_MOR_Kinetic_10min_Fentanyl_Fsk	LK15_150727_LK051_48_MOR_Kinetic_10min_Fentanyl_Fsk__Fentanyl2_and_Fsk10	LK049
pRII_Microscopy_LK15_150727	model1_data49	model1_data140	2042.55935805226	1.5	s_pRII_LK15_150727_LK051_48_MOR_Kinetic_10min_Fentanyl_Fsk	s_pRII_LK15_150727_LK051_48_MOR_Kinetic_10min_Fentanyl_Fsk	LK15_150727_LK051_48_MOR_Kinetic_10min_Fentanyl_Fsk	LK15_150727_LK051_48_MOR_Kinetic_10min_Fentanyl_Fsk__Fentanyl2_and_Fsk10	LK049
pRII_Microscopy_LK15_150727	model1_data49	model1_data140	2172.41134604243	2	s_pRII_LK15_150727_LK051_48_MOR_Kinetic_10min_Fentanyl_Fsk	s_pRII_LK15_150727_LK051_48_MOR_Kinetic_10min_Fentanyl_Fsk	LK15_150727_LK051_48_MOR_Kinetic_10min_Fentanyl_Fsk	LK15_150727_LK051_48_MOR_Kinetic_10min_Fentanyl_Fsk__Fentanyl2_and_Fsk10	LK049
pRII_Microscopy_LK15_150727	model1_data49	model1_data140	2049.17147950733	5	s_pRII_LK15_150727_LK051_48_MOR_Kinetic_10min_Fentanyl_Fsk	s_pRII_LK15_150727_LK051_48_MOR_Kinetic_10min_Fentanyl_Fsk	LK15_150727_LK051_48_MOR_Kinetic_10min_Fentanyl_Fsk	LK15_150727_LK051_48_MOR_Kinetic_10min_Fentanyl_Fsk__Fentanyl2_and_Fsk10	LK049
pRII_Microscopy_LK15_150727	model1_data49	model1_data140	2226.11319606914	10	s_pRII_LK15_150727_LK051_48_MOR_Kinetic_10min_Fentanyl_Fsk	s_pRII_LK15_150727_LK051_48_MOR_Kinetic_10min_Fentanyl_Fsk	LK15_150727_LK051_48_MOR_Kinetic_10min_Fentanyl_Fsk	LK15_150727_LK051_48_MOR_Kinetic_10min_Fentanyl_Fsk__Fentanyl2_and_Fsk10	LK049
pRII_Microscopy_LK15_150727	model1_data49	model1_data140	1069.3378428493	0	s_pRII_LK15_150727_LK051_48_MOR_Kinetic_10min_Fentanyl_Fsk	s_pRII_LK15_150727_LK051_48_MOR_Kinetic_10min_Fentanyl_Fsk	LK15_150727_LK051_48_MOR_Kinetic_10min_Fentanyl_Fsk	LK15_150727_LK051_48_MOR_Kinetic_10min_Fentanyl_Fsk__Fentanyl2_and_Fsk10	LK050
pRII_Microscopy_LK15_150727	model1_data49	model1_data140	1580.40829573629	0.5	s_pRII_LK15_150727_LK051_48_MOR_Kinetic_10min_Fentanyl_Fsk	s_pRII_LK15_150727_LK051_48_MOR_Kinetic_10min_Fentanyl_Fsk	LK15_150727_LK051_48_MOR_Kinetic_10min_Fentanyl_Fsk	LK15_150727_LK051_48_MOR_Kinetic_10min_Fentanyl_Fsk__Fentanyl2_and_Fsk10	LK050
pRII_Microscopy_LK15_150727	model1_data49	model1_data140	2037.52880292057	1	s_pRII_LK15_150727_LK051_48_MOR_Kinetic_10min_Fentanyl_Fsk	s_pRII_LK15_150727_LK051_48_MOR_Kinetic_10min_Fentanyl_Fsk	LK15_150727_LK051_48_MOR_Kinetic_10min_Fentanyl_Fsk	LK15_150727_LK051_48_MOR_Kinetic_10min_Fentanyl_Fsk__Fentanyl2_and_Fsk10	LK050
pRII_Microscopy_LK15_150727	model1_data49	model1_data140	1963.37412122834	1.5	s_pRII_LK15_150727_LK051_48_MOR_Kinetic_10min_Fentanyl_Fsk	s_pRII_LK15_150727_LK051_48_MOR_Kinetic_10min_Fentanyl_Fsk	LK15_150727_LK051_48_MOR_Kinetic_10min_Fentanyl_Fsk	LK15_150727_LK051_48_MOR_Kinetic_10min_Fentanyl_Fsk__Fentanyl2_and_Fsk10	LK050
pRII_Microscopy_LK15_150727	model1_data49	model1_data140	2233.61212498177	2	s_pRII_LK15_150727_LK051_48_MOR_Kinetic_10min_Fentanyl_Fsk	s_pRII_LK15_150727_LK051_48_MOR_Kinetic_10min_Fentanyl_Fsk	LK15_150727_LK051_48_MOR_Kinetic_10min_Fentanyl_Fsk	LK15_150727_LK051_48_MOR_Kinetic_10min_Fentanyl_Fsk__Fentanyl2_and_Fsk10	LK050
pRII_Microscopy_LK15_150727	model1_data49	model1_data140	2154.47479490191	5	s_pRII_LK15_150727_LK051_48_MOR_Kinetic_10min_Fentanyl_Fsk	s_pRII_LK15_150727_LK051_48_MOR_Kinetic_10min_Fentanyl_Fsk	LK15_150727_LK051_48_MOR_Kinetic_10min_Fentanyl_Fsk	LK15_150727_LK051_48_MOR_Kinetic_10min_Fentanyl_Fsk__Fentanyl2_and_Fsk10	LK050
pRII_Microscopy_LK15_150727	model1_data49	model1_data140	2132.53357749809	10	s_pRII_LK15_150727_LK051_48_MOR_Kinetic_10min_Fentanyl_Fsk	s_pRII_LK15_150727_LK051_48_MOR_Kinetic_10min_Fentanyl_Fsk	LK15_150727_LK051_48_MOR_Kinetic_10min_Fentanyl_Fsk	LK15_150727_LK051_48_MOR_Kinetic_10min_Fentanyl_Fsk__Fentanyl2_and_Fsk10	LK050
pRII_Microscopy_LK15_150727	model1_data49	model1_data140	988.942195078087	0	s_pRII_LK15_150727_LK051_48_MOR_Kinetic_10min_Fentanyl_Fsk	s_pRII_LK15_150727_LK051_48_MOR_Kinetic_10min_Fentanyl_Fsk	LK15_150727_LK051_48_MOR_Kinetic_10min_Fentanyl_Fsk	LK15_150727_LK051_48_MOR_Kinetic_10min_Fentanyl_Fsk__Fentanyl2_and_Fsk10	LK051
pRII_Microscopy_LK15_150727	model1_data49	model1_data140	1422.08248788645	0.5	s_pRII_LK15_150727_LK051_48_MOR_Kinetic_10min_Fentanyl_Fsk	s_pRII_LK15_150727_LK051_48_MOR_Kinetic_10min_Fentanyl_Fsk	LK15_150727_LK051_48_MOR_Kinetic_10min_Fentanyl_Fsk	LK15_150727_LK051_48_MOR_Kinetic_10min_Fentanyl_Fsk__Fentanyl2_and_Fsk10	LK051
pRII_Microscopy_LK15_150727	model1_data49	model1_data140	1889.16710971305	1	s_pRII_LK15_150727_LK051_48_MOR_Kinetic_10min_Fentanyl_Fsk	s_pRII_LK15_150727_LK051_48_MOR_Kinetic_10min_Fentanyl_Fsk	LK15_150727_LK051_48_MOR_Kinetic_10min_Fentanyl_Fsk	LK15_150727_LK051_48_MOR_Kinetic_10min_Fentanyl_Fsk__Fentanyl2_and_Fsk10	LK051
pRII_Microscopy_LK15_150727	model1_data49	model1_data140	1913.74790643118	1.5	s_pRII_LK15_150727_LK051_48_MOR_Kinetic_10min_Fentanyl_Fsk	s_pRII_LK15_150727_LK051_48_MOR_Kinetic_10min_Fentanyl_Fsk	LK15_150727_LK051_48_MOR_Kinetic_10min_Fentanyl_Fsk	LK15_150727_LK051_48_MOR_Kinetic_10min_Fentanyl_Fsk__Fentanyl2_and_Fsk10	LK051
pRII_Microscopy_LK15_150727	model1_data49	model1_data140	2184.92354545292	2	s_pRII_LK15_150727_LK051_48_MOR_Kinetic_10min_Fentanyl_Fsk	s_pRII_LK15_150727_LK051_48_MOR_Kinetic_10min_Fentanyl_Fsk	LK15_150727_LK051_48_MOR_Kinetic_10min_Fentanyl_Fsk	LK15_150727_LK051_48_MOR_Kinetic_10min_Fentanyl_Fsk__Fentanyl2_and_Fsk10	LK051
pRII_Microscopy_LK15_150727	model1_data49	model1_data140	1975.98656846381	5	s_pRII_LK15_150727_LK051_48_MOR_Kinetic_10min_Fentanyl_Fsk	s_pRII_LK15_150727_LK051_48_MOR_Kinetic_10min_Fentanyl_Fsk	LK15_150727_LK051_48_MOR_Kinetic_10min_Fentanyl_Fsk	LK15_150727_LK051_48_MOR_Kinetic_10min_Fentanyl_Fsk__Fentanyl2_and_Fsk10	LK051
pRII_Microscopy_LK15_150727	model1_data49	model1_data140	2090.55323758882	10	s_pRII_LK15_150727_LK051_48_MOR_Kinetic_10min_Fentanyl_Fsk	s_pRII_LK15_150727_LK051_48_MOR_Kinetic_10min_Fentanyl_Fsk	LK15_150727_LK051_48_MOR_Kinetic_10min_Fentanyl_Fsk	LK15_150727_LK051_48_MOR_Kinetic_10min_Fentanyl_Fsk__Fentanyl2_and_Fsk10	LK051
pRII_Microscopy_LK15_150727	model1_data49	model1_data141	961.007731659788	0	s_pRII_LK15_150727_LK051_48_MOR_Kinetic_10min_Fentanyl_Fsk	s_pRII_LK15_150727_LK051_48_MOR_Kinetic_10min_Fentanyl_Fsk	LK15_150727_LK051_48_MOR_Kinetic_10min_Fentanyl_Fsk	LK15_150727_LK051_48_MOR_Kinetic_10min_Fentanyl_Fsk__Fsk1	LK048
pRII_Microscopy_LK15_150727	model1_data49	model1_data141	1170.68133437633	0.5	s_pRII_LK15_150727_LK051_48_MOR_Kinetic_10min_Fentanyl_Fsk	s_pRII_LK15_150727_LK051_48_MOR_Kinetic_10min_Fentanyl_Fsk	LK15_150727_LK051_48_MOR_Kinetic_10min_Fentanyl_Fsk	LK15_150727_LK051_48_MOR_Kinetic_10min_Fentanyl_Fsk__Fsk1	LK048
pRII_Microscopy_LK15_150727	model1_data49	model1_data141	1595.88811539851	1	s_pRII_LK15_150727_LK051_48_MOR_Kinetic_10min_Fentanyl_Fsk	s_pRII_LK15_150727_LK051_48_MOR_Kinetic_10min_Fentanyl_Fsk	LK15_150727_LK051_48_MOR_Kinetic_10min_Fentanyl_Fsk	LK15_150727_LK051_48_MOR_Kinetic_10min_Fentanyl_Fsk__Fsk1	LK048
pRII_Microscopy_LK15_150727	model1_data49	model1_data141	1644.52359262041	1.5	s_pRII_LK15_150727_LK051_48_MOR_Kinetic_10min_Fentanyl_Fsk	s_pRII_LK15_150727_LK051_48_MOR_Kinetic_10min_Fentanyl_Fsk	LK15_150727_LK051_48_MOR_Kinetic_10min_Fentanyl_Fsk	LK15_150727_LK051_48_MOR_Kinetic_10min_Fentanyl_Fsk__Fsk1	LK048
pRII_Microscopy_LK15_150727	model1_data49	model1_data141	1720.61034885864	2	s_pRII_LK15_150727_LK051_48_MOR_Kinetic_10min_Fentanyl_Fsk	s_pRII_LK15_150727_LK051_48_MOR_Kinetic_10min_Fentanyl_Fsk	LK15_150727_LK051_48_MOR_Kinetic_10min_Fentanyl_Fsk	LK15_150727_LK051_48_MOR_Kinetic_10min_Fentanyl_Fsk__Fsk1	LK048
pRII_Microscopy_LK15_150727	model1_data49	model1_data141	1546.59148074	5	s_pRII_LK15_150727_LK051_48_MOR_Kinetic_10min_Fentanyl_Fsk	s_pRII_LK15_150727_LK051_48_MOR_Kinetic_10min_Fentanyl_Fsk	LK15_150727_LK051_48_MOR_Kinetic_10min_Fentanyl_Fsk	LK15_150727_LK051_48_MOR_Kinetic_10min_Fentanyl_Fsk__Fsk1	LK048
pRII_Microscopy_LK15_150727	model1_data49	model1_data141	1567.36549839231	10	s_pRII_LK15_150727_LK051_48_MOR_Kinetic_10min_Fentanyl_Fsk	s_pRII_LK15_150727_LK051_48_MOR_Kinetic_10min_Fentanyl_Fsk	LK15_150727_LK051_48_MOR_Kinetic_10min_Fentanyl_Fsk	LK15_150727_LK051_48_MOR_Kinetic_10min_Fentanyl_Fsk__Fsk1	LK048
pRII_Microscopy_LK15_150727	model1_data49	model1_data141	985.810905076239	0	s_pRII_LK15_150727_LK051_48_MOR_Kinetic_10min_Fentanyl_Fsk	s_pRII_LK15_150727_LK051_48_MOR_Kinetic_10min_Fentanyl_Fsk	LK15_150727_LK051_48_MOR_Kinetic_10min_Fentanyl_Fsk	LK15_150727_LK051_48_MOR_Kinetic_10min_Fentanyl_Fsk__Fsk1	LK049
pRII_Microscopy_LK15_150727	model1_data49	model1_data141	1304.44878480577	0.5	s_pRII_LK15_150727_LK051_48_MOR_Kinetic_10min_Fentanyl_Fsk	s_pRII_LK15_150727_LK051_48_MOR_Kinetic_10min_Fentanyl_Fsk	LK15_150727_LK051_48_MOR_Kinetic_10min_Fentanyl_Fsk	LK15_150727_LK051_48_MOR_Kinetic_10min_Fentanyl_Fsk__Fsk1	LK049
pRII_Microscopy_LK15_150727	model1_data49	model1_data141	1585.05496329848	1	s_pRII_LK15_150727_LK051_48_MOR_Kinetic_10min_Fentanyl_Fsk	s_pRII_LK15_150727_LK051_48_MOR_Kinetic_10min_Fentanyl_Fsk	LK15_150727_LK051_48_MOR_Kinetic_10min_Fentanyl_Fsk	LK15_150727_LK051_48_MOR_Kinetic_10min_Fentanyl_Fsk__Fsk1	LK049
pRII_Microscopy_LK15_150727	model1_data49	model1_data141	1658.83234510031	1.5	s_pRII_LK15_150727_LK051_48_MOR_Kinetic_10min_Fentanyl_Fsk	s_pRII_LK15_150727_LK051_48_MOR_Kinetic_10min_Fentanyl_Fsk	LK15_150727_LK051_48_MOR_Kinetic_10min_Fentanyl_Fsk	LK15_150727_LK051_48_MOR_Kinetic_10min_Fentanyl_Fsk__Fsk1	LK049
pRII_Microscopy_LK15_150727	model1_data49	model1_data141	1765.72731199891	2	s_pRII_LK15_150727_LK051_48_MOR_Kinetic_10min_Fentanyl_Fsk	s_pRII_LK15_150727_LK051_48_MOR_Kinetic_10min_Fentanyl_Fsk	LK15_150727_LK051_48_MOR_Kinetic_10min_Fentanyl_Fsk	LK15_150727_LK051_48_MOR_Kinetic_10min_Fentanyl_Fsk__Fsk1	LK049
pRII_Microscopy_LK15_150727	model1_data49	model1_data141	1327.98465998889	5	s_pRII_LK15_150727_LK051_48_MOR_Kinetic_10min_Fentanyl_Fsk	s_pRII_LK15_150727_LK051_48_MOR_Kinetic_10min_Fentanyl_Fsk	LK15_150727_LK051_48_MOR_Kinetic_10min_Fentanyl_Fsk	LK15_150727_LK051_48_MOR_Kinetic_10min_Fentanyl_Fsk__Fsk1	LK049
pRII_Microscopy_LK15_150727	model1_data49	model1_data141	1582.34786013017	10	s_pRII_LK15_150727_LK051_48_MOR_Kinetic_10min_Fentanyl_Fsk	s_pRII_LK15_150727_LK051_48_MOR_Kinetic_10min_Fentanyl_Fsk	LK15_150727_LK051_48_MOR_Kinetic_10min_Fentanyl_Fsk	LK15_150727_LK051_48_MOR_Kinetic_10min_Fentanyl_Fsk__Fsk1	LK049
pRII_Microscopy_LK15_150727	model1_data49	model1_data141	974.213296452416	0	s_pRII_LK15_150727_LK051_48_MOR_Kinetic_10min_Fentanyl_Fsk	s_pRII_LK15_150727_LK051_48_MOR_Kinetic_10min_Fentanyl_Fsk	LK15_150727_LK051_48_MOR_Kinetic_10min_Fentanyl_Fsk	LK15_150727_LK051_48_MOR_Kinetic_10min_Fentanyl_Fsk__Fsk1	LK050
pRII_Microscopy_LK15_150727	model1_data49	model1_data141	1222.79159261686	0.5	s_pRII_LK15_150727_LK051_48_MOR_Kinetic_10min_Fentanyl_Fsk	s_pRII_LK15_150727_LK051_48_MOR_Kinetic_10min_Fentanyl_Fsk	LK15_150727_LK051_48_MOR_Kinetic_10min_Fentanyl_Fsk	LK15_150727_LK051_48_MOR_Kinetic_10min_Fentanyl_Fsk__Fsk1	LK050
pRII_Microscopy_LK15_150727	model1_data49	model1_data141	1505.48923134477	1	s_pRII_LK15_150727_LK051_48_MOR_Kinetic_10min_Fentanyl_Fsk	s_pRII_LK15_150727_LK051_48_MOR_Kinetic_10min_Fentanyl_Fsk	LK15_150727_LK051_48_MOR_Kinetic_10min_Fentanyl_Fsk	LK15_150727_LK051_48_MOR_Kinetic_10min_Fentanyl_Fsk__Fsk1	LK050
pRII_Microscopy_LK15_150727	model1_data49	model1_data141	1555.26667276566	1.5	s_pRII_LK15_150727_LK051_48_MOR_Kinetic_10min_Fentanyl_Fsk	s_pRII_LK15_150727_LK051_48_MOR_Kinetic_10min_Fentanyl_Fsk	LK15_150727_LK051_48_MOR_Kinetic_10min_Fentanyl_Fsk	LK15_150727_LK051_48_MOR_Kinetic_10min_Fentanyl_Fsk__Fsk1	LK050
pRII_Microscopy_LK15_150727	model1_data49	model1_data141	1783.71335587189	2	s_pRII_LK15_150727_LK051_48_MOR_Kinetic_10min_Fentanyl_Fsk	s_pRII_LK15_150727_LK051_48_MOR_Kinetic_10min_Fentanyl_Fsk	LK15_150727_LK051_48_MOR_Kinetic_10min_Fentanyl_Fsk	LK15_150727_LK051_48_MOR_Kinetic_10min_Fentanyl_Fsk__Fsk1	LK050
pRII_Microscopy_LK15_150727	model1_data49	model1_data141	1455.05437538495	5	s_pRII_LK15_150727_LK051_48_MOR_Kinetic_10min_Fentanyl_Fsk	s_pRII_LK15_150727_LK051_48_MOR_Kinetic_10min_Fentanyl_Fsk	LK15_150727_LK051_48_MOR_Kinetic_10min_Fentanyl_Fsk	LK15_150727_LK051_48_MOR_Kinetic_10min_Fentanyl_Fsk__Fsk1	LK050
pRII_Microscopy_LK15_150727	model1_data49	model1_data141	1563.41880071237	10	s_pRII_LK15_150727_LK051_48_MOR_Kinetic_10min_Fentanyl_Fsk	s_pRII_LK15_150727_LK051_48_MOR_Kinetic_10min_Fentanyl_Fsk	LK15_150727_LK051_48_MOR_Kinetic_10min_Fentanyl_Fsk	LK15_150727_LK051_48_MOR_Kinetic_10min_Fentanyl_Fsk__Fsk1	LK050
pRII_Microscopy_LK15_150727	model1_data49	model1_data141	992.074866913661	0	s_pRII_LK15_150727_LK051_48_MOR_Kinetic_10min_Fentanyl_Fsk	s_pRII_LK15_150727_LK051_48_MOR_Kinetic_10min_Fentanyl_Fsk	LK15_150727_LK051_48_MOR_Kinetic_10min_Fentanyl_Fsk	LK15_150727_LK051_48_MOR_Kinetic_10min_Fentanyl_Fsk__Fsk1	LK051
pRII_Microscopy_LK15_150727	model1_data49	model1_data141	1240.76794870143	0.5	s_pRII_LK15_150727_LK051_48_MOR_Kinetic_10min_Fentanyl_Fsk	s_pRII_LK15_150727_LK051_48_MOR_Kinetic_10min_Fentanyl_Fsk	LK15_150727_LK051_48_MOR_Kinetic_10min_Fentanyl_Fsk	LK15_150727_LK051_48_MOR_Kinetic_10min_Fentanyl_Fsk__Fsk1	LK051
pRII_Microscopy_LK15_150727	model1_data49	model1_data141	1476.04976069676	1	s_pRII_LK15_150727_LK051_48_MOR_Kinetic_10min_Fentanyl_Fsk	s_pRII_LK15_150727_LK051_48_MOR_Kinetic_10min_Fentanyl_Fsk	LK15_150727_LK051_48_MOR_Kinetic_10min_Fentanyl_Fsk	LK15_150727_LK051_48_MOR_Kinetic_10min_Fentanyl_Fsk__Fsk1	LK051
pRII_Microscopy_LK15_150727	model1_data49	model1_data141	1557.50839858558	1.5	s_pRII_LK15_150727_LK051_48_MOR_Kinetic_10min_Fentanyl_Fsk	s_pRII_LK15_150727_LK051_48_MOR_Kinetic_10min_Fentanyl_Fsk	LK15_150727_LK051_48_MOR_Kinetic_10min_Fentanyl_Fsk	LK15_150727_LK051_48_MOR_Kinetic_10min_Fentanyl_Fsk__Fsk1	LK051
pRII_Microscopy_LK15_150727	model1_data49	model1_data141	1688.83045792879	2	s_pRII_LK15_150727_LK051_48_MOR_Kinetic_10min_Fentanyl_Fsk	s_pRII_LK15_150727_LK051_48_MOR_Kinetic_10min_Fentanyl_Fsk	LK15_150727_LK051_48_MOR_Kinetic_10min_Fentanyl_Fsk	LK15_150727_LK051_48_MOR_Kinetic_10min_Fentanyl_Fsk__Fsk1	LK051
pRII_Microscopy_LK15_150727	model1_data49	model1_data141	1436.87990618298	5	s_pRII_LK15_150727_LK051_48_MOR_Kinetic_10min_Fentanyl_Fsk	s_pRII_LK15_150727_LK051_48_MOR_Kinetic_10min_Fentanyl_Fsk	LK15_150727_LK051_48_MOR_Kinetic_10min_Fentanyl_Fsk	LK15_150727_LK051_48_MOR_Kinetic_10min_Fentanyl_Fsk__Fsk1	LK051
pRII_Microscopy_LK15_150727	model1_data49	model1_data141	1676.14660084376	10	s_pRII_LK15_150727_LK051_48_MOR_Kinetic_10min_Fentanyl_Fsk	s_pRII_LK15_150727_LK051_48_MOR_Kinetic_10min_Fentanyl_Fsk	LK15_150727_LK051_48_MOR_Kinetic_10min_Fentanyl_Fsk	LK15_150727_LK051_48_MOR_Kinetic_10min_Fentanyl_Fsk__Fsk1	LK051
pRII_Microscopy_LK15_150727	model1_data49	model1_data142	992.681236463333	0	s_pRII_LK15_150727_LK051_48_MOR_Kinetic_10min_Fentanyl_Fsk	s_pRII_LK15_150727_LK051_48_MOR_Kinetic_10min_Fentanyl_Fsk	LK15_150727_LK051_48_MOR_Kinetic_10min_Fentanyl_Fsk	LK15_150727_LK051_48_MOR_Kinetic_10min_Fentanyl_Fsk__Fsk5	LK048
pRII_Microscopy_LK15_150727	model1_data49	model1_data142	1433.82627656667	0.5	s_pRII_LK15_150727_LK051_48_MOR_Kinetic_10min_Fentanyl_Fsk	s_pRII_LK15_150727_LK051_48_MOR_Kinetic_10min_Fentanyl_Fsk	LK15_150727_LK051_48_MOR_Kinetic_10min_Fentanyl_Fsk	LK15_150727_LK051_48_MOR_Kinetic_10min_Fentanyl_Fsk__Fsk5	LK048
pRII_Microscopy_LK15_150727	model1_data49	model1_data142	2022.1575293299	1	s_pRII_LK15_150727_LK051_48_MOR_Kinetic_10min_Fentanyl_Fsk	s_pRII_LK15_150727_LK051_48_MOR_Kinetic_10min_Fentanyl_Fsk	LK15_150727_LK051_48_MOR_Kinetic_10min_Fentanyl_Fsk	LK15_150727_LK051_48_MOR_Kinetic_10min_Fentanyl_Fsk__Fsk5	LK048
pRII_Microscopy_LK15_150727	model1_data49	model1_data142	2134.12898753146	1.5	s_pRII_LK15_150727_LK051_48_MOR_Kinetic_10min_Fentanyl_Fsk	s_pRII_LK15_150727_LK051_48_MOR_Kinetic_10min_Fentanyl_Fsk	LK15_150727_LK051_48_MOR_Kinetic_10min_Fentanyl_Fsk	LK15_150727_LK051_48_MOR_Kinetic_10min_Fentanyl_Fsk__Fsk5	LK048
pRII_Microscopy_LK15_150727	model1_data49	model1_data142	2292.37599042298	2	s_pRII_LK15_150727_LK051_48_MOR_Kinetic_10min_Fentanyl_Fsk	s_pRII_LK15_150727_LK051_48_MOR_Kinetic_10min_Fentanyl_Fsk	LK15_150727_LK051_48_MOR_Kinetic_10min_Fentanyl_Fsk	LK15_150727_LK051_48_MOR_Kinetic_10min_Fentanyl_Fsk__Fsk5	LK048
pRII_Microscopy_LK15_150727	model1_data49	model1_data142	2227.56978433058	5	s_pRII_LK15_150727_LK051_48_MOR_Kinetic_10min_Fentanyl_Fsk	s_pRII_LK15_150727_LK051_48_MOR_Kinetic_10min_Fentanyl_Fsk	LK15_150727_LK051_48_MOR_Kinetic_10min_Fentanyl_Fsk	LK15_150727_LK051_48_MOR_Kinetic_10min_Fentanyl_Fsk__Fsk5	LK048
pRII_Microscopy_LK15_150727	model1_data49	model1_data142	2327.903582243	10	s_pRII_LK15_150727_LK051_48_MOR_Kinetic_10min_Fentanyl_Fsk	s_pRII_LK15_150727_LK051_48_MOR_Kinetic_10min_Fentanyl_Fsk	LK15_150727_LK051_48_MOR_Kinetic_10min_Fentanyl_Fsk	LK15_150727_LK051_48_MOR_Kinetic_10min_Fentanyl_Fsk__Fsk5	LK048
pRII_Microscopy_LK15_150727	model1_data49	model1_data142	1008.68122317273	0	s_pRII_LK15_150727_LK051_48_MOR_Kinetic_10min_Fentanyl_Fsk	s_pRII_LK15_150727_LK051_48_MOR_Kinetic_10min_Fentanyl_Fsk	LK15_150727_LK051_48_MOR_Kinetic_10min_Fentanyl_Fsk	LK15_150727_LK051_48_MOR_Kinetic_10min_Fentanyl_Fsk__Fsk5	LK049
pRII_Microscopy_LK15_150727	model1_data49	model1_data142	1569.1294187226	0.5	s_pRII_LK15_150727_LK051_48_MOR_Kinetic_10min_Fentanyl_Fsk	s_pRII_LK15_150727_LK051_48_MOR_Kinetic_10min_Fentanyl_Fsk	LK15_150727_LK051_48_MOR_Kinetic_10min_Fentanyl_Fsk	LK15_150727_LK051_48_MOR_Kinetic_10min_Fentanyl_Fsk__Fsk5	LK049
pRII_Microscopy_LK15_150727	model1_data49	model1_data142	1964.90352935488	1	s_pRII_LK15_150727_LK051_48_MOR_Kinetic_10min_Fentanyl_Fsk	s_pRII_LK15_150727_LK051_48_MOR_Kinetic_10min_Fentanyl_Fsk	LK15_150727_LK051_48_MOR_Kinetic_10min_Fentanyl_Fsk	LK15_150727_LK051_48_MOR_Kinetic_10min_Fentanyl_Fsk__Fsk5	LK049
pRII_Microscopy_LK15_150727	model1_data49	model1_data142	2105.78483759451	1.5	s_pRII_LK15_150727_LK051_48_MOR_Kinetic_10min_Fentanyl_Fsk	s_pRII_LK15_150727_LK051_48_MOR_Kinetic_10min_Fentanyl_Fsk	LK15_150727_LK051_48_MOR_Kinetic_10min_Fentanyl_Fsk	LK15_150727_LK051_48_MOR_Kinetic_10min_Fentanyl_Fsk__Fsk5	LK049
pRII_Microscopy_LK15_150727	model1_data49	model1_data142	2239.2785082996	2	s_pRII_LK15_150727_LK051_48_MOR_Kinetic_10min_Fentanyl_Fsk	s_pRII_LK15_150727_LK051_48_MOR_Kinetic_10min_Fentanyl_Fsk	LK15_150727_LK051_48_MOR_Kinetic_10min_Fentanyl_Fsk	LK15_150727_LK051_48_MOR_Kinetic_10min_Fentanyl_Fsk__Fsk5	LK049
pRII_Microscopy_LK15_150727	model1_data49	model1_data142	2206.84171435548	5	s_pRII_LK15_150727_LK051_48_MOR_Kinetic_10min_Fentanyl_Fsk	s_pRII_LK15_150727_LK051_48_MOR_Kinetic_10min_Fentanyl_Fsk	LK15_150727_LK051_48_MOR_Kinetic_10min_Fentanyl_Fsk	LK15_150727_LK051_48_MOR_Kinetic_10min_Fentanyl_Fsk__Fsk5	LK049
pRII_Microscopy_LK15_150727	model1_data49	model1_data142	2354.91612420433	10	s_pRII_LK15_150727_LK051_48_MOR_Kinetic_10min_Fentanyl_Fsk	s_pRII_LK15_150727_LK051_48_MOR_Kinetic_10min_Fentanyl_Fsk	LK15_150727_LK051_48_MOR_Kinetic_10min_Fentanyl_Fsk	LK15_150727_LK051_48_MOR_Kinetic_10min_Fentanyl_Fsk__Fsk5	LK049
pRII_Microscopy_LK15_150727	model1_data49	model1_data142	1017.78319553019	0	s_pRII_LK15_150727_LK051_48_MOR_Kinetic_10min_Fentanyl_Fsk	s_pRII_LK15_150727_LK051_48_MOR_Kinetic_10min_Fentanyl_Fsk	LK15_150727_LK051_48_MOR_Kinetic_10min_Fentanyl_Fsk	LK15_150727_LK051_48_MOR_Kinetic_10min_Fentanyl_Fsk__Fsk5	LK050
pRII_Microscopy_LK15_150727	model1_data49	model1_data142	1580.64078786258	0.5	s_pRII_LK15_150727_LK051_48_MOR_Kinetic_10min_Fentanyl_Fsk	s_pRII_LK15_150727_LK051_48_MOR_Kinetic_10min_Fentanyl_Fsk	LK15_150727_LK051_48_MOR_Kinetic_10min_Fentanyl_Fsk	LK15_150727_LK051_48_MOR_Kinetic_10min_Fentanyl_Fsk__Fsk5	LK050
pRII_Microscopy_LK15_150727	model1_data49	model1_data142	2042.06328107919	1	s_pRII_LK15_150727_LK051_48_MOR_Kinetic_10min_Fentanyl_Fsk	s_pRII_LK15_150727_LK051_48_MOR_Kinetic_10min_Fentanyl_Fsk	LK15_150727_LK051_48_MOR_Kinetic_10min_Fentanyl_Fsk	LK15_150727_LK051_48_MOR_Kinetic_10min_Fentanyl_Fsk__Fsk5	LK050
pRII_Microscopy_LK15_150727	model1_data49	model1_data142	2413.41746771647	1.5	s_pRII_LK15_150727_LK051_48_MOR_Kinetic_10min_Fentanyl_Fsk	s_pRII_LK15_150727_LK051_48_MOR_Kinetic_10min_Fentanyl_Fsk	LK15_150727_LK051_48_MOR_Kinetic_10min_Fentanyl_Fsk	LK15_150727_LK051_48_MOR_Kinetic_10min_Fentanyl_Fsk__Fsk5	LK050
pRII_Microscopy_LK15_150727	model1_data49	model1_data142	2325.57105888476	2	s_pRII_LK15_150727_LK051_48_MOR_Kinetic_10min_Fentanyl_Fsk	s_pRII_LK15_150727_LK051_48_MOR_Kinetic_10min_Fentanyl_Fsk	LK15_150727_LK051_48_MOR_Kinetic_10min_Fentanyl_Fsk	LK15_150727_LK051_48_MOR_Kinetic_10min_Fentanyl_Fsk__Fsk5	LK050
pRII_Microscopy_LK15_150727	model1_data49	model1_data142	2066.05564241367	5	s_pRII_LK15_150727_LK051_48_MOR_Kinetic_10min_Fentanyl_Fsk	s_pRII_LK15_150727_LK051_48_MOR_Kinetic_10min_Fentanyl_Fsk	LK15_150727_LK051_48_MOR_Kinetic_10min_Fentanyl_Fsk	LK15_150727_LK051_48_MOR_Kinetic_10min_Fentanyl_Fsk__Fsk5	LK050
pRII_Microscopy_LK15_150727	model1_data49	model1_data142	2311.37854135695	10	s_pRII_LK15_150727_LK051_48_MOR_Kinetic_10min_Fentanyl_Fsk	s_pRII_LK15_150727_LK051_48_MOR_Kinetic_10min_Fentanyl_Fsk	LK15_150727_LK051_48_MOR_Kinetic_10min_Fentanyl_Fsk	LK15_150727_LK051_48_MOR_Kinetic_10min_Fentanyl_Fsk__Fsk5	LK050
pRII_Microscopy_LK15_150727	model1_data49	model1_data142	994.821856905731	0	s_pRII_LK15_150727_LK051_48_MOR_Kinetic_10min_Fentanyl_Fsk	s_pRII_LK15_150727_LK051_48_MOR_Kinetic_10min_Fentanyl_Fsk	LK15_150727_LK051_48_MOR_Kinetic_10min_Fentanyl_Fsk	LK15_150727_LK051_48_MOR_Kinetic_10min_Fentanyl_Fsk__Fsk5	LK051
pRII_Microscopy_LK15_150727	model1_data49	model1_data142	1483.90395481034	0.5	s_pRII_LK15_150727_LK051_48_MOR_Kinetic_10min_Fentanyl_Fsk	s_pRII_LK15_150727_LK051_48_MOR_Kinetic_10min_Fentanyl_Fsk	LK15_150727_LK051_48_MOR_Kinetic_10min_Fentanyl_Fsk	LK15_150727_LK051_48_MOR_Kinetic_10min_Fentanyl_Fsk__Fsk5	LK051
pRII_Microscopy_LK15_150727	model1_data49	model1_data142	1797.29374787537	1	s_pRII_LK15_150727_LK051_48_MOR_Kinetic_10min_Fentanyl_Fsk	s_pRII_LK15_150727_LK051_48_MOR_Kinetic_10min_Fentanyl_Fsk	LK15_150727_LK051_48_MOR_Kinetic_10min_Fentanyl_Fsk	LK15_150727_LK051_48_MOR_Kinetic_10min_Fentanyl_Fsk__Fsk5	LK051
pRII_Microscopy_LK15_150727	model1_data49	model1_data142	1902.70422191917	1.5	s_pRII_LK15_150727_LK051_48_MOR_Kinetic_10min_Fentanyl_Fsk	s_pRII_LK15_150727_LK051_48_MOR_Kinetic_10min_Fentanyl_Fsk	LK15_150727_LK051_48_MOR_Kinetic_10min_Fentanyl_Fsk	LK15_150727_LK051_48_MOR_Kinetic_10min_Fentanyl_Fsk__Fsk5	LK051
pRII_Microscopy_LK15_150727	model1_data49	model1_data142	2104.75230297345	2	s_pRII_LK15_150727_LK051_48_MOR_Kinetic_10min_Fentanyl_Fsk	s_pRII_LK15_150727_LK051_48_MOR_Kinetic_10min_Fentanyl_Fsk	LK15_150727_LK051_48_MOR_Kinetic_10min_Fentanyl_Fsk	LK15_150727_LK051_48_MOR_Kinetic_10min_Fentanyl_Fsk__Fsk5	LK051
pRII_Microscopy_LK15_150727	model1_data49	model1_data142	2100.66174864448	5	s_pRII_LK15_150727_LK051_48_MOR_Kinetic_10min_Fentanyl_Fsk	s_pRII_LK15_150727_LK051_48_MOR_Kinetic_10min_Fentanyl_Fsk	LK15_150727_LK051_48_MOR_Kinetic_10min_Fentanyl_Fsk	LK15_150727_LK051_48_MOR_Kinetic_10min_Fentanyl_Fsk__Fsk5	LK051
pRII_Microscopy_LK15_150727	model1_data49	model1_data142	2265.88249123678	10	s_pRII_LK15_150727_LK051_48_MOR_Kinetic_10min_Fentanyl_Fsk	s_pRII_LK15_150727_LK051_48_MOR_Kinetic_10min_Fentanyl_Fsk	LK15_150727_LK051_48_MOR_Kinetic_10min_Fentanyl_Fsk	LK15_150727_LK051_48_MOR_Kinetic_10min_Fentanyl_Fsk__Fsk5	LK051
pRII_Microscopy_LK15_150727	model1_data49	model1_data143	1031.09495704044	0	s_pRII_LK15_150727_LK051_48_MOR_Kinetic_10min_Fentanyl_Fsk	s_pRII_LK15_150727_LK051_48_MOR_Kinetic_10min_Fentanyl_Fsk	LK15_150727_LK051_48_MOR_Kinetic_10min_Fentanyl_Fsk	LK15_150727_LK051_48_MOR_Kinetic_10min_Fentanyl_Fsk__Fsk10	LK048
pRII_Microscopy_LK15_150727	model1_data49	model1_data143	1549.46930955756	0.5	s_pRII_LK15_150727_LK051_48_MOR_Kinetic_10min_Fentanyl_Fsk	s_pRII_LK15_150727_LK051_48_MOR_Kinetic_10min_Fentanyl_Fsk	LK15_150727_LK051_48_MOR_Kinetic_10min_Fentanyl_Fsk	LK15_150727_LK051_48_MOR_Kinetic_10min_Fentanyl_Fsk__Fsk10	LK048
pRII_Microscopy_LK15_150727	model1_data49	model1_data143	2318.68545374947	1	s_pRII_LK15_150727_LK051_48_MOR_Kinetic_10min_Fentanyl_Fsk	s_pRII_LK15_150727_LK051_48_MOR_Kinetic_10min_Fentanyl_Fsk	LK15_150727_LK051_48_MOR_Kinetic_10min_Fentanyl_Fsk	LK15_150727_LK051_48_MOR_Kinetic_10min_Fentanyl_Fsk__Fsk10	LK048
pRII_Microscopy_LK15_150727	model1_data49	model1_data143	2464.58245006864	1.5	s_pRII_LK15_150727_LK051_48_MOR_Kinetic_10min_Fentanyl_Fsk	s_pRII_LK15_150727_LK051_48_MOR_Kinetic_10min_Fentanyl_Fsk	LK15_150727_LK051_48_MOR_Kinetic_10min_Fentanyl_Fsk	LK15_150727_LK051_48_MOR_Kinetic_10min_Fentanyl_Fsk__Fsk10	LK048
pRII_Microscopy_LK15_150727	model1_data49	model1_data143	2433.44946245902	2	s_pRII_LK15_150727_LK051_48_MOR_Kinetic_10min_Fentanyl_Fsk	s_pRII_LK15_150727_LK051_48_MOR_Kinetic_10min_Fentanyl_Fsk	LK15_150727_LK051_48_MOR_Kinetic_10min_Fentanyl_Fsk	LK15_150727_LK051_48_MOR_Kinetic_10min_Fentanyl_Fsk__Fsk10	LK048
pRII_Microscopy_LK15_150727	model1_data49	model1_data143	2429.8873167726	5	s_pRII_LK15_150727_LK051_48_MOR_Kinetic_10min_Fentanyl_Fsk	s_pRII_LK15_150727_LK051_48_MOR_Kinetic_10min_Fentanyl_Fsk	LK15_150727_LK051_48_MOR_Kinetic_10min_Fentanyl_Fsk	LK15_150727_LK051_48_MOR_Kinetic_10min_Fentanyl_Fsk__Fsk10	LK048
pRII_Microscopy_LK15_150727	model1_data49	model1_data143	2382.65033666133	10	s_pRII_LK15_150727_LK051_48_MOR_Kinetic_10min_Fentanyl_Fsk	s_pRII_LK15_150727_LK051_48_MOR_Kinetic_10min_Fentanyl_Fsk	LK15_150727_LK051_48_MOR_Kinetic_10min_Fentanyl_Fsk	LK15_150727_LK051_48_MOR_Kinetic_10min_Fentanyl_Fsk__Fsk10	LK048
pRII_Microscopy_LK15_150727	model1_data49	model1_data143	984.553988925613	0	s_pRII_LK15_150727_LK051_48_MOR_Kinetic_10min_Fentanyl_Fsk	s_pRII_LK15_150727_LK051_48_MOR_Kinetic_10min_Fentanyl_Fsk	LK15_150727_LK051_48_MOR_Kinetic_10min_Fentanyl_Fsk	LK15_150727_LK051_48_MOR_Kinetic_10min_Fentanyl_Fsk__Fsk10	LK049
pRII_Microscopy_LK15_150727	model1_data49	model1_data143	1890.25572565605	0.5	s_pRII_LK15_150727_LK051_48_MOR_Kinetic_10min_Fentanyl_Fsk	s_pRII_LK15_150727_LK051_48_MOR_Kinetic_10min_Fentanyl_Fsk	LK15_150727_LK051_48_MOR_Kinetic_10min_Fentanyl_Fsk	LK15_150727_LK051_48_MOR_Kinetic_10min_Fentanyl_Fsk__Fsk10	LK049
pRII_Microscopy_LK15_150727	model1_data49	model1_data143	2204.7659211259	1	s_pRII_LK15_150727_LK051_48_MOR_Kinetic_10min_Fentanyl_Fsk	s_pRII_LK15_150727_LK051_48_MOR_Kinetic_10min_Fentanyl_Fsk	LK15_150727_LK051_48_MOR_Kinetic_10min_Fentanyl_Fsk	LK15_150727_LK051_48_MOR_Kinetic_10min_Fentanyl_Fsk__Fsk10	LK049
pRII_Microscopy_LK15_150727	model1_data49	model1_data143	2504.82950691072	1.5	s_pRII_LK15_150727_LK051_48_MOR_Kinetic_10min_Fentanyl_Fsk	s_pRII_LK15_150727_LK051_48_MOR_Kinetic_10min_Fentanyl_Fsk	LK15_150727_LK051_48_MOR_Kinetic_10min_Fentanyl_Fsk	LK15_150727_LK051_48_MOR_Kinetic_10min_Fentanyl_Fsk__Fsk10	LK049
pRII_Microscopy_LK15_150727	model1_data49	model1_data143	2460.17966006653	2	s_pRII_LK15_150727_LK051_48_MOR_Kinetic_10min_Fentanyl_Fsk	s_pRII_LK15_150727_LK051_48_MOR_Kinetic_10min_Fentanyl_Fsk	LK15_150727_LK051_48_MOR_Kinetic_10min_Fentanyl_Fsk	LK15_150727_LK051_48_MOR_Kinetic_10min_Fentanyl_Fsk__Fsk10	LK049
pRII_Microscopy_LK15_150727	model1_data49	model1_data143	2479.89161623531	5	s_pRII_LK15_150727_LK051_48_MOR_Kinetic_10min_Fentanyl_Fsk	s_pRII_LK15_150727_LK051_48_MOR_Kinetic_10min_Fentanyl_Fsk	LK15_150727_LK051_48_MOR_Kinetic_10min_Fentanyl_Fsk	LK15_150727_LK051_48_MOR_Kinetic_10min_Fentanyl_Fsk__Fsk10	LK049
pRII_Microscopy_LK15_150727	model1_data49	model1_data143	2463.15108476607	10	s_pRII_LK15_150727_LK051_48_MOR_Kinetic_10min_Fentanyl_Fsk	s_pRII_LK15_150727_LK051_48_MOR_Kinetic_10min_Fentanyl_Fsk	LK15_150727_LK051_48_MOR_Kinetic_10min_Fentanyl_Fsk	LK15_150727_LK051_48_MOR_Kinetic_10min_Fentanyl_Fsk__Fsk10	LK049
pRII_Microscopy_LK15_150727	model1_data49	model1_data143	1020.74577477309	0	s_pRII_LK15_150727_LK051_48_MOR_Kinetic_10min_Fentanyl_Fsk	s_pRII_LK15_150727_LK051_48_MOR_Kinetic_10min_Fentanyl_Fsk	LK15_150727_LK051_48_MOR_Kinetic_10min_Fentanyl_Fsk	LK15_150727_LK051_48_MOR_Kinetic_10min_Fentanyl_Fsk__Fsk10	LK050
pRII_Microscopy_LK15_150727	model1_data49	model1_data143	1769.39185693717	0.5	s_pRII_LK15_150727_LK051_48_MOR_Kinetic_10min_Fentanyl_Fsk	s_pRII_LK15_150727_LK051_48_MOR_Kinetic_10min_Fentanyl_Fsk	LK15_150727_LK051_48_MOR_Kinetic_10min_Fentanyl_Fsk	LK15_150727_LK051_48_MOR_Kinetic_10min_Fentanyl_Fsk__Fsk10	LK050
pRII_Microscopy_LK15_150727	model1_data49	model1_data143	2385.7012544597	1	s_pRII_LK15_150727_LK051_48_MOR_Kinetic_10min_Fentanyl_Fsk	s_pRII_LK15_150727_LK051_48_MOR_Kinetic_10min_Fentanyl_Fsk	LK15_150727_LK051_48_MOR_Kinetic_10min_Fentanyl_Fsk	LK15_150727_LK051_48_MOR_Kinetic_10min_Fentanyl_Fsk__Fsk10	LK050
pRII_Microscopy_LK15_150727	model1_data49	model1_data143	2212.97808082527	1.5	s_pRII_LK15_150727_LK051_48_MOR_Kinetic_10min_Fentanyl_Fsk	s_pRII_LK15_150727_LK051_48_MOR_Kinetic_10min_Fentanyl_Fsk	LK15_150727_LK051_48_MOR_Kinetic_10min_Fentanyl_Fsk	LK15_150727_LK051_48_MOR_Kinetic_10min_Fentanyl_Fsk__Fsk10	LK050
pRII_Microscopy_LK15_150727	model1_data49	model1_data143	2441.67527837893	2	s_pRII_LK15_150727_LK051_48_MOR_Kinetic_10min_Fentanyl_Fsk	s_pRII_LK15_150727_LK051_48_MOR_Kinetic_10min_Fentanyl_Fsk	LK15_150727_LK051_48_MOR_Kinetic_10min_Fentanyl_Fsk	LK15_150727_LK051_48_MOR_Kinetic_10min_Fentanyl_Fsk__Fsk10	LK050
pRII_Microscopy_LK15_150727	model1_data49	model1_data143	2309.72627331886	5	s_pRII_LK15_150727_LK051_48_MOR_Kinetic_10min_Fentanyl_Fsk	s_pRII_LK15_150727_LK051_48_MOR_Kinetic_10min_Fentanyl_Fsk	LK15_150727_LK051_48_MOR_Kinetic_10min_Fentanyl_Fsk	LK15_150727_LK051_48_MOR_Kinetic_10min_Fentanyl_Fsk__Fsk10	LK050
pRII_Microscopy_LK15_150727	model1_data49	model1_data143	2316.96418241711	10	s_pRII_LK15_150727_LK051_48_MOR_Kinetic_10min_Fentanyl_Fsk	s_pRII_LK15_150727_LK051_48_MOR_Kinetic_10min_Fentanyl_Fsk	LK15_150727_LK051_48_MOR_Kinetic_10min_Fentanyl_Fsk	LK15_150727_LK051_48_MOR_Kinetic_10min_Fentanyl_Fsk__Fsk10	LK050
pRII_Microscopy_LK15_150727	model1_data49	model1_data143	1023.62988157149	0	s_pRII_LK15_150727_LK051_48_MOR_Kinetic_10min_Fentanyl_Fsk	s_pRII_LK15_150727_LK051_48_MOR_Kinetic_10min_Fentanyl_Fsk	LK15_150727_LK051_48_MOR_Kinetic_10min_Fentanyl_Fsk	LK15_150727_LK051_48_MOR_Kinetic_10min_Fentanyl_Fsk__Fsk10	LK051
pRII_Microscopy_LK15_150727	model1_data49	model1_data143	1704.14062737184	0.5	s_pRII_LK15_150727_LK051_48_MOR_Kinetic_10min_Fentanyl_Fsk	s_pRII_LK15_150727_LK051_48_MOR_Kinetic_10min_Fentanyl_Fsk	LK15_150727_LK051_48_MOR_Kinetic_10min_Fentanyl_Fsk	LK15_150727_LK051_48_MOR_Kinetic_10min_Fentanyl_Fsk__Fsk10	LK051
pRII_Microscopy_LK15_150727	model1_data49	model1_data143	2209.64919733989	1	s_pRII_LK15_150727_LK051_48_MOR_Kinetic_10min_Fentanyl_Fsk	s_pRII_LK15_150727_LK051_48_MOR_Kinetic_10min_Fentanyl_Fsk	LK15_150727_LK051_48_MOR_Kinetic_10min_Fentanyl_Fsk	LK15_150727_LK051_48_MOR_Kinetic_10min_Fentanyl_Fsk__Fsk10	LK051
pRII_Microscopy_LK15_150727	model1_data49	model1_data143	2265.13220692625	1.5	s_pRII_LK15_150727_LK051_48_MOR_Kinetic_10min_Fentanyl_Fsk	s_pRII_LK15_150727_LK051_48_MOR_Kinetic_10min_Fentanyl_Fsk	LK15_150727_LK051_48_MOR_Kinetic_10min_Fentanyl_Fsk	LK15_150727_LK051_48_MOR_Kinetic_10min_Fentanyl_Fsk__Fsk10	LK051
pRII_Microscopy_LK15_150727	model1_data49	model1_data143	2274.20685277312	2	s_pRII_LK15_150727_LK051_48_MOR_Kinetic_10min_Fentanyl_Fsk	s_pRII_LK15_150727_LK051_48_MOR_Kinetic_10min_Fentanyl_Fsk	LK15_150727_LK051_48_MOR_Kinetic_10min_Fentanyl_Fsk	LK15_150727_LK051_48_MOR_Kinetic_10min_Fentanyl_Fsk__Fsk10	LK051
pRII_Microscopy_LK15_150727	model1_data49	model1_data143	2291.15169792825	5	s_pRII_LK15_150727_LK051_48_MOR_Kinetic_10min_Fentanyl_Fsk	s_pRII_LK15_150727_LK051_48_MOR_Kinetic_10min_Fentanyl_Fsk	LK15_150727_LK051_48_MOR_Kinetic_10min_Fentanyl_Fsk	LK15_150727_LK051_48_MOR_Kinetic_10min_Fentanyl_Fsk__Fsk10	LK051
pRII_Microscopy_LK15_150727	model1_data49	model1_data143	2368.28303115552	10	s_pRII_LK15_150727_LK051_48_MOR_Kinetic_10min_Fentanyl_Fsk	s_pRII_LK15_150727_LK051_48_MOR_Kinetic_10min_Fentanyl_Fsk	LK15_150727_LK051_48_MOR_Kinetic_10min_Fentanyl_Fsk	LK15_150727_LK051_48_MOR_Kinetic_10min_Fentanyl_Fsk__Fsk10	LK051
pRII_Microscopy	model1_data49	model1_data144	1028.01573951582	0	s_pRII_LK15_150810_LK053_52_047_46_MOR_Kinetic_Fentanyl_5HT	s_pRII_LK15_150810_LK053_52_047_46_MOR_Kinetic_Fentanyl_5HT	LK15_150810_LK053_52_047_46_MOR_Kinetic_Fentanyl_5HT	LK15_150810_LK053_52_047_46_MOR_Kinetic_Fentanyl_5HT__ctrl	LK047
pRII_Microscopy	model1_data49	model1_data144	982.513606418213	1	s_pRII_LK15_150810_LK053_52_047_46_MOR_Kinetic_Fentanyl_5HT	s_pRII_LK15_150810_LK053_52_047_46_MOR_Kinetic_Fentanyl_5HT	LK15_150810_LK053_52_047_46_MOR_Kinetic_Fentanyl_5HT	LK15_150810_LK053_52_047_46_MOR_Kinetic_Fentanyl_5HT__ctrl	LK047
pRII_Microscopy	model1_data49	model1_data144	992.364358023347	5	s_pRII_LK15_150810_LK053_52_047_46_MOR_Kinetic_Fentanyl_5HT	s_pRII_LK15_150810_LK053_52_047_46_MOR_Kinetic_Fentanyl_5HT	LK15_150810_LK053_52_047_46_MOR_Kinetic_Fentanyl_5HT	LK15_150810_LK053_52_047_46_MOR_Kinetic_Fentanyl_5HT__ctrl	LK047
pRII_Microscopy	model1_data49	model1_data144	1031.14932258579	15	s_pRII_LK15_150810_LK053_52_047_46_MOR_Kinetic_Fentanyl_5HT	s_pRII_LK15_150810_LK053_52_047_46_MOR_Kinetic_Fentanyl_5HT	LK15_150810_LK053_52_047_46_MOR_Kinetic_Fentanyl_5HT	LK15_150810_LK053_52_047_46_MOR_Kinetic_Fentanyl_5HT__ctrl	LK047
pRII_Microscopy	model1_data49	model1_data144	1002.19473371955	30	s_pRII_LK15_150810_LK053_52_047_46_MOR_Kinetic_Fentanyl_5HT	s_pRII_LK15_150810_LK053_52_047_46_MOR_Kinetic_Fentanyl_5HT	LK15_150810_LK053_52_047_46_MOR_Kinetic_Fentanyl_5HT	LK15_150810_LK053_52_047_46_MOR_Kinetic_Fentanyl_5HT__ctrl	LK047
pRII_Microscopy	model1_data49	model1_data144	967.445801810354	60	s_pRII_LK15_150810_LK053_52_047_46_MOR_Kinetic_Fentanyl_5HT	s_pRII_LK15_150810_LK053_52_047_46_MOR_Kinetic_Fentanyl_5HT	LK15_150810_LK053_52_047_46_MOR_Kinetic_Fentanyl_5HT	LK15_150810_LK053_52_047_46_MOR_Kinetic_Fentanyl_5HT__ctrl	LK047
pRII_Microscopy	model1_data49	model1_data144	998.127441123876	120	s_pRII_LK15_150810_LK053_52_047_46_MOR_Kinetic_Fentanyl_5HT	s_pRII_LK15_150810_LK053_52_047_46_MOR_Kinetic_Fentanyl_5HT	LK15_150810_LK053_52_047_46_MOR_Kinetic_Fentanyl_5HT	LK15_150810_LK053_52_047_46_MOR_Kinetic_Fentanyl_5HT__ctrl	LK047
pRII_Microscopy	model1_data49	model1_data144	1010.80038540031	0	s_pRII_LK15_150810_LK053_52_047_46_MOR_Kinetic_Fentanyl_5HT	s_pRII_LK15_150810_LK053_52_047_46_MOR_Kinetic_Fentanyl_5HT	LK15_150810_LK053_52_047_46_MOR_Kinetic_Fentanyl_5HT	LK15_150810_LK053_52_047_46_MOR_Kinetic_Fentanyl_5HT__ctrl	LK052
pRII_Microscopy	model1_data49	model1_data144	1053.00351202135	1	s_pRII_LK15_150810_LK053_52_047_46_MOR_Kinetic_Fentanyl_5HT	s_pRII_LK15_150810_LK053_52_047_46_MOR_Kinetic_Fentanyl_5HT	LK15_150810_LK053_52_047_46_MOR_Kinetic_Fentanyl_5HT	LK15_150810_LK053_52_047_46_MOR_Kinetic_Fentanyl_5HT__ctrl	LK052
pRII_Microscopy	model1_data49	model1_data144	1033.1508841517	5	s_pRII_LK15_150810_LK053_52_047_46_MOR_Kinetic_Fentanyl_5HT	s_pRII_LK15_150810_LK053_52_047_46_MOR_Kinetic_Fentanyl_5HT	LK15_150810_LK053_52_047_46_MOR_Kinetic_Fentanyl_5HT	LK15_150810_LK053_52_047_46_MOR_Kinetic_Fentanyl_5HT__ctrl	LK052
pRII_Microscopy	model1_data49	model1_data144	995.430342823119	15	s_pRII_LK15_150810_LK053_52_047_46_MOR_Kinetic_Fentanyl_5HT	s_pRII_LK15_150810_LK053_52_047_46_MOR_Kinetic_Fentanyl_5HT	LK15_150810_LK053_52_047_46_MOR_Kinetic_Fentanyl_5HT	LK15_150810_LK053_52_047_46_MOR_Kinetic_Fentanyl_5HT__ctrl	LK052
pRII_Microscopy	model1_data49	model1_data144	945.307988151881	30	s_pRII_LK15_150810_LK053_52_047_46_MOR_Kinetic_Fentanyl_5HT	s_pRII_LK15_150810_LK053_52_047_46_MOR_Kinetic_Fentanyl_5HT	LK15_150810_LK053_52_047_46_MOR_Kinetic_Fentanyl_5HT	LK15_150810_LK053_52_047_46_MOR_Kinetic_Fentanyl_5HT__ctrl	LK052
pRII_Microscopy	model1_data49	model1_data144	998.092978046669	60	s_pRII_LK15_150810_LK053_52_047_46_MOR_Kinetic_Fentanyl_5HT	s_pRII_LK15_150810_LK053_52_047_46_MOR_Kinetic_Fentanyl_5HT	LK15_150810_LK053_52_047_46_MOR_Kinetic_Fentanyl_5HT	LK15_150810_LK053_52_047_46_MOR_Kinetic_Fentanyl_5HT__ctrl	LK052
pRII_Microscopy	model1_data49	model1_data144	949.790194730346	120	s_pRII_LK15_150810_LK053_52_047_46_MOR_Kinetic_Fentanyl_5HT	s_pRII_LK15_150810_LK053_52_047_46_MOR_Kinetic_Fentanyl_5HT	LK15_150810_LK053_52_047_46_MOR_Kinetic_Fentanyl_5HT	LK15_150810_LK053_52_047_46_MOR_Kinetic_Fentanyl_5HT__ctrl	LK052
pRII_Microscopy	model1_data49	model1_data144	970.988229895732	0	s_pRII_LK15_150810_LK053_52_047_46_MOR_Kinetic_Fentanyl_5HT	s_pRII_LK15_150810_LK053_52_047_46_MOR_Kinetic_Fentanyl_5HT	LK15_150810_LK053_52_047_46_MOR_Kinetic_Fentanyl_5HT	LK15_150810_LK053_52_047_46_MOR_Kinetic_Fentanyl_5HT__ctrl	LK053
pRII_Microscopy	model1_data49	model1_data144	984.314313751544	1	s_pRII_LK15_150810_LK053_52_047_46_MOR_Kinetic_Fentanyl_5HT	s_pRII_LK15_150810_LK053_52_047_46_MOR_Kinetic_Fentanyl_5HT	LK15_150810_LK053_52_047_46_MOR_Kinetic_Fentanyl_5HT	LK15_150810_LK053_52_047_46_MOR_Kinetic_Fentanyl_5HT__ctrl	LK053
pRII_Microscopy	model1_data49	model1_data144	1093.37484730455	5	s_pRII_LK15_150810_LK053_52_047_46_MOR_Kinetic_Fentanyl_5HT	s_pRII_LK15_150810_LK053_52_047_46_MOR_Kinetic_Fentanyl_5HT	LK15_150810_LK053_52_047_46_MOR_Kinetic_Fentanyl_5HT	LK15_150810_LK053_52_047_46_MOR_Kinetic_Fentanyl_5HT__ctrl	LK053
pRII_Microscopy	model1_data49	model1_data144	992.995368934126	15	s_pRII_LK15_150810_LK053_52_047_46_MOR_Kinetic_Fentanyl_5HT	s_pRII_LK15_150810_LK053_52_047_46_MOR_Kinetic_Fentanyl_5HT	LK15_150810_LK053_52_047_46_MOR_Kinetic_Fentanyl_5HT	LK15_150810_LK053_52_047_46_MOR_Kinetic_Fentanyl_5HT__ctrl	LK053
pRII_Microscopy	model1_data49	model1_data144	1004.23710461114	30	s_pRII_LK15_150810_LK053_52_047_46_MOR_Kinetic_Fentanyl_5HT	s_pRII_LK15_150810_LK053_52_047_46_MOR_Kinetic_Fentanyl_5HT	LK15_150810_LK053_52_047_46_MOR_Kinetic_Fentanyl_5HT	LK15_150810_LK053_52_047_46_MOR_Kinetic_Fentanyl_5HT__ctrl	LK053
pRII_Microscopy	model1_data49	model1_data144	982.394061556911	60	s_pRII_LK15_150810_LK053_52_047_46_MOR_Kinetic_Fentanyl_5HT	s_pRII_LK15_150810_LK053_52_047_46_MOR_Kinetic_Fentanyl_5HT	LK15_150810_LK053_52_047_46_MOR_Kinetic_Fentanyl_5HT	LK15_150810_LK053_52_047_46_MOR_Kinetic_Fentanyl_5HT__ctrl	LK053
pRII_Microscopy	model1_data49	model1_data144	983.711385504862	120	s_pRII_LK15_150810_LK053_52_047_46_MOR_Kinetic_Fentanyl_5HT	s_pRII_LK15_150810_LK053_52_047_46_MOR_Kinetic_Fentanyl_5HT	LK15_150810_LK053_52_047_46_MOR_Kinetic_Fentanyl_5HT	LK15_150810_LK053_52_047_46_MOR_Kinetic_Fentanyl_5HT__ctrl	LK053
pRII_Microscopy	model1_data49	model1_data145	1036.4545063977	0	s_pRII_LK15_150810_LK053_52_047_46_MOR_Kinetic_Fentanyl_5HT	s_pRII_LK15_150810_LK053_52_047_46_MOR_Kinetic_Fentanyl_5HT	LK15_150810_LK053_52_047_46_MOR_Kinetic_Fentanyl_5HT	LK15_150810_LK053_52_047_46_MOR_Kinetic_Fentanyl_5HT__5_HT	LK047
pRII_Microscopy	model1_data49	model1_data145	1823.30686946449	1	s_pRII_LK15_150810_LK053_52_047_46_MOR_Kinetic_Fentanyl_5HT	s_pRII_LK15_150810_LK053_52_047_46_MOR_Kinetic_Fentanyl_5HT	LK15_150810_LK053_52_047_46_MOR_Kinetic_Fentanyl_5HT	LK15_150810_LK053_52_047_46_MOR_Kinetic_Fentanyl_5HT__5_HT	LK047
pRII_Microscopy	model1_data49	model1_data145	1743.543988643	5	s_pRII_LK15_150810_LK053_52_047_46_MOR_Kinetic_Fentanyl_5HT	s_pRII_LK15_150810_LK053_52_047_46_MOR_Kinetic_Fentanyl_5HT	LK15_150810_LK053_52_047_46_MOR_Kinetic_Fentanyl_5HT	LK15_150810_LK053_52_047_46_MOR_Kinetic_Fentanyl_5HT__5_HT	LK047
pRII_Microscopy	model1_data49	model1_data145	1449.16438262706	15	s_pRII_LK15_150810_LK053_52_047_46_MOR_Kinetic_Fentanyl_5HT	s_pRII_LK15_150810_LK053_52_047_46_MOR_Kinetic_Fentanyl_5HT	LK15_150810_LK053_52_047_46_MOR_Kinetic_Fentanyl_5HT	LK15_150810_LK053_52_047_46_MOR_Kinetic_Fentanyl_5HT__5_HT	LK047
pRII_Microscopy	model1_data49	model1_data145	1346.44604753318	30	s_pRII_LK15_150810_LK053_52_047_46_MOR_Kinetic_Fentanyl_5HT	s_pRII_LK15_150810_LK053_52_047_46_MOR_Kinetic_Fentanyl_5HT	LK15_150810_LK053_52_047_46_MOR_Kinetic_Fentanyl_5HT	LK15_150810_LK053_52_047_46_MOR_Kinetic_Fentanyl_5HT__5_HT	LK047
pRII_Microscopy	model1_data49	model1_data145	1212.11005652618	60	s_pRII_LK15_150810_LK053_52_047_46_MOR_Kinetic_Fentanyl_5HT	s_pRII_LK15_150810_LK053_52_047_46_MOR_Kinetic_Fentanyl_5HT	LK15_150810_LK053_52_047_46_MOR_Kinetic_Fentanyl_5HT	LK15_150810_LK053_52_047_46_MOR_Kinetic_Fentanyl_5HT__5_HT	LK047
pRII_Microscopy	model1_data49	model1_data145	1147.84854934064	120	s_pRII_LK15_150810_LK053_52_047_46_MOR_Kinetic_Fentanyl_5HT	s_pRII_LK15_150810_LK053_52_047_46_MOR_Kinetic_Fentanyl_5HT	LK15_150810_LK053_52_047_46_MOR_Kinetic_Fentanyl_5HT	LK15_150810_LK053_52_047_46_MOR_Kinetic_Fentanyl_5HT__5_HT	LK047
pRII_Microscopy	model1_data49	model1_data145	986.391494176399	0	s_pRII_LK15_150810_LK053_52_047_46_MOR_Kinetic_Fentanyl_5HT	s_pRII_LK15_150810_LK053_52_047_46_MOR_Kinetic_Fentanyl_5HT	LK15_150810_LK053_52_047_46_MOR_Kinetic_Fentanyl_5HT	LK15_150810_LK053_52_047_46_MOR_Kinetic_Fentanyl_5HT__5_HT	LK052
pRII_Microscopy	model1_data49	model1_data145	1724.42172718754	1	s_pRII_LK15_150810_LK053_52_047_46_MOR_Kinetic_Fentanyl_5HT	s_pRII_LK15_150810_LK053_52_047_46_MOR_Kinetic_Fentanyl_5HT	LK15_150810_LK053_52_047_46_MOR_Kinetic_Fentanyl_5HT	LK15_150810_LK053_52_047_46_MOR_Kinetic_Fentanyl_5HT__5_HT	LK052
pRII_Microscopy	model1_data49	model1_data145	1644.5769524108	5	s_pRII_LK15_150810_LK053_52_047_46_MOR_Kinetic_Fentanyl_5HT	s_pRII_LK15_150810_LK053_52_047_46_MOR_Kinetic_Fentanyl_5HT	LK15_150810_LK053_52_047_46_MOR_Kinetic_Fentanyl_5HT	LK15_150810_LK053_52_047_46_MOR_Kinetic_Fentanyl_5HT__5_HT	LK052
pRII_Microscopy	model1_data49	model1_data145	1373.09768077659	15	s_pRII_LK15_150810_LK053_52_047_46_MOR_Kinetic_Fentanyl_5HT	s_pRII_LK15_150810_LK053_52_047_46_MOR_Kinetic_Fentanyl_5HT	LK15_150810_LK053_52_047_46_MOR_Kinetic_Fentanyl_5HT	LK15_150810_LK053_52_047_46_MOR_Kinetic_Fentanyl_5HT__5_HT	LK052
pRII_Microscopy	model1_data49	model1_data145	1257.41149957128	30	s_pRII_LK15_150810_LK053_52_047_46_MOR_Kinetic_Fentanyl_5HT	s_pRII_LK15_150810_LK053_52_047_46_MOR_Kinetic_Fentanyl_5HT	LK15_150810_LK053_52_047_46_MOR_Kinetic_Fentanyl_5HT	LK15_150810_LK053_52_047_46_MOR_Kinetic_Fentanyl_5HT__5_HT	LK052
pRII_Microscopy	model1_data49	model1_data145	1225.17575398159	60	s_pRII_LK15_150810_LK053_52_047_46_MOR_Kinetic_Fentanyl_5HT	s_pRII_LK15_150810_LK053_52_047_46_MOR_Kinetic_Fentanyl_5HT	LK15_150810_LK053_52_047_46_MOR_Kinetic_Fentanyl_5HT	LK15_150810_LK053_52_047_46_MOR_Kinetic_Fentanyl_5HT__5_HT	LK052
pRII_Microscopy	model1_data49	model1_data145	1151.60301504679	120	s_pRII_LK15_150810_LK053_52_047_46_MOR_Kinetic_Fentanyl_5HT	s_pRII_LK15_150810_LK053_52_047_46_MOR_Kinetic_Fentanyl_5HT	LK15_150810_LK053_52_047_46_MOR_Kinetic_Fentanyl_5HT	LK15_150810_LK053_52_047_46_MOR_Kinetic_Fentanyl_5HT__5_HT	LK052
pRII_Microscopy	model1_data49	model1_data145	966.42125261763	0	s_pRII_LK15_150810_LK053_52_047_46_MOR_Kinetic_Fentanyl_5HT	s_pRII_LK15_150810_LK053_52_047_46_MOR_Kinetic_Fentanyl_5HT	LK15_150810_LK053_52_047_46_MOR_Kinetic_Fentanyl_5HT	LK15_150810_LK053_52_047_46_MOR_Kinetic_Fentanyl_5HT__5_HT	LK053
pRII_Microscopy	model1_data49	model1_data145	1646.14185072592	1	s_pRII_LK15_150810_LK053_52_047_46_MOR_Kinetic_Fentanyl_5HT	s_pRII_LK15_150810_LK053_52_047_46_MOR_Kinetic_Fentanyl_5HT	LK15_150810_LK053_52_047_46_MOR_Kinetic_Fentanyl_5HT	LK15_150810_LK053_52_047_46_MOR_Kinetic_Fentanyl_5HT__5_HT	LK053
pRII_Microscopy	model1_data49	model1_data145	1450.82716502761	5	s_pRII_LK15_150810_LK053_52_047_46_MOR_Kinetic_Fentanyl_5HT	s_pRII_LK15_150810_LK053_52_047_46_MOR_Kinetic_Fentanyl_5HT	LK15_150810_LK053_52_047_46_MOR_Kinetic_Fentanyl_5HT	LK15_150810_LK053_52_047_46_MOR_Kinetic_Fentanyl_5HT__5_HT	LK053
pRII_Microscopy	model1_data49	model1_data145	1359.09289719529	15	s_pRII_LK15_150810_LK053_52_047_46_MOR_Kinetic_Fentanyl_5HT	s_pRII_LK15_150810_LK053_52_047_46_MOR_Kinetic_Fentanyl_5HT	LK15_150810_LK053_52_047_46_MOR_Kinetic_Fentanyl_5HT	LK15_150810_LK053_52_047_46_MOR_Kinetic_Fentanyl_5HT__5_HT	LK053
pRII_Microscopy	model1_data49	model1_data145	1304.64727690968	30	s_pRII_LK15_150810_LK053_52_047_46_MOR_Kinetic_Fentanyl_5HT	s_pRII_LK15_150810_LK053_52_047_46_MOR_Kinetic_Fentanyl_5HT	LK15_150810_LK053_52_047_46_MOR_Kinetic_Fentanyl_5HT	LK15_150810_LK053_52_047_46_MOR_Kinetic_Fentanyl_5HT__5_HT	LK053
pRII_Microscopy	model1_data49	model1_data145	1247.70442252392	60	s_pRII_LK15_150810_LK053_52_047_46_MOR_Kinetic_Fentanyl_5HT	s_pRII_LK15_150810_LK053_52_047_46_MOR_Kinetic_Fentanyl_5HT	LK15_150810_LK053_52_047_46_MOR_Kinetic_Fentanyl_5HT	LK15_150810_LK053_52_047_46_MOR_Kinetic_Fentanyl_5HT__5_HT	LK053
pRII_Microscopy	model1_data49	model1_data145	1143.39184811457	120	s_pRII_LK15_150810_LK053_52_047_46_MOR_Kinetic_Fentanyl_5HT	s_pRII_LK15_150810_LK053_52_047_46_MOR_Kinetic_Fentanyl_5HT	LK15_150810_LK053_52_047_46_MOR_Kinetic_Fentanyl_5HT	LK15_150810_LK053_52_047_46_MOR_Kinetic_Fentanyl_5HT__5_HT	LK053
pRII_Microscopy	model1_data49	model1_data146	994.136496729726	0	s_pRII_LK15_150810_LK053_52_047_46_MOR_Kinetic_Fentanyl_5HT	s_pRII_LK15_150810_LK053_52_047_46_MOR_Kinetic_Fentanyl_5HT	LK15_150810_LK053_52_047_46_MOR_Kinetic_Fentanyl_5HT	LK15_150810_LK053_52_047_46_MOR_Kinetic_Fentanyl_5HT__5_HT_and_Fentanyl01	LK047
pRII_Microscopy	model1_data49	model1_data146	1762.95948429941	1	s_pRII_LK15_150810_LK053_52_047_46_MOR_Kinetic_Fentanyl_5HT	s_pRII_LK15_150810_LK053_52_047_46_MOR_Kinetic_Fentanyl_5HT	LK15_150810_LK053_52_047_46_MOR_Kinetic_Fentanyl_5HT	LK15_150810_LK053_52_047_46_MOR_Kinetic_Fentanyl_5HT__5_HT_and_Fentanyl01	LK047
pRII_Microscopy	model1_data49	model1_data146	1287.68770440546	5	s_pRII_LK15_150810_LK053_52_047_46_MOR_Kinetic_Fentanyl_5HT	s_pRII_LK15_150810_LK053_52_047_46_MOR_Kinetic_Fentanyl_5HT	LK15_150810_LK053_52_047_46_MOR_Kinetic_Fentanyl_5HT	LK15_150810_LK053_52_047_46_MOR_Kinetic_Fentanyl_5HT__5_HT_and_Fentanyl01	LK047
pRII_Microscopy	model1_data49	model1_data146	1168.83928948524	15	s_pRII_LK15_150810_LK053_52_047_46_MOR_Kinetic_Fentanyl_5HT	s_pRII_LK15_150810_LK053_52_047_46_MOR_Kinetic_Fentanyl_5HT	LK15_150810_LK053_52_047_46_MOR_Kinetic_Fentanyl_5HT	LK15_150810_LK053_52_047_46_MOR_Kinetic_Fentanyl_5HT__5_HT_and_Fentanyl01	LK047
pRII_Microscopy	model1_data49	model1_data146	1098.4109766686	30	s_pRII_LK15_150810_LK053_52_047_46_MOR_Kinetic_Fentanyl_5HT	s_pRII_LK15_150810_LK053_52_047_46_MOR_Kinetic_Fentanyl_5HT	LK15_150810_LK053_52_047_46_MOR_Kinetic_Fentanyl_5HT	LK15_150810_LK053_52_047_46_MOR_Kinetic_Fentanyl_5HT__5_HT_and_Fentanyl01	LK047
pRII_Microscopy	model1_data49	model1_data146	1098.37423275517	60	s_pRII_LK15_150810_LK053_52_047_46_MOR_Kinetic_Fentanyl_5HT	s_pRII_LK15_150810_LK053_52_047_46_MOR_Kinetic_Fentanyl_5HT	LK15_150810_LK053_52_047_46_MOR_Kinetic_Fentanyl_5HT	LK15_150810_LK053_52_047_46_MOR_Kinetic_Fentanyl_5HT__5_HT_and_Fentanyl01	LK047
pRII_Microscopy	model1_data49	model1_data146	1070.07957728396	120	s_pRII_LK15_150810_LK053_52_047_46_MOR_Kinetic_Fentanyl_5HT	s_pRII_LK15_150810_LK053_52_047_46_MOR_Kinetic_Fentanyl_5HT	LK15_150810_LK053_52_047_46_MOR_Kinetic_Fentanyl_5HT	LK15_150810_LK053_52_047_46_MOR_Kinetic_Fentanyl_5HT__5_HT_and_Fentanyl01	LK047
pRII_Microscopy	model1_data49	model1_data146	949.112475774829	0	s_pRII_LK15_150810_LK053_52_047_46_MOR_Kinetic_Fentanyl_5HT	s_pRII_LK15_150810_LK053_52_047_46_MOR_Kinetic_Fentanyl_5HT	LK15_150810_LK053_52_047_46_MOR_Kinetic_Fentanyl_5HT	LK15_150810_LK053_52_047_46_MOR_Kinetic_Fentanyl_5HT__5_HT_and_Fentanyl01	LK052
pRII_Microscopy	model1_data49	model1_data146	1569.67573155664	1	s_pRII_LK15_150810_LK053_52_047_46_MOR_Kinetic_Fentanyl_5HT	s_pRII_LK15_150810_LK053_52_047_46_MOR_Kinetic_Fentanyl_5HT	LK15_150810_LK053_52_047_46_MOR_Kinetic_Fentanyl_5HT	LK15_150810_LK053_52_047_46_MOR_Kinetic_Fentanyl_5HT__5_HT_and_Fentanyl01	LK052
pRII_Microscopy	model1_data49	model1_data146	1180.84621176525	5	s_pRII_LK15_150810_LK053_52_047_46_MOR_Kinetic_Fentanyl_5HT	s_pRII_LK15_150810_LK053_52_047_46_MOR_Kinetic_Fentanyl_5HT	LK15_150810_LK053_52_047_46_MOR_Kinetic_Fentanyl_5HT	LK15_150810_LK053_52_047_46_MOR_Kinetic_Fentanyl_5HT__5_HT_and_Fentanyl01	LK052
pRII_Microscopy	model1_data49	model1_data146	1104.1355052717	15	s_pRII_LK15_150810_LK053_52_047_46_MOR_Kinetic_Fentanyl_5HT	s_pRII_LK15_150810_LK053_52_047_46_MOR_Kinetic_Fentanyl_5HT	LK15_150810_LK053_52_047_46_MOR_Kinetic_Fentanyl_5HT	LK15_150810_LK053_52_047_46_MOR_Kinetic_Fentanyl_5HT__5_HT_and_Fentanyl01	LK052
pRII_Microscopy	model1_data49	model1_data146	1089.15330463697	30	s_pRII_LK15_150810_LK053_52_047_46_MOR_Kinetic_Fentanyl_5HT	s_pRII_LK15_150810_LK053_52_047_46_MOR_Kinetic_Fentanyl_5HT	LK15_150810_LK053_52_047_46_MOR_Kinetic_Fentanyl_5HT	LK15_150810_LK053_52_047_46_MOR_Kinetic_Fentanyl_5HT__5_HT_and_Fentanyl01	LK052
pRII_Microscopy	model1_data49	model1_data146	1103.21161240951	60	s_pRII_LK15_150810_LK053_52_047_46_MOR_Kinetic_Fentanyl_5HT	s_pRII_LK15_150810_LK053_52_047_46_MOR_Kinetic_Fentanyl_5HT	LK15_150810_LK053_52_047_46_MOR_Kinetic_Fentanyl_5HT	LK15_150810_LK053_52_047_46_MOR_Kinetic_Fentanyl_5HT__5_HT_and_Fentanyl01	LK052
pRII_Microscopy	model1_data49	model1_data146	989.425398339465	120	s_pRII_LK15_150810_LK053_52_047_46_MOR_Kinetic_Fentanyl_5HT	s_pRII_LK15_150810_LK053_52_047_46_MOR_Kinetic_Fentanyl_5HT	LK15_150810_LK053_52_047_46_MOR_Kinetic_Fentanyl_5HT	LK15_150810_LK053_52_047_46_MOR_Kinetic_Fentanyl_5HT__5_HT_and_Fentanyl01	LK052
pRII_Microscopy	model1_data49	model1_data146	915.197309723978	0	s_pRII_LK15_150810_LK053_52_047_46_MOR_Kinetic_Fentanyl_5HT	s_pRII_LK15_150810_LK053_52_047_46_MOR_Kinetic_Fentanyl_5HT	LK15_150810_LK053_52_047_46_MOR_Kinetic_Fentanyl_5HT	LK15_150810_LK053_52_047_46_MOR_Kinetic_Fentanyl_5HT__5_HT_and_Fentanyl01	LK053
pRII_Microscopy	model1_data49	model1_data146	1485.06925061595	1	s_pRII_LK15_150810_LK053_52_047_46_MOR_Kinetic_Fentanyl_5HT	s_pRII_LK15_150810_LK053_52_047_46_MOR_Kinetic_Fentanyl_5HT	LK15_150810_LK053_52_047_46_MOR_Kinetic_Fentanyl_5HT	LK15_150810_LK053_52_047_46_MOR_Kinetic_Fentanyl_5HT__5_HT_and_Fentanyl01	LK053
pRII_Microscopy	model1_data49	model1_data146	1086.28948275432	5	s_pRII_LK15_150810_LK053_52_047_46_MOR_Kinetic_Fentanyl_5HT	s_pRII_LK15_150810_LK053_52_047_46_MOR_Kinetic_Fentanyl_5HT	LK15_150810_LK053_52_047_46_MOR_Kinetic_Fentanyl_5HT	LK15_150810_LK053_52_047_46_MOR_Kinetic_Fentanyl_5HT__5_HT_and_Fentanyl01	LK053
pRII_Microscopy	model1_data49	model1_data146	1036.08488823513	15	s_pRII_LK15_150810_LK053_52_047_46_MOR_Kinetic_Fentanyl_5HT	s_pRII_LK15_150810_LK053_52_047_46_MOR_Kinetic_Fentanyl_5HT	LK15_150810_LK053_52_047_46_MOR_Kinetic_Fentanyl_5HT	LK15_150810_LK053_52_047_46_MOR_Kinetic_Fentanyl_5HT__5_HT_and_Fentanyl01	LK053
pRII_Microscopy	model1_data49	model1_data146	992.724237120752	30	s_pRII_LK15_150810_LK053_52_047_46_MOR_Kinetic_Fentanyl_5HT	s_pRII_LK15_150810_LK053_52_047_46_MOR_Kinetic_Fentanyl_5HT	LK15_150810_LK053_52_047_46_MOR_Kinetic_Fentanyl_5HT	LK15_150810_LK053_52_047_46_MOR_Kinetic_Fentanyl_5HT__5_HT_and_Fentanyl01	LK053
pRII_Microscopy	model1_data49	model1_data146	994.633060986937	60	s_pRII_LK15_150810_LK053_52_047_46_MOR_Kinetic_Fentanyl_5HT	s_pRII_LK15_150810_LK053_52_047_46_MOR_Kinetic_Fentanyl_5HT	LK15_150810_LK053_52_047_46_MOR_Kinetic_Fentanyl_5HT	LK15_150810_LK053_52_047_46_MOR_Kinetic_Fentanyl_5HT__5_HT_and_Fentanyl01	LK053
pRII_Microscopy	model1_data49	model1_data146	1041.41337032759	120	s_pRII_LK15_150810_LK053_52_047_46_MOR_Kinetic_Fentanyl_5HT	s_pRII_LK15_150810_LK053_52_047_46_MOR_Kinetic_Fentanyl_5HT	LK15_150810_LK053_52_047_46_MOR_Kinetic_Fentanyl_5HT	LK15_150810_LK053_52_047_46_MOR_Kinetic_Fentanyl_5HT__5_HT_and_Fentanyl01	LK053
pRII_Microscopy	model1_data49	model1_data147	1068.08878979423	0	s_pRII_LK15_150810_LK053_52_047_46_MOR_Kinetic_Fentanyl_5HT	s_pRII_LK15_150810_LK053_52_047_46_MOR_Kinetic_Fentanyl_5HT	LK15_150810_LK053_52_047_46_MOR_Kinetic_Fentanyl_5HT	LK15_150810_LK053_52_047_46_MOR_Kinetic_Fentanyl_5HT__5_HT_and_Fentanyl1	LK047
pRII_Microscopy	model1_data49	model1_data147	1603.4522672641	1	s_pRII_LK15_150810_LK053_52_047_46_MOR_Kinetic_Fentanyl_5HT	s_pRII_LK15_150810_LK053_52_047_46_MOR_Kinetic_Fentanyl_5HT	LK15_150810_LK053_52_047_46_MOR_Kinetic_Fentanyl_5HT	LK15_150810_LK053_52_047_46_MOR_Kinetic_Fentanyl_5HT__5_HT_and_Fentanyl1	LK047
pRII_Microscopy	model1_data49	model1_data147	1153.77214077922	5	s_pRII_LK15_150810_LK053_52_047_46_MOR_Kinetic_Fentanyl_5HT	s_pRII_LK15_150810_LK053_52_047_46_MOR_Kinetic_Fentanyl_5HT	LK15_150810_LK053_52_047_46_MOR_Kinetic_Fentanyl_5HT	LK15_150810_LK053_52_047_46_MOR_Kinetic_Fentanyl_5HT__5_HT_and_Fentanyl1	LK047
pRII_Microscopy	model1_data49	model1_data147	1265.43542869699	15	s_pRII_LK15_150810_LK053_52_047_46_MOR_Kinetic_Fentanyl_5HT	s_pRII_LK15_150810_LK053_52_047_46_MOR_Kinetic_Fentanyl_5HT	LK15_150810_LK053_52_047_46_MOR_Kinetic_Fentanyl_5HT	LK15_150810_LK053_52_047_46_MOR_Kinetic_Fentanyl_5HT__5_HT_and_Fentanyl1	LK047
pRII_Microscopy	model1_data49	model1_data147	1104.69000478611	30	s_pRII_LK15_150810_LK053_52_047_46_MOR_Kinetic_Fentanyl_5HT	s_pRII_LK15_150810_LK053_52_047_46_MOR_Kinetic_Fentanyl_5HT	LK15_150810_LK053_52_047_46_MOR_Kinetic_Fentanyl_5HT	LK15_150810_LK053_52_047_46_MOR_Kinetic_Fentanyl_5HT__5_HT_and_Fentanyl1	LK047
pRII_Microscopy	model1_data49	model1_data147	1142.90710514391	60	s_pRII_LK15_150810_LK053_52_047_46_MOR_Kinetic_Fentanyl_5HT	s_pRII_LK15_150810_LK053_52_047_46_MOR_Kinetic_Fentanyl_5HT	LK15_150810_LK053_52_047_46_MOR_Kinetic_Fentanyl_5HT	LK15_150810_LK053_52_047_46_MOR_Kinetic_Fentanyl_5HT__5_HT_and_Fentanyl1	LK047
pRII_Microscopy	model1_data49	model1_data147	1083.49647724214	120	s_pRII_LK15_150810_LK053_52_047_46_MOR_Kinetic_Fentanyl_5HT	s_pRII_LK15_150810_LK053_52_047_46_MOR_Kinetic_Fentanyl_5HT	LK15_150810_LK053_52_047_46_MOR_Kinetic_Fentanyl_5HT	LK15_150810_LK053_52_047_46_MOR_Kinetic_Fentanyl_5HT__5_HT_and_Fentanyl1	LK047
pRII_Microscopy	model1_data49	model1_data147	950.068706060205	0	s_pRII_LK15_150810_LK053_52_047_46_MOR_Kinetic_Fentanyl_5HT	s_pRII_LK15_150810_LK053_52_047_46_MOR_Kinetic_Fentanyl_5HT	LK15_150810_LK053_52_047_46_MOR_Kinetic_Fentanyl_5HT	LK15_150810_LK053_52_047_46_MOR_Kinetic_Fentanyl_5HT__5_HT_and_Fentanyl1	LK052
pRII_Microscopy	model1_data49	model1_data147	1274.45348013835	1	s_pRII_LK15_150810_LK053_52_047_46_MOR_Kinetic_Fentanyl_5HT	s_pRII_LK15_150810_LK053_52_047_46_MOR_Kinetic_Fentanyl_5HT	LK15_150810_LK053_52_047_46_MOR_Kinetic_Fentanyl_5HT	LK15_150810_LK053_52_047_46_MOR_Kinetic_Fentanyl_5HT__5_HT_and_Fentanyl1	LK052
pRII_Microscopy	model1_data49	model1_data147	1079.68382267787	5	s_pRII_LK15_150810_LK053_52_047_46_MOR_Kinetic_Fentanyl_5HT	s_pRII_LK15_150810_LK053_52_047_46_MOR_Kinetic_Fentanyl_5HT	LK15_150810_LK053_52_047_46_MOR_Kinetic_Fentanyl_5HT	LK15_150810_LK053_52_047_46_MOR_Kinetic_Fentanyl_5HT__5_HT_and_Fentanyl1	LK052
pRII_Microscopy	model1_data49	model1_data147	1139.56034592596	15	s_pRII_LK15_150810_LK053_52_047_46_MOR_Kinetic_Fentanyl_5HT	s_pRII_LK15_150810_LK053_52_047_46_MOR_Kinetic_Fentanyl_5HT	LK15_150810_LK053_52_047_46_MOR_Kinetic_Fentanyl_5HT	LK15_150810_LK053_52_047_46_MOR_Kinetic_Fentanyl_5HT__5_HT_and_Fentanyl1	LK052
pRII_Microscopy	model1_data49	model1_data147	1067.13617008039	30	s_pRII_LK15_150810_LK053_52_047_46_MOR_Kinetic_Fentanyl_5HT	s_pRII_LK15_150810_LK053_52_047_46_MOR_Kinetic_Fentanyl_5HT	LK15_150810_LK053_52_047_46_MOR_Kinetic_Fentanyl_5HT	LK15_150810_LK053_52_047_46_MOR_Kinetic_Fentanyl_5HT__5_HT_and_Fentanyl1	LK052
pRII_Microscopy	model1_data49	model1_data147	1075.70478217336	60	s_pRII_LK15_150810_LK053_52_047_46_MOR_Kinetic_Fentanyl_5HT	s_pRII_LK15_150810_LK053_52_047_46_MOR_Kinetic_Fentanyl_5HT	LK15_150810_LK053_52_047_46_MOR_Kinetic_Fentanyl_5HT	LK15_150810_LK053_52_047_46_MOR_Kinetic_Fentanyl_5HT__5_HT_and_Fentanyl1	LK052
pRII_Microscopy	model1_data49	model1_data147	975.567603150644	120	s_pRII_LK15_150810_LK053_52_047_46_MOR_Kinetic_Fentanyl_5HT	s_pRII_LK15_150810_LK053_52_047_46_MOR_Kinetic_Fentanyl_5HT	LK15_150810_LK053_52_047_46_MOR_Kinetic_Fentanyl_5HT	LK15_150810_LK053_52_047_46_MOR_Kinetic_Fentanyl_5HT__5_HT_and_Fentanyl1	LK052
pRII_Microscopy	model1_data49	model1_data147	951.516595895298	0	s_pRII_LK15_150810_LK053_52_047_46_MOR_Kinetic_Fentanyl_5HT	s_pRII_LK15_150810_LK053_52_047_46_MOR_Kinetic_Fentanyl_5HT	LK15_150810_LK053_52_047_46_MOR_Kinetic_Fentanyl_5HT	LK15_150810_LK053_52_047_46_MOR_Kinetic_Fentanyl_5HT__5_HT_and_Fentanyl1	LK053
pRII_Microscopy	model1_data49	model1_data147	1330.03332884158	1	s_pRII_LK15_150810_LK053_52_047_46_MOR_Kinetic_Fentanyl_5HT	s_pRII_LK15_150810_LK053_52_047_46_MOR_Kinetic_Fentanyl_5HT	LK15_150810_LK053_52_047_46_MOR_Kinetic_Fentanyl_5HT	LK15_150810_LK053_52_047_46_MOR_Kinetic_Fentanyl_5HT__5_HT_and_Fentanyl1	LK053
pRII_Microscopy	model1_data49	model1_data147	1003.94700209248	5	s_pRII_LK15_150810_LK053_52_047_46_MOR_Kinetic_Fentanyl_5HT	s_pRII_LK15_150810_LK053_52_047_46_MOR_Kinetic_Fentanyl_5HT	LK15_150810_LK053_52_047_46_MOR_Kinetic_Fentanyl_5HT	LK15_150810_LK053_52_047_46_MOR_Kinetic_Fentanyl_5HT__5_HT_and_Fentanyl1	LK053
pRII_Microscopy	model1_data49	model1_data147	1049.06833617413	15	s_pRII_LK15_150810_LK053_52_047_46_MOR_Kinetic_Fentanyl_5HT	s_pRII_LK15_150810_LK053_52_047_46_MOR_Kinetic_Fentanyl_5HT	LK15_150810_LK053_52_047_46_MOR_Kinetic_Fentanyl_5HT	LK15_150810_LK053_52_047_46_MOR_Kinetic_Fentanyl_5HT__5_HT_and_Fentanyl1	LK053
pRII_Microscopy	model1_data49	model1_data147	990.718852977702	30	s_pRII_LK15_150810_LK053_52_047_46_MOR_Kinetic_Fentanyl_5HT	s_pRII_LK15_150810_LK053_52_047_46_MOR_Kinetic_Fentanyl_5HT	LK15_150810_LK053_52_047_46_MOR_Kinetic_Fentanyl_5HT	LK15_150810_LK053_52_047_46_MOR_Kinetic_Fentanyl_5HT__5_HT_and_Fentanyl1	LK053
pRII_Microscopy	model1_data49	model1_data147	1002.20626996083	60	s_pRII_LK15_150810_LK053_52_047_46_MOR_Kinetic_Fentanyl_5HT	s_pRII_LK15_150810_LK053_52_047_46_MOR_Kinetic_Fentanyl_5HT	LK15_150810_LK053_52_047_46_MOR_Kinetic_Fentanyl_5HT	LK15_150810_LK053_52_047_46_MOR_Kinetic_Fentanyl_5HT__5_HT_and_Fentanyl1	LK053
pRII_Microscopy	model1_data49	model1_data147	981.025242659601	120	s_pRII_LK15_150810_LK053_52_047_46_MOR_Kinetic_Fentanyl_5HT	s_pRII_LK15_150810_LK053_52_047_46_MOR_Kinetic_Fentanyl_5HT	LK15_150810_LK053_52_047_46_MOR_Kinetic_Fentanyl_5HT	LK15_150810_LK053_52_047_46_MOR_Kinetic_Fentanyl_5HT__5_HT_and_Fentanyl1	LK053
pRII_Microscopy	model1_data49	model1_data148	1065.24994531252	0	s_pRII_LK15_150810_LK053_52_047_46_MOR_Kinetic_Fentanyl_5HT	s_pRII_LK15_150810_LK053_52_047_46_MOR_Kinetic_Fentanyl_5HT	LK15_150810_LK053_52_047_46_MOR_Kinetic_Fentanyl_5HT	LK15_150810_LK053_52_047_46_MOR_Kinetic_Fentanyl_5HT__5_HT_and_Fentanyl10	LK047
pRII_Microscopy	model1_data49	model1_data148	1244.95708017621	1	s_pRII_LK15_150810_LK053_52_047_46_MOR_Kinetic_Fentanyl_5HT	s_pRII_LK15_150810_LK053_52_047_46_MOR_Kinetic_Fentanyl_5HT	LK15_150810_LK053_52_047_46_MOR_Kinetic_Fentanyl_5HT	LK15_150810_LK053_52_047_46_MOR_Kinetic_Fentanyl_5HT__5_HT_and_Fentanyl10	LK047
pRII_Microscopy	model1_data49	model1_data148	1158.79821102059	5	s_pRII_LK15_150810_LK053_52_047_46_MOR_Kinetic_Fentanyl_5HT	s_pRII_LK15_150810_LK053_52_047_46_MOR_Kinetic_Fentanyl_5HT	LK15_150810_LK053_52_047_46_MOR_Kinetic_Fentanyl_5HT	LK15_150810_LK053_52_047_46_MOR_Kinetic_Fentanyl_5HT__5_HT_and_Fentanyl10	LK047
pRII_Microscopy	model1_data49	model1_data148	1150.13174276144	15	s_pRII_LK15_150810_LK053_52_047_46_MOR_Kinetic_Fentanyl_5HT	s_pRII_LK15_150810_LK053_52_047_46_MOR_Kinetic_Fentanyl_5HT	LK15_150810_LK053_52_047_46_MOR_Kinetic_Fentanyl_5HT	LK15_150810_LK053_52_047_46_MOR_Kinetic_Fentanyl_5HT__5_HT_and_Fentanyl10	LK047
pRII_Microscopy	model1_data49	model1_data148	1120.85676881779	30	s_pRII_LK15_150810_LK053_52_047_46_MOR_Kinetic_Fentanyl_5HT	s_pRII_LK15_150810_LK053_52_047_46_MOR_Kinetic_Fentanyl_5HT	LK15_150810_LK053_52_047_46_MOR_Kinetic_Fentanyl_5HT	LK15_150810_LK053_52_047_46_MOR_Kinetic_Fentanyl_5HT__5_HT_and_Fentanyl10	LK047
pRII_Microscopy	model1_data49	model1_data148	1071.55315959499	60	s_pRII_LK15_150810_LK053_52_047_46_MOR_Kinetic_Fentanyl_5HT	s_pRII_LK15_150810_LK053_52_047_46_MOR_Kinetic_Fentanyl_5HT	LK15_150810_LK053_52_047_46_MOR_Kinetic_Fentanyl_5HT	LK15_150810_LK053_52_047_46_MOR_Kinetic_Fentanyl_5HT__5_HT_and_Fentanyl10	LK047
pRII_Microscopy	model1_data49	model1_data148	1065.76934353236	120	s_pRII_LK15_150810_LK053_52_047_46_MOR_Kinetic_Fentanyl_5HT	s_pRII_LK15_150810_LK053_52_047_46_MOR_Kinetic_Fentanyl_5HT	LK15_150810_LK053_52_047_46_MOR_Kinetic_Fentanyl_5HT	LK15_150810_LK053_52_047_46_MOR_Kinetic_Fentanyl_5HT__5_HT_and_Fentanyl10	LK047
pRII_Microscopy	model1_data49	model1_data148	919.148386573523	0	s_pRII_LK15_150810_LK053_52_047_46_MOR_Kinetic_Fentanyl_5HT	s_pRII_LK15_150810_LK053_52_047_46_MOR_Kinetic_Fentanyl_5HT	LK15_150810_LK053_52_047_46_MOR_Kinetic_Fentanyl_5HT	LK15_150810_LK053_52_047_46_MOR_Kinetic_Fentanyl_5HT__5_HT_and_Fentanyl10	LK052
pRII_Microscopy	model1_data49	model1_data148	1236.42435063091	1	s_pRII_LK15_150810_LK053_52_047_46_MOR_Kinetic_Fentanyl_5HT	s_pRII_LK15_150810_LK053_52_047_46_MOR_Kinetic_Fentanyl_5HT	LK15_150810_LK053_52_047_46_MOR_Kinetic_Fentanyl_5HT	LK15_150810_LK053_52_047_46_MOR_Kinetic_Fentanyl_5HT__5_HT_and_Fentanyl10	LK052
pRII_Microscopy	model1_data49	model1_data148	1007.29400117925	5	s_pRII_LK15_150810_LK053_52_047_46_MOR_Kinetic_Fentanyl_5HT	s_pRII_LK15_150810_LK053_52_047_46_MOR_Kinetic_Fentanyl_5HT	LK15_150810_LK053_52_047_46_MOR_Kinetic_Fentanyl_5HT	LK15_150810_LK053_52_047_46_MOR_Kinetic_Fentanyl_5HT__5_HT_and_Fentanyl10	LK052
pRII_Microscopy	model1_data49	model1_data148	1048.61072841823	15	s_pRII_LK15_150810_LK053_52_047_46_MOR_Kinetic_Fentanyl_5HT	s_pRII_LK15_150810_LK053_52_047_46_MOR_Kinetic_Fentanyl_5HT	LK15_150810_LK053_52_047_46_MOR_Kinetic_Fentanyl_5HT	LK15_150810_LK053_52_047_46_MOR_Kinetic_Fentanyl_5HT__5_HT_and_Fentanyl10	LK052
pRII_Microscopy	model1_data49	model1_data148	994.221956968215	30	s_pRII_LK15_150810_LK053_52_047_46_MOR_Kinetic_Fentanyl_5HT	s_pRII_LK15_150810_LK053_52_047_46_MOR_Kinetic_Fentanyl_5HT	LK15_150810_LK053_52_047_46_MOR_Kinetic_Fentanyl_5HT	LK15_150810_LK053_52_047_46_MOR_Kinetic_Fentanyl_5HT__5_HT_and_Fentanyl10	LK052
pRII_Microscopy	model1_data49	model1_data148	1001.95608603499	60	s_pRII_LK15_150810_LK053_52_047_46_MOR_Kinetic_Fentanyl_5HT	s_pRII_LK15_150810_LK053_52_047_46_MOR_Kinetic_Fentanyl_5HT	LK15_150810_LK053_52_047_46_MOR_Kinetic_Fentanyl_5HT	LK15_150810_LK053_52_047_46_MOR_Kinetic_Fentanyl_5HT__5_HT_and_Fentanyl10	LK052
pRII_Microscopy	model1_data49	model1_data148	980.291432907348	120	s_pRII_LK15_150810_LK053_52_047_46_MOR_Kinetic_Fentanyl_5HT	s_pRII_LK15_150810_LK053_52_047_46_MOR_Kinetic_Fentanyl_5HT	LK15_150810_LK053_52_047_46_MOR_Kinetic_Fentanyl_5HT	LK15_150810_LK053_52_047_46_MOR_Kinetic_Fentanyl_5HT__5_HT_and_Fentanyl10	LK052
pRII_Microscopy	model1_data49	model1_data148	916.285123288817	0	s_pRII_LK15_150810_LK053_52_047_46_MOR_Kinetic_Fentanyl_5HT	s_pRII_LK15_150810_LK053_52_047_46_MOR_Kinetic_Fentanyl_5HT	LK15_150810_LK053_52_047_46_MOR_Kinetic_Fentanyl_5HT	LK15_150810_LK053_52_047_46_MOR_Kinetic_Fentanyl_5HT__5_HT_and_Fentanyl10	LK053
pRII_Microscopy	model1_data49	model1_data148	1128.74927899401	1	s_pRII_LK15_150810_LK053_52_047_46_MOR_Kinetic_Fentanyl_5HT	s_pRII_LK15_150810_LK053_52_047_46_MOR_Kinetic_Fentanyl_5HT	LK15_150810_LK053_52_047_46_MOR_Kinetic_Fentanyl_5HT	LK15_150810_LK053_52_047_46_MOR_Kinetic_Fentanyl_5HT__5_HT_and_Fentanyl10	LK053
pRII_Microscopy	model1_data49	model1_data148	994.630796556129	5	s_pRII_LK15_150810_LK053_52_047_46_MOR_Kinetic_Fentanyl_5HT	s_pRII_LK15_150810_LK053_52_047_46_MOR_Kinetic_Fentanyl_5HT	LK15_150810_LK053_52_047_46_MOR_Kinetic_Fentanyl_5HT	LK15_150810_LK053_52_047_46_MOR_Kinetic_Fentanyl_5HT__5_HT_and_Fentanyl10	LK053
pRII_Microscopy	model1_data49	model1_data148	990.351287287449	15	s_pRII_LK15_150810_LK053_52_047_46_MOR_Kinetic_Fentanyl_5HT	s_pRII_LK15_150810_LK053_52_047_46_MOR_Kinetic_Fentanyl_5HT	LK15_150810_LK053_52_047_46_MOR_Kinetic_Fentanyl_5HT	LK15_150810_LK053_52_047_46_MOR_Kinetic_Fentanyl_5HT__5_HT_and_Fentanyl10	LK053
pRII_Microscopy	model1_data49	model1_data148	983.134325983956	30	s_pRII_LK15_150810_LK053_52_047_46_MOR_Kinetic_Fentanyl_5HT	s_pRII_LK15_150810_LK053_52_047_46_MOR_Kinetic_Fentanyl_5HT	LK15_150810_LK053_52_047_46_MOR_Kinetic_Fentanyl_5HT	LK15_150810_LK053_52_047_46_MOR_Kinetic_Fentanyl_5HT__5_HT_and_Fentanyl10	LK053
pRII_Microscopy	model1_data49	model1_data148	1011.98734607841	60	s_pRII_LK15_150810_LK053_52_047_46_MOR_Kinetic_Fentanyl_5HT	s_pRII_LK15_150810_LK053_52_047_46_MOR_Kinetic_Fentanyl_5HT	LK15_150810_LK053_52_047_46_MOR_Kinetic_Fentanyl_5HT	LK15_150810_LK053_52_047_46_MOR_Kinetic_Fentanyl_5HT__5_HT_and_Fentanyl10	LK053
pRII_Microscopy	model1_data49	model1_data148	940.522497584494	120	s_pRII_LK15_150810_LK053_52_047_46_MOR_Kinetic_Fentanyl_5HT	s_pRII_LK15_150810_LK053_52_047_46_MOR_Kinetic_Fentanyl_5HT	LK15_150810_LK053_52_047_46_MOR_Kinetic_Fentanyl_5HT	LK15_150810_LK053_52_047_46_MOR_Kinetic_Fentanyl_5HT__5_HT_and_Fentanyl10	LK053
pRII_Microscopy	model1_data49	model1_data149	1055.6683018649	0	s_pRII_LK15_150810_LK053_52_047_46_MOR_Kinetic_Fentanyl_5HT	s_pRII_LK15_150810_LK053_52_047_46_MOR_Kinetic_Fentanyl_5HT	LK15_150810_LK053_52_047_46_MOR_Kinetic_Fentanyl_5HT	LK15_150810_LK053_52_047_46_MOR_Kinetic_Fentanyl_5HT__Fentanyl10	LK047
pRII_Microscopy	model1_data49	model1_data149	1023.06867616222	1	s_pRII_LK15_150810_LK053_52_047_46_MOR_Kinetic_Fentanyl_5HT	s_pRII_LK15_150810_LK053_52_047_46_MOR_Kinetic_Fentanyl_5HT	LK15_150810_LK053_52_047_46_MOR_Kinetic_Fentanyl_5HT	LK15_150810_LK053_52_047_46_MOR_Kinetic_Fentanyl_5HT__Fentanyl10	LK047
pRII_Microscopy	model1_data49	model1_data149	941.778975557837	5	s_pRII_LK15_150810_LK053_52_047_46_MOR_Kinetic_Fentanyl_5HT	s_pRII_LK15_150810_LK053_52_047_46_MOR_Kinetic_Fentanyl_5HT	LK15_150810_LK053_52_047_46_MOR_Kinetic_Fentanyl_5HT	LK15_150810_LK053_52_047_46_MOR_Kinetic_Fentanyl_5HT__Fentanyl10	LK047
pRII_Microscopy	model1_data49	model1_data149	1023.44403384592	15	s_pRII_LK15_150810_LK053_52_047_46_MOR_Kinetic_Fentanyl_5HT	s_pRII_LK15_150810_LK053_52_047_46_MOR_Kinetic_Fentanyl_5HT	LK15_150810_LK053_52_047_46_MOR_Kinetic_Fentanyl_5HT	LK15_150810_LK053_52_047_46_MOR_Kinetic_Fentanyl_5HT__Fentanyl10	LK047
pRII_Microscopy	model1_data49	model1_data149	975.102280661234	30	s_pRII_LK15_150810_LK053_52_047_46_MOR_Kinetic_Fentanyl_5HT	s_pRII_LK15_150810_LK053_52_047_46_MOR_Kinetic_Fentanyl_5HT	LK15_150810_LK053_52_047_46_MOR_Kinetic_Fentanyl_5HT	LK15_150810_LK053_52_047_46_MOR_Kinetic_Fentanyl_5HT__Fentanyl10	LK047
pRII_Microscopy	model1_data49	model1_data149	936.580456918523	60	s_pRII_LK15_150810_LK053_52_047_46_MOR_Kinetic_Fentanyl_5HT	s_pRII_LK15_150810_LK053_52_047_46_MOR_Kinetic_Fentanyl_5HT	LK15_150810_LK053_52_047_46_MOR_Kinetic_Fentanyl_5HT	LK15_150810_LK053_52_047_46_MOR_Kinetic_Fentanyl_5HT__Fentanyl10	LK047
pRII_Microscopy	model1_data49	model1_data149	979.806512364966	120	s_pRII_LK15_150810_LK053_52_047_46_MOR_Kinetic_Fentanyl_5HT	s_pRII_LK15_150810_LK053_52_047_46_MOR_Kinetic_Fentanyl_5HT	LK15_150810_LK053_52_047_46_MOR_Kinetic_Fentanyl_5HT	LK15_150810_LK053_52_047_46_MOR_Kinetic_Fentanyl_5HT__Fentanyl10	LK047
pRII_Microscopy	model1_data49	model1_data149	1000.09716324158	0	s_pRII_LK15_150810_LK053_52_047_46_MOR_Kinetic_Fentanyl_5HT	s_pRII_LK15_150810_LK053_52_047_46_MOR_Kinetic_Fentanyl_5HT	LK15_150810_LK053_52_047_46_MOR_Kinetic_Fentanyl_5HT	LK15_150810_LK053_52_047_46_MOR_Kinetic_Fentanyl_5HT__Fentanyl10	LK052
pRII_Microscopy	model1_data49	model1_data149	988.480081910507	1	s_pRII_LK15_150810_LK053_52_047_46_MOR_Kinetic_Fentanyl_5HT	s_pRII_LK15_150810_LK053_52_047_46_MOR_Kinetic_Fentanyl_5HT	LK15_150810_LK053_52_047_46_MOR_Kinetic_Fentanyl_5HT	LK15_150810_LK053_52_047_46_MOR_Kinetic_Fentanyl_5HT__Fentanyl10	LK052
pRII_Microscopy	model1_data49	model1_data149	966.715527719432	5	s_pRII_LK15_150810_LK053_52_047_46_MOR_Kinetic_Fentanyl_5HT	s_pRII_LK15_150810_LK053_52_047_46_MOR_Kinetic_Fentanyl_5HT	LK15_150810_LK053_52_047_46_MOR_Kinetic_Fentanyl_5HT	LK15_150810_LK053_52_047_46_MOR_Kinetic_Fentanyl_5HT__Fentanyl10	LK052
pRII_Microscopy	model1_data49	model1_data149	967.150595249186	15	s_pRII_LK15_150810_LK053_52_047_46_MOR_Kinetic_Fentanyl_5HT	s_pRII_LK15_150810_LK053_52_047_46_MOR_Kinetic_Fentanyl_5HT	LK15_150810_LK053_52_047_46_MOR_Kinetic_Fentanyl_5HT	LK15_150810_LK053_52_047_46_MOR_Kinetic_Fentanyl_5HT__Fentanyl10	LK052
pRII_Microscopy	model1_data49	model1_data149	964.339278413841	30	s_pRII_LK15_150810_LK053_52_047_46_MOR_Kinetic_Fentanyl_5HT	s_pRII_LK15_150810_LK053_52_047_46_MOR_Kinetic_Fentanyl_5HT	LK15_150810_LK053_52_047_46_MOR_Kinetic_Fentanyl_5HT	LK15_150810_LK053_52_047_46_MOR_Kinetic_Fentanyl_5HT__Fentanyl10	LK052
pRII_Microscopy	model1_data49	model1_data149	947.105516042417	60	s_pRII_LK15_150810_LK053_52_047_46_MOR_Kinetic_Fentanyl_5HT	s_pRII_LK15_150810_LK053_52_047_46_MOR_Kinetic_Fentanyl_5HT	LK15_150810_LK053_52_047_46_MOR_Kinetic_Fentanyl_5HT	LK15_150810_LK053_52_047_46_MOR_Kinetic_Fentanyl_5HT__Fentanyl10	LK052
pRII_Microscopy	model1_data49	model1_data149	942.742916893993	120	s_pRII_LK15_150810_LK053_52_047_46_MOR_Kinetic_Fentanyl_5HT	s_pRII_LK15_150810_LK053_52_047_46_MOR_Kinetic_Fentanyl_5HT	LK15_150810_LK053_52_047_46_MOR_Kinetic_Fentanyl_5HT	LK15_150810_LK053_52_047_46_MOR_Kinetic_Fentanyl_5HT__Fentanyl10	LK052
pRII_Microscopy	model1_data49	model1_data150	1036.46075453333	0	s_pRII_LK020_18_LK014_12_MOR_Kinetik_DAMGO_5HT	s_pRII_LK020_18_LK014_12_MOR_Kinetik_DAMGO_5HT	LK020_18_LK014_12_MOR_Kinetik_DAMGO_5HT	LK020_18_LK014_12_MOR_Kinetik_DAMGO_5HT___ctrl	Ex012
pRII_Microscopy	model1_data49	model1_data150	955.888787903549	1	s_pRII_LK020_18_LK014_12_MOR_Kinetik_DAMGO_5HT	s_pRII_LK020_18_LK014_12_MOR_Kinetik_DAMGO_5HT	LK020_18_LK014_12_MOR_Kinetik_DAMGO_5HT	LK020_18_LK014_12_MOR_Kinetik_DAMGO_5HT___ctrl	Ex012
pRII_Microscopy	model1_data49	model1_data150	971.623226435608	5	s_pRII_LK020_18_LK014_12_MOR_Kinetik_DAMGO_5HT	s_pRII_LK020_18_LK014_12_MOR_Kinetik_DAMGO_5HT	LK020_18_LK014_12_MOR_Kinetik_DAMGO_5HT	LK020_18_LK014_12_MOR_Kinetik_DAMGO_5HT___ctrl	Ex012
pRII_Microscopy	model1_data49	model1_data150	990.078089137567	15	s_pRII_LK020_18_LK014_12_MOR_Kinetik_DAMGO_5HT	s_pRII_LK020_18_LK014_12_MOR_Kinetik_DAMGO_5HT	LK020_18_LK014_12_MOR_Kinetik_DAMGO_5HT	LK020_18_LK014_12_MOR_Kinetik_DAMGO_5HT___ctrl	Ex012
pRII_Microscopy	model1_data49	model1_data150	1029.08877166947	30	s_pRII_LK020_18_LK014_12_MOR_Kinetik_DAMGO_5HT	s_pRII_LK020_18_LK014_12_MOR_Kinetik_DAMGO_5HT	LK020_18_LK014_12_MOR_Kinetik_DAMGO_5HT	LK020_18_LK014_12_MOR_Kinetik_DAMGO_5HT___ctrl	Ex012
pRII_Microscopy	model1_data49	model1_data150	1077.20671335508	60	s_pRII_LK020_18_LK014_12_MOR_Kinetik_DAMGO_5HT	s_pRII_LK020_18_LK014_12_MOR_Kinetik_DAMGO_5HT	LK020_18_LK014_12_MOR_Kinetik_DAMGO_5HT	LK020_18_LK014_12_MOR_Kinetik_DAMGO_5HT___ctrl	Ex012
pRII_Microscopy	model1_data49	model1_data150	945.646583460109	120	s_pRII_LK020_18_LK014_12_MOR_Kinetik_DAMGO_5HT	s_pRII_LK020_18_LK014_12_MOR_Kinetik_DAMGO_5HT	LK020_18_LK014_12_MOR_Kinetik_DAMGO_5HT	LK020_18_LK014_12_MOR_Kinetik_DAMGO_5HT___ctrl	Ex012
pRII_Microscopy	model1_data49	model1_data150	967.157021977449	0	s_pRII_LK020_18_LK014_12_MOR_Kinetik_DAMGO_5HT	s_pRII_LK020_18_LK014_12_MOR_Kinetik_DAMGO_5HT	LK020_18_LK014_12_MOR_Kinetik_DAMGO_5HT	LK020_18_LK014_12_MOR_Kinetik_DAMGO_5HT___ctrl	Ex013
pRII_Microscopy	model1_data49	model1_data150	1033.86555837254	1	s_pRII_LK020_18_LK014_12_MOR_Kinetik_DAMGO_5HT	s_pRII_LK020_18_LK014_12_MOR_Kinetik_DAMGO_5HT	LK020_18_LK014_12_MOR_Kinetik_DAMGO_5HT	LK020_18_LK014_12_MOR_Kinetik_DAMGO_5HT___ctrl	Ex013
pRII_Microscopy	model1_data49	model1_data150	1024.20720711084	5	s_pRII_LK020_18_LK014_12_MOR_Kinetik_DAMGO_5HT	s_pRII_LK020_18_LK014_12_MOR_Kinetik_DAMGO_5HT	LK020_18_LK014_12_MOR_Kinetik_DAMGO_5HT	LK020_18_LK014_12_MOR_Kinetik_DAMGO_5HT___ctrl	Ex013
pRII_Microscopy	model1_data49	model1_data150	965.149854670628	15	s_pRII_LK020_18_LK014_12_MOR_Kinetik_DAMGO_5HT	s_pRII_LK020_18_LK014_12_MOR_Kinetik_DAMGO_5HT	LK020_18_LK014_12_MOR_Kinetik_DAMGO_5HT	LK020_18_LK014_12_MOR_Kinetik_DAMGO_5HT___ctrl	Ex013
pRII_Microscopy	model1_data49	model1_data150	1052.02022499818	30	s_pRII_LK020_18_LK014_12_MOR_Kinetik_DAMGO_5HT	s_pRII_LK020_18_LK014_12_MOR_Kinetik_DAMGO_5HT	LK020_18_LK014_12_MOR_Kinetik_DAMGO_5HT	LK020_18_LK014_12_MOR_Kinetik_DAMGO_5HT___ctrl	Ex013
pRII_Microscopy	model1_data49	model1_data150	983.664069499541	60	s_pRII_LK020_18_LK014_12_MOR_Kinetik_DAMGO_5HT	s_pRII_LK020_18_LK014_12_MOR_Kinetik_DAMGO_5HT	LK020_18_LK014_12_MOR_Kinetik_DAMGO_5HT	LK020_18_LK014_12_MOR_Kinetik_DAMGO_5HT___ctrl	Ex013
pRII_Microscopy	model1_data49	model1_data150	958.64747198048	120	s_pRII_LK020_18_LK014_12_MOR_Kinetik_DAMGO_5HT	s_pRII_LK020_18_LK014_12_MOR_Kinetik_DAMGO_5HT	LK020_18_LK014_12_MOR_Kinetik_DAMGO_5HT	LK020_18_LK014_12_MOR_Kinetik_DAMGO_5HT___ctrl	Ex013
pRII_Microscopy	model1_data49	model1_data150	1022.21167721352	0	s_pRII_LK020_18_LK014_12_MOR_Kinetik_DAMGO_5HT	s_pRII_LK020_18_LK014_12_MOR_Kinetik_DAMGO_5HT	LK020_18_LK014_12_MOR_Kinetik_DAMGO_5HT	LK020_18_LK014_12_MOR_Kinetik_DAMGO_5HT___ctrl	Ex014
pRII_Microscopy	model1_data49	model1_data150	999.100069599554	1	s_pRII_LK020_18_LK014_12_MOR_Kinetik_DAMGO_5HT	s_pRII_LK020_18_LK014_12_MOR_Kinetik_DAMGO_5HT	LK020_18_LK014_12_MOR_Kinetik_DAMGO_5HT	LK020_18_LK014_12_MOR_Kinetik_DAMGO_5HT___ctrl	Ex014
pRII_Microscopy	model1_data49	model1_data150	1013.64867207333	5	s_pRII_LK020_18_LK014_12_MOR_Kinetik_DAMGO_5HT	s_pRII_LK020_18_LK014_12_MOR_Kinetik_DAMGO_5HT	LK020_18_LK014_12_MOR_Kinetik_DAMGO_5HT	LK020_18_LK014_12_MOR_Kinetik_DAMGO_5HT___ctrl	Ex014
pRII_Microscopy	model1_data49	model1_data150	996.179167881157	15	s_pRII_LK020_18_LK014_12_MOR_Kinetik_DAMGO_5HT	s_pRII_LK020_18_LK014_12_MOR_Kinetik_DAMGO_5HT	LK020_18_LK014_12_MOR_Kinetik_DAMGO_5HT	LK020_18_LK014_12_MOR_Kinetik_DAMGO_5HT___ctrl	Ex014
pRII_Microscopy	model1_data49	model1_data150	981.290186527838	30	s_pRII_LK020_18_LK014_12_MOR_Kinetik_DAMGO_5HT	s_pRII_LK020_18_LK014_12_MOR_Kinetik_DAMGO_5HT	LK020_18_LK014_12_MOR_Kinetik_DAMGO_5HT	LK020_18_LK014_12_MOR_Kinetik_DAMGO_5HT___ctrl	Ex014
pRII_Microscopy	model1_data49	model1_data150	977.756383308992	60	s_pRII_LK020_18_LK014_12_MOR_Kinetik_DAMGO_5HT	s_pRII_LK020_18_LK014_12_MOR_Kinetik_DAMGO_5HT	LK020_18_LK014_12_MOR_Kinetik_DAMGO_5HT	LK020_18_LK014_12_MOR_Kinetik_DAMGO_5HT___ctrl	Ex014
pRII_Microscopy	model1_data49	model1_data150	1008.09083735238	120	s_pRII_LK020_18_LK014_12_MOR_Kinetik_DAMGO_5HT	s_pRII_LK020_18_LK014_12_MOR_Kinetik_DAMGO_5HT	LK020_18_LK014_12_MOR_Kinetik_DAMGO_5HT	LK020_18_LK014_12_MOR_Kinetik_DAMGO_5HT___ctrl	Ex014
pRII_Microscopy	model1_data49	model1_data150	998.686536571999	0	s_pRII_LK020_18_LK014_12_MOR_Kinetik_DAMGO_5HT	s_pRII_LK020_18_LK014_12_MOR_Kinetik_DAMGO_5HT	LK020_18_LK014_12_MOR_Kinetik_DAMGO_5HT	LK020_18_LK014_12_MOR_Kinetik_DAMGO_5HT___ctrl	LK018
pRII_Microscopy	model1_data49	model1_data150	1005.41995258542	1	s_pRII_LK020_18_LK014_12_MOR_Kinetik_DAMGO_5HT	s_pRII_LK020_18_LK014_12_MOR_Kinetik_DAMGO_5HT	LK020_18_LK014_12_MOR_Kinetik_DAMGO_5HT	LK020_18_LK014_12_MOR_Kinetik_DAMGO_5HT___ctrl	LK018
pRII_Microscopy	model1_data49	model1_data150	1018.70023011766	5	s_pRII_LK020_18_LK014_12_MOR_Kinetik_DAMGO_5HT	s_pRII_LK020_18_LK014_12_MOR_Kinetik_DAMGO_5HT	LK020_18_LK014_12_MOR_Kinetik_DAMGO_5HT	LK020_18_LK014_12_MOR_Kinetik_DAMGO_5HT___ctrl	LK018
pRII_Microscopy	model1_data49	model1_data150	953.145642655897	15	s_pRII_LK020_18_LK014_12_MOR_Kinetik_DAMGO_5HT	s_pRII_LK020_18_LK014_12_MOR_Kinetik_DAMGO_5HT	LK020_18_LK014_12_MOR_Kinetik_DAMGO_5HT	LK020_18_LK014_12_MOR_Kinetik_DAMGO_5HT___ctrl	LK018
pRII_Microscopy	model1_data49	model1_data150	978.823222372168	30	s_pRII_LK020_18_LK014_12_MOR_Kinetik_DAMGO_5HT	s_pRII_LK020_18_LK014_12_MOR_Kinetik_DAMGO_5HT	LK020_18_LK014_12_MOR_Kinetik_DAMGO_5HT	LK020_18_LK014_12_MOR_Kinetik_DAMGO_5HT___ctrl	LK018
pRII_Microscopy	model1_data49	model1_data150	979.960831107939	60	s_pRII_LK020_18_LK014_12_MOR_Kinetik_DAMGO_5HT	s_pRII_LK020_18_LK014_12_MOR_Kinetik_DAMGO_5HT	LK020_18_LK014_12_MOR_Kinetik_DAMGO_5HT	LK020_18_LK014_12_MOR_Kinetik_DAMGO_5HT___ctrl	LK018
pRII_Microscopy	model1_data49	model1_data150	1057.60741303864	120	s_pRII_LK020_18_LK014_12_MOR_Kinetik_DAMGO_5HT	s_pRII_LK020_18_LK014_12_MOR_Kinetik_DAMGO_5HT	LK020_18_LK014_12_MOR_Kinetik_DAMGO_5HT	LK020_18_LK014_12_MOR_Kinetik_DAMGO_5HT___ctrl	LK018
pRII_Microscopy	model1_data49	model1_data150	1012.25499747087	0	s_pRII_LK020_18_LK014_12_MOR_Kinetik_DAMGO_5HT	s_pRII_LK020_18_LK014_12_MOR_Kinetik_DAMGO_5HT	LK020_18_LK014_12_MOR_Kinetik_DAMGO_5HT	LK020_18_LK014_12_MOR_Kinetik_DAMGO_5HT___ctrl	LK019
pRII_Microscopy	model1_data49	model1_data150	1014.35829014115	1	s_pRII_LK020_18_LK014_12_MOR_Kinetik_DAMGO_5HT	s_pRII_LK020_18_LK014_12_MOR_Kinetik_DAMGO_5HT	LK020_18_LK014_12_MOR_Kinetik_DAMGO_5HT	LK020_18_LK014_12_MOR_Kinetik_DAMGO_5HT___ctrl	LK019
pRII_Microscopy	model1_data49	model1_data150	1020.72476340117	5	s_pRII_LK020_18_LK014_12_MOR_Kinetik_DAMGO_5HT	s_pRII_LK020_18_LK014_12_MOR_Kinetik_DAMGO_5HT	LK020_18_LK014_12_MOR_Kinetik_DAMGO_5HT	LK020_18_LK014_12_MOR_Kinetik_DAMGO_5HT___ctrl	LK019
pRII_Microscopy	model1_data49	model1_data150	1000.65523150464	15	s_pRII_LK020_18_LK014_12_MOR_Kinetik_DAMGO_5HT	s_pRII_LK020_18_LK014_12_MOR_Kinetik_DAMGO_5HT	LK020_18_LK014_12_MOR_Kinetik_DAMGO_5HT	LK020_18_LK014_12_MOR_Kinetik_DAMGO_5HT___ctrl	LK019
pRII_Microscopy	model1_data49	model1_data150	1001.65194515248	30	s_pRII_LK020_18_LK014_12_MOR_Kinetik_DAMGO_5HT	s_pRII_LK020_18_LK014_12_MOR_Kinetik_DAMGO_5HT	LK020_18_LK014_12_MOR_Kinetik_DAMGO_5HT	LK020_18_LK014_12_MOR_Kinetik_DAMGO_5HT___ctrl	LK019
pRII_Microscopy	model1_data49	model1_data150	943.916649819783	60	s_pRII_LK020_18_LK014_12_MOR_Kinetik_DAMGO_5HT	s_pRII_LK020_18_LK014_12_MOR_Kinetik_DAMGO_5HT	LK020_18_LK014_12_MOR_Kinetik_DAMGO_5HT	LK020_18_LK014_12_MOR_Kinetik_DAMGO_5HT___ctrl	LK019
pRII_Microscopy	model1_data49	model1_data150	1000.97851958513	120	s_pRII_LK020_18_LK014_12_MOR_Kinetik_DAMGO_5HT	s_pRII_LK020_18_LK014_12_MOR_Kinetik_DAMGO_5HT	LK020_18_LK014_12_MOR_Kinetik_DAMGO_5HT	LK020_18_LK014_12_MOR_Kinetik_DAMGO_5HT___ctrl	LK019
pRII_Microscopy	model1_data49	model1_data150	996.668172943793	0	s_pRII_LK020_18_LK014_12_MOR_Kinetik_DAMGO_5HT	s_pRII_LK020_18_LK014_12_MOR_Kinetik_DAMGO_5HT	LK020_18_LK014_12_MOR_Kinetik_DAMGO_5HT	LK020_18_LK014_12_MOR_Kinetik_DAMGO_5HT___ctrl	LK020
pRII_Microscopy	model1_data49	model1_data150	1001.15176450649	1	s_pRII_LK020_18_LK014_12_MOR_Kinetik_DAMGO_5HT	s_pRII_LK020_18_LK014_12_MOR_Kinetik_DAMGO_5HT	LK020_18_LK014_12_MOR_Kinetik_DAMGO_5HT	LK020_18_LK014_12_MOR_Kinetik_DAMGO_5HT___ctrl	LK020
pRII_Microscopy	model1_data49	model1_data150	1003.01625818724	5	s_pRII_LK020_18_LK014_12_MOR_Kinetik_DAMGO_5HT	s_pRII_LK020_18_LK014_12_MOR_Kinetik_DAMGO_5HT	LK020_18_LK014_12_MOR_Kinetik_DAMGO_5HT	LK020_18_LK014_12_MOR_Kinetik_DAMGO_5HT___ctrl	LK020
pRII_Microscopy	model1_data49	model1_data150	987.833869509251	15	s_pRII_LK020_18_LK014_12_MOR_Kinetik_DAMGO_5HT	s_pRII_LK020_18_LK014_12_MOR_Kinetik_DAMGO_5HT	LK020_18_LK014_12_MOR_Kinetik_DAMGO_5HT	LK020_18_LK014_12_MOR_Kinetik_DAMGO_5HT___ctrl	LK020
pRII_Microscopy	model1_data49	model1_data150	999.404845032076	30	s_pRII_LK020_18_LK014_12_MOR_Kinetik_DAMGO_5HT	s_pRII_LK020_18_LK014_12_MOR_Kinetik_DAMGO_5HT	LK020_18_LK014_12_MOR_Kinetik_DAMGO_5HT	LK020_18_LK014_12_MOR_Kinetik_DAMGO_5HT___ctrl	LK020
pRII_Microscopy	model1_data49	model1_data150	1012.97483421458	60	s_pRII_LK020_18_LK014_12_MOR_Kinetik_DAMGO_5HT	s_pRII_LK020_18_LK014_12_MOR_Kinetik_DAMGO_5HT	LK020_18_LK014_12_MOR_Kinetik_DAMGO_5HT	LK020_18_LK014_12_MOR_Kinetik_DAMGO_5HT___ctrl	LK020
pRII_Microscopy	model1_data49	model1_data150	997.814895011206	120	s_pRII_LK020_18_LK014_12_MOR_Kinetik_DAMGO_5HT	s_pRII_LK020_18_LK014_12_MOR_Kinetik_DAMGO_5HT	LK020_18_LK014_12_MOR_Kinetik_DAMGO_5HT	LK020_18_LK014_12_MOR_Kinetik_DAMGO_5HT___ctrl	LK020
pRII_Microscopy	model1_data49	model1_data151	1012.07042470418	0	s_pRII_LK020_18_LK014_12_MOR_Kinetik_DAMGO_5HT	s_pRII_LK020_18_LK014_12_MOR_Kinetik_DAMGO_5HT	LK020_18_LK014_12_MOR_Kinetik_DAMGO_5HT	LK020_18_LK014_12_MOR_Kinetik_DAMGO_5HT___5_HT	Ex012
pRII_Microscopy	model1_data49	model1_data151	1473.72878540808	1	s_pRII_LK020_18_LK014_12_MOR_Kinetik_DAMGO_5HT	s_pRII_LK020_18_LK014_12_MOR_Kinetik_DAMGO_5HT	LK020_18_LK014_12_MOR_Kinetik_DAMGO_5HT	LK020_18_LK014_12_MOR_Kinetik_DAMGO_5HT___5_HT	Ex012
pRII_Microscopy	model1_data49	model1_data151	1519.52362112485	5	s_pRII_LK020_18_LK014_12_MOR_Kinetik_DAMGO_5HT	s_pRII_LK020_18_LK014_12_MOR_Kinetik_DAMGO_5HT	LK020_18_LK014_12_MOR_Kinetik_DAMGO_5HT	LK020_18_LK014_12_MOR_Kinetik_DAMGO_5HT___5_HT	Ex012
pRII_Microscopy	model1_data49	model1_data151	1292.84362021635	15	s_pRII_LK020_18_LK014_12_MOR_Kinetik_DAMGO_5HT	s_pRII_LK020_18_LK014_12_MOR_Kinetik_DAMGO_5HT	LK020_18_LK014_12_MOR_Kinetik_DAMGO_5HT	LK020_18_LK014_12_MOR_Kinetik_DAMGO_5HT___5_HT	Ex012
pRII_Microscopy	model1_data49	model1_data151	1160.89331396678	30	s_pRII_LK020_18_LK014_12_MOR_Kinetik_DAMGO_5HT	s_pRII_LK020_18_LK014_12_MOR_Kinetik_DAMGO_5HT	LK020_18_LK014_12_MOR_Kinetik_DAMGO_5HT	LK020_18_LK014_12_MOR_Kinetik_DAMGO_5HT___5_HT	Ex012
pRII_Microscopy	model1_data49	model1_data151	1216.36543522906	60	s_pRII_LK020_18_LK014_12_MOR_Kinetik_DAMGO_5HT	s_pRII_LK020_18_LK014_12_MOR_Kinetik_DAMGO_5HT	LK020_18_LK014_12_MOR_Kinetik_DAMGO_5HT	LK020_18_LK014_12_MOR_Kinetik_DAMGO_5HT___5_HT	Ex012
pRII_Microscopy	model1_data49	model1_data151	1133.39053284582	120	s_pRII_LK020_18_LK014_12_MOR_Kinetik_DAMGO_5HT	s_pRII_LK020_18_LK014_12_MOR_Kinetik_DAMGO_5HT	LK020_18_LK014_12_MOR_Kinetik_DAMGO_5HT	LK020_18_LK014_12_MOR_Kinetik_DAMGO_5HT___5_HT	Ex012
pRII_Microscopy	model1_data49	model1_data151	975.511713542727	0	s_pRII_LK020_18_LK014_12_MOR_Kinetik_DAMGO_5HT	s_pRII_LK020_18_LK014_12_MOR_Kinetik_DAMGO_5HT	LK020_18_LK014_12_MOR_Kinetik_DAMGO_5HT	LK020_18_LK014_12_MOR_Kinetik_DAMGO_5HT___5_HT	Ex013
pRII_Microscopy	model1_data49	model1_data151	1471.6013598532	1	s_pRII_LK020_18_LK014_12_MOR_Kinetik_DAMGO_5HT	s_pRII_LK020_18_LK014_12_MOR_Kinetik_DAMGO_5HT	LK020_18_LK014_12_MOR_Kinetik_DAMGO_5HT	LK020_18_LK014_12_MOR_Kinetik_DAMGO_5HT___5_HT	Ex013
pRII_Microscopy	model1_data49	model1_data151	1445.04313787977	5	s_pRII_LK020_18_LK014_12_MOR_Kinetik_DAMGO_5HT	s_pRII_LK020_18_LK014_12_MOR_Kinetik_DAMGO_5HT	LK020_18_LK014_12_MOR_Kinetik_DAMGO_5HT	LK020_18_LK014_12_MOR_Kinetik_DAMGO_5HT___5_HT	Ex013
pRII_Microscopy	model1_data49	model1_data151	1344.1538388098	15	s_pRII_LK020_18_LK014_12_MOR_Kinetik_DAMGO_5HT	s_pRII_LK020_18_LK014_12_MOR_Kinetik_DAMGO_5HT	LK020_18_LK014_12_MOR_Kinetik_DAMGO_5HT	LK020_18_LK014_12_MOR_Kinetik_DAMGO_5HT___5_HT	Ex013
pRII_Microscopy	model1_data49	model1_data151	1242.5418732686	30	s_pRII_LK020_18_LK014_12_MOR_Kinetik_DAMGO_5HT	s_pRII_LK020_18_LK014_12_MOR_Kinetik_DAMGO_5HT	LK020_18_LK014_12_MOR_Kinetik_DAMGO_5HT	LK020_18_LK014_12_MOR_Kinetik_DAMGO_5HT___5_HT	Ex013
pRII_Microscopy	model1_data49	model1_data151	1243.05958611424	60	s_pRII_LK020_18_LK014_12_MOR_Kinetik_DAMGO_5HT	s_pRII_LK020_18_LK014_12_MOR_Kinetik_DAMGO_5HT	LK020_18_LK014_12_MOR_Kinetik_DAMGO_5HT	LK020_18_LK014_12_MOR_Kinetik_DAMGO_5HT___5_HT	Ex013
pRII_Microscopy	model1_data49	model1_data151	1208.1030129409	120	s_pRII_LK020_18_LK014_12_MOR_Kinetik_DAMGO_5HT	s_pRII_LK020_18_LK014_12_MOR_Kinetik_DAMGO_5HT	LK020_18_LK014_12_MOR_Kinetik_DAMGO_5HT	LK020_18_LK014_12_MOR_Kinetik_DAMGO_5HT___5_HT	Ex013
pRII_Microscopy	model1_data49	model1_data151	1026.24361786064	0	s_pRII_LK020_18_LK014_12_MOR_Kinetik_DAMGO_5HT	s_pRII_LK020_18_LK014_12_MOR_Kinetik_DAMGO_5HT	LK020_18_LK014_12_MOR_Kinetik_DAMGO_5HT	LK020_18_LK014_12_MOR_Kinetik_DAMGO_5HT___5_HT	Ex014
pRII_Microscopy	model1_data49	model1_data151	1383.46545427134	1	s_pRII_LK020_18_LK014_12_MOR_Kinetik_DAMGO_5HT	s_pRII_LK020_18_LK014_12_MOR_Kinetik_DAMGO_5HT	LK020_18_LK014_12_MOR_Kinetik_DAMGO_5HT	LK020_18_LK014_12_MOR_Kinetik_DAMGO_5HT___5_HT	Ex014
pRII_Microscopy	model1_data49	model1_data151	1427.43998510494	5	s_pRII_LK020_18_LK014_12_MOR_Kinetik_DAMGO_5HT	s_pRII_LK020_18_LK014_12_MOR_Kinetik_DAMGO_5HT	LK020_18_LK014_12_MOR_Kinetik_DAMGO_5HT	LK020_18_LK014_12_MOR_Kinetik_DAMGO_5HT___5_HT	Ex014
pRII_Microscopy	model1_data49	model1_data151	1208.87490374572	15	s_pRII_LK020_18_LK014_12_MOR_Kinetik_DAMGO_5HT	s_pRII_LK020_18_LK014_12_MOR_Kinetik_DAMGO_5HT	LK020_18_LK014_12_MOR_Kinetik_DAMGO_5HT	LK020_18_LK014_12_MOR_Kinetik_DAMGO_5HT___5_HT	Ex014
pRII_Microscopy	model1_data49	model1_data151	1185.69266532156	30	s_pRII_LK020_18_LK014_12_MOR_Kinetik_DAMGO_5HT	s_pRII_LK020_18_LK014_12_MOR_Kinetik_DAMGO_5HT	LK020_18_LK014_12_MOR_Kinetik_DAMGO_5HT	LK020_18_LK014_12_MOR_Kinetik_DAMGO_5HT___5_HT	Ex014
pRII_Microscopy	model1_data49	model1_data151	1194.46725638861	60	s_pRII_LK020_18_LK014_12_MOR_Kinetik_DAMGO_5HT	s_pRII_LK020_18_LK014_12_MOR_Kinetik_DAMGO_5HT	LK020_18_LK014_12_MOR_Kinetik_DAMGO_5HT	LK020_18_LK014_12_MOR_Kinetik_DAMGO_5HT___5_HT	Ex014
pRII_Microscopy	model1_data49	model1_data151	1198.15692428911	120	s_pRII_LK020_18_LK014_12_MOR_Kinetik_DAMGO_5HT	s_pRII_LK020_18_LK014_12_MOR_Kinetik_DAMGO_5HT	LK020_18_LK014_12_MOR_Kinetik_DAMGO_5HT	LK020_18_LK014_12_MOR_Kinetik_DAMGO_5HT___5_HT	Ex014
pRII_Microscopy	model1_data49	model1_data151	1013.90861566555	0	s_pRII_LK020_18_LK014_12_MOR_Kinetik_DAMGO_5HT	s_pRII_LK020_18_LK014_12_MOR_Kinetik_DAMGO_5HT	LK020_18_LK014_12_MOR_Kinetik_DAMGO_5HT	LK020_18_LK014_12_MOR_Kinetik_DAMGO_5HT___5_HT	LK018
pRII_Microscopy	model1_data49	model1_data151	1520.26132848292	1	s_pRII_LK020_18_LK014_12_MOR_Kinetik_DAMGO_5HT	s_pRII_LK020_18_LK014_12_MOR_Kinetik_DAMGO_5HT	LK020_18_LK014_12_MOR_Kinetik_DAMGO_5HT	LK020_18_LK014_12_MOR_Kinetik_DAMGO_5HT___5_HT	LK018
pRII_Microscopy	model1_data49	model1_data151	1527.69337791717	5	s_pRII_LK020_18_LK014_12_MOR_Kinetik_DAMGO_5HT	s_pRII_LK020_18_LK014_12_MOR_Kinetik_DAMGO_5HT	LK020_18_LK014_12_MOR_Kinetik_DAMGO_5HT	LK020_18_LK014_12_MOR_Kinetik_DAMGO_5HT___5_HT	LK018
pRII_Microscopy	model1_data49	model1_data151	1367.89561500154	15	s_pRII_LK020_18_LK014_12_MOR_Kinetik_DAMGO_5HT	s_pRII_LK020_18_LK014_12_MOR_Kinetik_DAMGO_5HT	LK020_18_LK014_12_MOR_Kinetik_DAMGO_5HT	LK020_18_LK014_12_MOR_Kinetik_DAMGO_5HT___5_HT	LK018
pRII_Microscopy	model1_data49	model1_data151	1185.16537458842	30	s_pRII_LK020_18_LK014_12_MOR_Kinetik_DAMGO_5HT	s_pRII_LK020_18_LK014_12_MOR_Kinetik_DAMGO_5HT	LK020_18_LK014_12_MOR_Kinetik_DAMGO_5HT	LK020_18_LK014_12_MOR_Kinetik_DAMGO_5HT___5_HT	LK018
pRII_Microscopy	model1_data49	model1_data151	1229.06939650047	60	s_pRII_LK020_18_LK014_12_MOR_Kinetik_DAMGO_5HT	s_pRII_LK020_18_LK014_12_MOR_Kinetik_DAMGO_5HT	LK020_18_LK014_12_MOR_Kinetik_DAMGO_5HT	LK020_18_LK014_12_MOR_Kinetik_DAMGO_5HT___5_HT	LK018
pRII_Microscopy	model1_data49	model1_data151	1184.80429479233	120	s_pRII_LK020_18_LK014_12_MOR_Kinetik_DAMGO_5HT	s_pRII_LK020_18_LK014_12_MOR_Kinetik_DAMGO_5HT	LK020_18_LK014_12_MOR_Kinetik_DAMGO_5HT	LK020_18_LK014_12_MOR_Kinetik_DAMGO_5HT___5_HT	LK018
pRII_Microscopy	model1_data49	model1_data151	1091.04305737281	0	s_pRII_LK020_18_LK014_12_MOR_Kinetik_DAMGO_5HT	s_pRII_LK020_18_LK014_12_MOR_Kinetik_DAMGO_5HT	LK020_18_LK014_12_MOR_Kinetik_DAMGO_5HT	LK020_18_LK014_12_MOR_Kinetik_DAMGO_5HT___5_HT	LK019
pRII_Microscopy	model1_data49	model1_data151	1548.63718143634	1	s_pRII_LK020_18_LK014_12_MOR_Kinetik_DAMGO_5HT	s_pRII_LK020_18_LK014_12_MOR_Kinetik_DAMGO_5HT	LK020_18_LK014_12_MOR_Kinetik_DAMGO_5HT	LK020_18_LK014_12_MOR_Kinetik_DAMGO_5HT___5_HT	LK019
pRII_Microscopy	model1_data49	model1_data151	1709.21054986531	5	s_pRII_LK020_18_LK014_12_MOR_Kinetik_DAMGO_5HT	s_pRII_LK020_18_LK014_12_MOR_Kinetik_DAMGO_5HT	LK020_18_LK014_12_MOR_Kinetik_DAMGO_5HT	LK020_18_LK014_12_MOR_Kinetik_DAMGO_5HT___5_HT	LK019
pRII_Microscopy	model1_data49	model1_data151	1518.60224926035	15	s_pRII_LK020_18_LK014_12_MOR_Kinetik_DAMGO_5HT	s_pRII_LK020_18_LK014_12_MOR_Kinetik_DAMGO_5HT	LK020_18_LK014_12_MOR_Kinetik_DAMGO_5HT	LK020_18_LK014_12_MOR_Kinetik_DAMGO_5HT___5_HT	LK019
pRII_Microscopy	model1_data49	model1_data151	1386.43493786926	30	s_pRII_LK020_18_LK014_12_MOR_Kinetik_DAMGO_5HT	s_pRII_LK020_18_LK014_12_MOR_Kinetik_DAMGO_5HT	LK020_18_LK014_12_MOR_Kinetik_DAMGO_5HT	LK020_18_LK014_12_MOR_Kinetik_DAMGO_5HT___5_HT	LK019
pRII_Microscopy	model1_data49	model1_data151	1242.39214672004	60	s_pRII_LK020_18_LK014_12_MOR_Kinetik_DAMGO_5HT	s_pRII_LK020_18_LK014_12_MOR_Kinetik_DAMGO_5HT	LK020_18_LK014_12_MOR_Kinetik_DAMGO_5HT	LK020_18_LK014_12_MOR_Kinetik_DAMGO_5HT___5_HT	LK019
pRII_Microscopy	model1_data49	model1_data151	1190.04165654946	120	s_pRII_LK020_18_LK014_12_MOR_Kinetik_DAMGO_5HT	s_pRII_LK020_18_LK014_12_MOR_Kinetik_DAMGO_5HT	LK020_18_LK014_12_MOR_Kinetik_DAMGO_5HT	LK020_18_LK014_12_MOR_Kinetik_DAMGO_5HT___5_HT	LK019
pRII_Microscopy	model1_data49	model1_data151	944.220203883711	0	s_pRII_LK020_18_LK014_12_MOR_Kinetik_DAMGO_5HT	s_pRII_LK020_18_LK014_12_MOR_Kinetik_DAMGO_5HT	LK020_18_LK014_12_MOR_Kinetik_DAMGO_5HT	LK020_18_LK014_12_MOR_Kinetik_DAMGO_5HT___5_HT	LK020
pRII_Microscopy	model1_data49	model1_data151	1411.19870151755	1	s_pRII_LK020_18_LK014_12_MOR_Kinetik_DAMGO_5HT	s_pRII_LK020_18_LK014_12_MOR_Kinetik_DAMGO_5HT	LK020_18_LK014_12_MOR_Kinetik_DAMGO_5HT	LK020_18_LK014_12_MOR_Kinetik_DAMGO_5HT___5_HT	LK020
pRII_Microscopy	model1_data49	model1_data151	1513.13414397382	5	s_pRII_LK020_18_LK014_12_MOR_Kinetik_DAMGO_5HT	s_pRII_LK020_18_LK014_12_MOR_Kinetik_DAMGO_5HT	LK020_18_LK014_12_MOR_Kinetik_DAMGO_5HT	LK020_18_LK014_12_MOR_Kinetik_DAMGO_5HT___5_HT	LK020
pRII_Microscopy	model1_data49	model1_data151	1341.15356820125	15	s_pRII_LK020_18_LK014_12_MOR_Kinetik_DAMGO_5HT	s_pRII_LK020_18_LK014_12_MOR_Kinetik_DAMGO_5HT	LK020_18_LK014_12_MOR_Kinetik_DAMGO_5HT	LK020_18_LK014_12_MOR_Kinetik_DAMGO_5HT___5_HT	LK020
pRII_Microscopy	model1_data49	model1_data151	1310.41088978491	30	s_pRII_LK020_18_LK014_12_MOR_Kinetik_DAMGO_5HT	s_pRII_LK020_18_LK014_12_MOR_Kinetik_DAMGO_5HT	LK020_18_LK014_12_MOR_Kinetik_DAMGO_5HT	LK020_18_LK014_12_MOR_Kinetik_DAMGO_5HT___5_HT	LK020
pRII_Microscopy	model1_data49	model1_data151	1281.48857425582	60	s_pRII_LK020_18_LK014_12_MOR_Kinetik_DAMGO_5HT	s_pRII_LK020_18_LK014_12_MOR_Kinetik_DAMGO_5HT	LK020_18_LK014_12_MOR_Kinetik_DAMGO_5HT	LK020_18_LK014_12_MOR_Kinetik_DAMGO_5HT___5_HT	LK020
pRII_Microscopy	model1_data49	model1_data151	1129.96335194672	120	s_pRII_LK020_18_LK014_12_MOR_Kinetik_DAMGO_5HT	s_pRII_LK020_18_LK014_12_MOR_Kinetik_DAMGO_5HT	LK020_18_LK014_12_MOR_Kinetik_DAMGO_5HT	LK020_18_LK014_12_MOR_Kinetik_DAMGO_5HT___5_HT	LK020
pRII_Microscopy	model1_data49	model1_data152	1014.85752598159	0	s_pRII_LK020_18_LK014_12_MOR_Kinetik_DAMGO_5HT	s_pRII_LK020_18_LK014_12_MOR_Kinetik_DAMGO_5HT	LK020_18_LK014_12_MOR_Kinetik_DAMGO_5HT	LK020_18_LK014_12_MOR_Kinetik_DAMGO_5HT___5_HT_and_DAMGO01	Ex012
pRII_Microscopy	model1_data49	model1_data152	1469.69577548369	1	s_pRII_LK020_18_LK014_12_MOR_Kinetik_DAMGO_5HT	s_pRII_LK020_18_LK014_12_MOR_Kinetik_DAMGO_5HT	LK020_18_LK014_12_MOR_Kinetik_DAMGO_5HT	LK020_18_LK014_12_MOR_Kinetik_DAMGO_5HT___5_HT_and_DAMGO01	Ex012
pRII_Microscopy	model1_data49	model1_data152	1363.55921836259	5	s_pRII_LK020_18_LK014_12_MOR_Kinetik_DAMGO_5HT	s_pRII_LK020_18_LK014_12_MOR_Kinetik_DAMGO_5HT	LK020_18_LK014_12_MOR_Kinetik_DAMGO_5HT	LK020_18_LK014_12_MOR_Kinetik_DAMGO_5HT___5_HT_and_DAMGO01	Ex012
pRII_Microscopy	model1_data49	model1_data152	1108.29520066691	15	s_pRII_LK020_18_LK014_12_MOR_Kinetik_DAMGO_5HT	s_pRII_LK020_18_LK014_12_MOR_Kinetik_DAMGO_5HT	LK020_18_LK014_12_MOR_Kinetik_DAMGO_5HT	LK020_18_LK014_12_MOR_Kinetik_DAMGO_5HT___5_HT_and_DAMGO01	Ex012
pRII_Microscopy	model1_data49	model1_data152	1078.70281762434	30	s_pRII_LK020_18_LK014_12_MOR_Kinetik_DAMGO_5HT	s_pRII_LK020_18_LK014_12_MOR_Kinetik_DAMGO_5HT	LK020_18_LK014_12_MOR_Kinetik_DAMGO_5HT	LK020_18_LK014_12_MOR_Kinetik_DAMGO_5HT___5_HT_and_DAMGO01	Ex012
pRII_Microscopy	model1_data49	model1_data152	1124.72281893719	60	s_pRII_LK020_18_LK014_12_MOR_Kinetik_DAMGO_5HT	s_pRII_LK020_18_LK014_12_MOR_Kinetik_DAMGO_5HT	LK020_18_LK014_12_MOR_Kinetik_DAMGO_5HT	LK020_18_LK014_12_MOR_Kinetik_DAMGO_5HT___5_HT_and_DAMGO01	Ex012
pRII_Microscopy	model1_data49	model1_data152	1109.32687577708	120	s_pRII_LK020_18_LK014_12_MOR_Kinetik_DAMGO_5HT	s_pRII_LK020_18_LK014_12_MOR_Kinetik_DAMGO_5HT	LK020_18_LK014_12_MOR_Kinetik_DAMGO_5HT	LK020_18_LK014_12_MOR_Kinetik_DAMGO_5HT___5_HT_and_DAMGO01	Ex012
pRII_Microscopy	model1_data49	model1_data152	1075.10358338306	0	s_pRII_LK020_18_LK014_12_MOR_Kinetik_DAMGO_5HT	s_pRII_LK020_18_LK014_12_MOR_Kinetik_DAMGO_5HT	LK020_18_LK014_12_MOR_Kinetik_DAMGO_5HT	LK020_18_LK014_12_MOR_Kinetik_DAMGO_5HT___5_HT_and_DAMGO01	Ex013
pRII_Microscopy	model1_data49	model1_data152	1490.08441173182	1	s_pRII_LK020_18_LK014_12_MOR_Kinetik_DAMGO_5HT	s_pRII_LK020_18_LK014_12_MOR_Kinetik_DAMGO_5HT	LK020_18_LK014_12_MOR_Kinetik_DAMGO_5HT	LK020_18_LK014_12_MOR_Kinetik_DAMGO_5HT___5_HT_and_DAMGO01	Ex013
pRII_Microscopy	model1_data49	model1_data152	1551.27036343069	5	s_pRII_LK020_18_LK014_12_MOR_Kinetik_DAMGO_5HT	s_pRII_LK020_18_LK014_12_MOR_Kinetik_DAMGO_5HT	LK020_18_LK014_12_MOR_Kinetik_DAMGO_5HT	LK020_18_LK014_12_MOR_Kinetik_DAMGO_5HT___5_HT_and_DAMGO01	Ex013
pRII_Microscopy	model1_data49	model1_data152	1290.06612351958	15	s_pRII_LK020_18_LK014_12_MOR_Kinetik_DAMGO_5HT	s_pRII_LK020_18_LK014_12_MOR_Kinetik_DAMGO_5HT	LK020_18_LK014_12_MOR_Kinetik_DAMGO_5HT	LK020_18_LK014_12_MOR_Kinetik_DAMGO_5HT___5_HT_and_DAMGO01	Ex013
pRII_Microscopy	model1_data49	model1_data152	1149.10789351892	30	s_pRII_LK020_18_LK014_12_MOR_Kinetik_DAMGO_5HT	s_pRII_LK020_18_LK014_12_MOR_Kinetik_DAMGO_5HT	LK020_18_LK014_12_MOR_Kinetik_DAMGO_5HT	LK020_18_LK014_12_MOR_Kinetik_DAMGO_5HT___5_HT_and_DAMGO01	Ex013
pRII_Microscopy	model1_data49	model1_data152	1154.60728158588	60	s_pRII_LK020_18_LK014_12_MOR_Kinetik_DAMGO_5HT	s_pRII_LK020_18_LK014_12_MOR_Kinetik_DAMGO_5HT	LK020_18_LK014_12_MOR_Kinetik_DAMGO_5HT	LK020_18_LK014_12_MOR_Kinetik_DAMGO_5HT___5_HT_and_DAMGO01	Ex013
pRII_Microscopy	model1_data49	model1_data152	1120.36078062649	120	s_pRII_LK020_18_LK014_12_MOR_Kinetik_DAMGO_5HT	s_pRII_LK020_18_LK014_12_MOR_Kinetik_DAMGO_5HT	LK020_18_LK014_12_MOR_Kinetik_DAMGO_5HT	LK020_18_LK014_12_MOR_Kinetik_DAMGO_5HT___5_HT_and_DAMGO01	Ex013
pRII_Microscopy	model1_data49	model1_data152	1054.5998665126	0	s_pRII_LK020_18_LK014_12_MOR_Kinetik_DAMGO_5HT	s_pRII_LK020_18_LK014_12_MOR_Kinetik_DAMGO_5HT	LK020_18_LK014_12_MOR_Kinetik_DAMGO_5HT	LK020_18_LK014_12_MOR_Kinetik_DAMGO_5HT___5_HT_and_DAMGO01	Ex014
pRII_Microscopy	model1_data49	model1_data152	1392.65278190996	1	s_pRII_LK020_18_LK014_12_MOR_Kinetik_DAMGO_5HT	s_pRII_LK020_18_LK014_12_MOR_Kinetik_DAMGO_5HT	LK020_18_LK014_12_MOR_Kinetik_DAMGO_5HT	LK020_18_LK014_12_MOR_Kinetik_DAMGO_5HT___5_HT_and_DAMGO01	Ex014
pRII_Microscopy	model1_data49	model1_data152	1374.76836214212	5	s_pRII_LK020_18_LK014_12_MOR_Kinetik_DAMGO_5HT	s_pRII_LK020_18_LK014_12_MOR_Kinetik_DAMGO_5HT	LK020_18_LK014_12_MOR_Kinetik_DAMGO_5HT	LK020_18_LK014_12_MOR_Kinetik_DAMGO_5HT___5_HT_and_DAMGO01	Ex014
pRII_Microscopy	model1_data49	model1_data152	1177.80666207961	15	s_pRII_LK020_18_LK014_12_MOR_Kinetik_DAMGO_5HT	s_pRII_LK020_18_LK014_12_MOR_Kinetik_DAMGO_5HT	LK020_18_LK014_12_MOR_Kinetik_DAMGO_5HT	LK020_18_LK014_12_MOR_Kinetik_DAMGO_5HT___5_HT_and_DAMGO01	Ex014
pRII_Microscopy	model1_data49	model1_data152	1101.39067747501	30	s_pRII_LK020_18_LK014_12_MOR_Kinetik_DAMGO_5HT	s_pRII_LK020_18_LK014_12_MOR_Kinetik_DAMGO_5HT	LK020_18_LK014_12_MOR_Kinetik_DAMGO_5HT	LK020_18_LK014_12_MOR_Kinetik_DAMGO_5HT___5_HT_and_DAMGO01	Ex014
pRII_Microscopy	model1_data49	model1_data152	1097.88490781644	60	s_pRII_LK020_18_LK014_12_MOR_Kinetik_DAMGO_5HT	s_pRII_LK020_18_LK014_12_MOR_Kinetik_DAMGO_5HT	LK020_18_LK014_12_MOR_Kinetik_DAMGO_5HT	LK020_18_LK014_12_MOR_Kinetik_DAMGO_5HT___5_HT_and_DAMGO01	Ex014
pRII_Microscopy	model1_data49	model1_data152	1042.82348446338	120	s_pRII_LK020_18_LK014_12_MOR_Kinetik_DAMGO_5HT	s_pRII_LK020_18_LK014_12_MOR_Kinetik_DAMGO_5HT	LK020_18_LK014_12_MOR_Kinetik_DAMGO_5HT	LK020_18_LK014_12_MOR_Kinetik_DAMGO_5HT___5_HT_and_DAMGO01	Ex014
pRII_Microscopy	model1_data49	model1_data152	975.245579577802	0	s_pRII_LK020_18_LK014_12_MOR_Kinetik_DAMGO_5HT	s_pRII_LK020_18_LK014_12_MOR_Kinetik_DAMGO_5HT	LK020_18_LK014_12_MOR_Kinetik_DAMGO_5HT	LK020_18_LK014_12_MOR_Kinetik_DAMGO_5HT___5_HT_and_DAMGO01	LK018
pRII_Microscopy	model1_data49	model1_data152	1492.40917068081	1	s_pRII_LK020_18_LK014_12_MOR_Kinetik_DAMGO_5HT	s_pRII_LK020_18_LK014_12_MOR_Kinetik_DAMGO_5HT	LK020_18_LK014_12_MOR_Kinetik_DAMGO_5HT	LK020_18_LK014_12_MOR_Kinetik_DAMGO_5HT___5_HT_and_DAMGO01	LK018
pRII_Microscopy	model1_data49	model1_data152	1433.17787279735	5	s_pRII_LK020_18_LK014_12_MOR_Kinetik_DAMGO_5HT	s_pRII_LK020_18_LK014_12_MOR_Kinetik_DAMGO_5HT	LK020_18_LK014_12_MOR_Kinetik_DAMGO_5HT	LK020_18_LK014_12_MOR_Kinetik_DAMGO_5HT___5_HT_and_DAMGO01	LK018
pRII_Microscopy	model1_data49	model1_data152	1154.96393832359	15	s_pRII_LK020_18_LK014_12_MOR_Kinetik_DAMGO_5HT	s_pRII_LK020_18_LK014_12_MOR_Kinetik_DAMGO_5HT	LK020_18_LK014_12_MOR_Kinetik_DAMGO_5HT	LK020_18_LK014_12_MOR_Kinetik_DAMGO_5HT___5_HT_and_DAMGO01	LK018
pRII_Microscopy	model1_data49	model1_data152	1095.51439226041	30	s_pRII_LK020_18_LK014_12_MOR_Kinetik_DAMGO_5HT	s_pRII_LK020_18_LK014_12_MOR_Kinetik_DAMGO_5HT	LK020_18_LK014_12_MOR_Kinetik_DAMGO_5HT	LK020_18_LK014_12_MOR_Kinetik_DAMGO_5HT___5_HT_and_DAMGO01	LK018
pRII_Microscopy	model1_data49	model1_data152	1087.21149422131	60	s_pRII_LK020_18_LK014_12_MOR_Kinetik_DAMGO_5HT	s_pRII_LK020_18_LK014_12_MOR_Kinetik_DAMGO_5HT	LK020_18_LK014_12_MOR_Kinetik_DAMGO_5HT	LK020_18_LK014_12_MOR_Kinetik_DAMGO_5HT___5_HT_and_DAMGO01	LK018
pRII_Microscopy	model1_data49	model1_data152	1053.53157910516	120	s_pRII_LK020_18_LK014_12_MOR_Kinetik_DAMGO_5HT	s_pRII_LK020_18_LK014_12_MOR_Kinetik_DAMGO_5HT	LK020_18_LK014_12_MOR_Kinetik_DAMGO_5HT	LK020_18_LK014_12_MOR_Kinetik_DAMGO_5HT___5_HT_and_DAMGO01	LK018
pRII_Microscopy	model1_data49	model1_data152	1041.12038486344	0	s_pRII_LK020_18_LK014_12_MOR_Kinetik_DAMGO_5HT	s_pRII_LK020_18_LK014_12_MOR_Kinetik_DAMGO_5HT	LK020_18_LK014_12_MOR_Kinetik_DAMGO_5HT	LK020_18_LK014_12_MOR_Kinetik_DAMGO_5HT___5_HT_and_DAMGO01	LK019
pRII_Microscopy	model1_data49	model1_data152	1458.08209026223	1	s_pRII_LK020_18_LK014_12_MOR_Kinetik_DAMGO_5HT	s_pRII_LK020_18_LK014_12_MOR_Kinetik_DAMGO_5HT	LK020_18_LK014_12_MOR_Kinetik_DAMGO_5HT	LK020_18_LK014_12_MOR_Kinetik_DAMGO_5HT___5_HT_and_DAMGO01	LK019
pRII_Microscopy	model1_data49	model1_data152	1474.4896054689	5	s_pRII_LK020_18_LK014_12_MOR_Kinetik_DAMGO_5HT	s_pRII_LK020_18_LK014_12_MOR_Kinetik_DAMGO_5HT	LK020_18_LK014_12_MOR_Kinetik_DAMGO_5HT	LK020_18_LK014_12_MOR_Kinetik_DAMGO_5HT___5_HT_and_DAMGO01	LK019
pRII_Microscopy	model1_data49	model1_data152	1204.83312120196	15	s_pRII_LK020_18_LK014_12_MOR_Kinetik_DAMGO_5HT	s_pRII_LK020_18_LK014_12_MOR_Kinetik_DAMGO_5HT	LK020_18_LK014_12_MOR_Kinetik_DAMGO_5HT	LK020_18_LK014_12_MOR_Kinetik_DAMGO_5HT___5_HT_and_DAMGO01	LK019
pRII_Microscopy	model1_data49	model1_data152	1154.88340890409	30	s_pRII_LK020_18_LK014_12_MOR_Kinetik_DAMGO_5HT	s_pRII_LK020_18_LK014_12_MOR_Kinetik_DAMGO_5HT	LK020_18_LK014_12_MOR_Kinetik_DAMGO_5HT	LK020_18_LK014_12_MOR_Kinetik_DAMGO_5HT___5_HT_and_DAMGO01	LK019
pRII_Microscopy	model1_data49	model1_data152	1121.1968263499	60	s_pRII_LK020_18_LK014_12_MOR_Kinetik_DAMGO_5HT	s_pRII_LK020_18_LK014_12_MOR_Kinetik_DAMGO_5HT	LK020_18_LK014_12_MOR_Kinetik_DAMGO_5HT	LK020_18_LK014_12_MOR_Kinetik_DAMGO_5HT___5_HT_and_DAMGO01	LK019
pRII_Microscopy	model1_data49	model1_data152	1089.745435004	120	s_pRII_LK020_18_LK014_12_MOR_Kinetik_DAMGO_5HT	s_pRII_LK020_18_LK014_12_MOR_Kinetik_DAMGO_5HT	LK020_18_LK014_12_MOR_Kinetik_DAMGO_5HT	LK020_18_LK014_12_MOR_Kinetik_DAMGO_5HT___5_HT_and_DAMGO01	LK019
pRII_Microscopy	model1_data49	model1_data152	1018.03075363219	0	s_pRII_LK020_18_LK014_12_MOR_Kinetik_DAMGO_5HT	s_pRII_LK020_18_LK014_12_MOR_Kinetik_DAMGO_5HT	LK020_18_LK014_12_MOR_Kinetik_DAMGO_5HT	LK020_18_LK014_12_MOR_Kinetik_DAMGO_5HT___5_HT_and_DAMGO01	LK020
pRII_Microscopy	model1_data49	model1_data152	1284.88783672751	1	s_pRII_LK020_18_LK014_12_MOR_Kinetik_DAMGO_5HT	s_pRII_LK020_18_LK014_12_MOR_Kinetik_DAMGO_5HT	LK020_18_LK014_12_MOR_Kinetik_DAMGO_5HT	LK020_18_LK014_12_MOR_Kinetik_DAMGO_5HT___5_HT_and_DAMGO01	LK020
pRII_Microscopy	model1_data49	model1_data152	1389.81278965066	5	s_pRII_LK020_18_LK014_12_MOR_Kinetik_DAMGO_5HT	s_pRII_LK020_18_LK014_12_MOR_Kinetik_DAMGO_5HT	LK020_18_LK014_12_MOR_Kinetik_DAMGO_5HT	LK020_18_LK014_12_MOR_Kinetik_DAMGO_5HT___5_HT_and_DAMGO01	LK020
pRII_Microscopy	model1_data49	model1_data152	1133.1890215062	15	s_pRII_LK020_18_LK014_12_MOR_Kinetik_DAMGO_5HT	s_pRII_LK020_18_LK014_12_MOR_Kinetik_DAMGO_5HT	LK020_18_LK014_12_MOR_Kinetik_DAMGO_5HT	LK020_18_LK014_12_MOR_Kinetik_DAMGO_5HT___5_HT_and_DAMGO01	LK020
pRII_Microscopy	model1_data49	model1_data152	1117.09566251461	30	s_pRII_LK020_18_LK014_12_MOR_Kinetik_DAMGO_5HT	s_pRII_LK020_18_LK014_12_MOR_Kinetik_DAMGO_5HT	LK020_18_LK014_12_MOR_Kinetik_DAMGO_5HT	LK020_18_LK014_12_MOR_Kinetik_DAMGO_5HT___5_HT_and_DAMGO01	LK020
pRII_Microscopy	model1_data49	model1_data152	1111.18316406811	60	s_pRII_LK020_18_LK014_12_MOR_Kinetik_DAMGO_5HT	s_pRII_LK020_18_LK014_12_MOR_Kinetik_DAMGO_5HT	LK020_18_LK014_12_MOR_Kinetik_DAMGO_5HT	LK020_18_LK014_12_MOR_Kinetik_DAMGO_5HT___5_HT_and_DAMGO01	LK020
pRII_Microscopy	model1_data49	model1_data152	938.480912813416	120	s_pRII_LK020_18_LK014_12_MOR_Kinetik_DAMGO_5HT	s_pRII_LK020_18_LK014_12_MOR_Kinetik_DAMGO_5HT	LK020_18_LK014_12_MOR_Kinetik_DAMGO_5HT	LK020_18_LK014_12_MOR_Kinetik_DAMGO_5HT___5_HT_and_DAMGO01	LK020
pRII_Microscopy	model1_data49	model1_data153	1007.55695804268	0	s_pRII_LK020_18_LK014_12_MOR_Kinetik_DAMGO_5HT	s_pRII_LK020_18_LK014_12_MOR_Kinetik_DAMGO_5HT	LK020_18_LK014_12_MOR_Kinetik_DAMGO_5HT	LK020_18_LK014_12_MOR_Kinetik_DAMGO_5HT___5_HT_and_DAMGO1	Ex012
pRII_Microscopy	model1_data49	model1_data153	1442.3227274135	1	s_pRII_LK020_18_LK014_12_MOR_Kinetik_DAMGO_5HT	s_pRII_LK020_18_LK014_12_MOR_Kinetik_DAMGO_5HT	LK020_18_LK014_12_MOR_Kinetik_DAMGO_5HT	LK020_18_LK014_12_MOR_Kinetik_DAMGO_5HT___5_HT_and_DAMGO1	Ex012
pRII_Microscopy	model1_data49	model1_data153	1246.8620922025	5	s_pRII_LK020_18_LK014_12_MOR_Kinetik_DAMGO_5HT	s_pRII_LK020_18_LK014_12_MOR_Kinetik_DAMGO_5HT	LK020_18_LK014_12_MOR_Kinetik_DAMGO_5HT	LK020_18_LK014_12_MOR_Kinetik_DAMGO_5HT___5_HT_and_DAMGO1	Ex012
pRII_Microscopy	model1_data49	model1_data153	1202.64032861075	15	s_pRII_LK020_18_LK014_12_MOR_Kinetik_DAMGO_5HT	s_pRII_LK020_18_LK014_12_MOR_Kinetik_DAMGO_5HT	LK020_18_LK014_12_MOR_Kinetik_DAMGO_5HT	LK020_18_LK014_12_MOR_Kinetik_DAMGO_5HT___5_HT_and_DAMGO1	Ex012
pRII_Microscopy	model1_data49	model1_data153	1135.03520243454	30	s_pRII_LK020_18_LK014_12_MOR_Kinetik_DAMGO_5HT	s_pRII_LK020_18_LK014_12_MOR_Kinetik_DAMGO_5HT	LK020_18_LK014_12_MOR_Kinetik_DAMGO_5HT	LK020_18_LK014_12_MOR_Kinetik_DAMGO_5HT___5_HT_and_DAMGO1	Ex012
pRII_Microscopy	model1_data49	model1_data153	1093.93995995625	60	s_pRII_LK020_18_LK014_12_MOR_Kinetik_DAMGO_5HT	s_pRII_LK020_18_LK014_12_MOR_Kinetik_DAMGO_5HT	LK020_18_LK014_12_MOR_Kinetik_DAMGO_5HT	LK020_18_LK014_12_MOR_Kinetik_DAMGO_5HT___5_HT_and_DAMGO1	Ex012
pRII_Microscopy	model1_data49	model1_data153	1089.14256474113	120	s_pRII_LK020_18_LK014_12_MOR_Kinetik_DAMGO_5HT	s_pRII_LK020_18_LK014_12_MOR_Kinetik_DAMGO_5HT	LK020_18_LK014_12_MOR_Kinetik_DAMGO_5HT	LK020_18_LK014_12_MOR_Kinetik_DAMGO_5HT___5_HT_and_DAMGO1	Ex012
pRII_Microscopy	model1_data49	model1_data153	1053.52868263746	0	s_pRII_LK020_18_LK014_12_MOR_Kinetik_DAMGO_5HT	s_pRII_LK020_18_LK014_12_MOR_Kinetik_DAMGO_5HT	LK020_18_LK014_12_MOR_Kinetik_DAMGO_5HT	LK020_18_LK014_12_MOR_Kinetik_DAMGO_5HT___5_HT_and_DAMGO1	Ex013
pRII_Microscopy	model1_data49	model1_data153	1288.50555804778	1	s_pRII_LK020_18_LK014_12_MOR_Kinetik_DAMGO_5HT	s_pRII_LK020_18_LK014_12_MOR_Kinetik_DAMGO_5HT	LK020_18_LK014_12_MOR_Kinetik_DAMGO_5HT	LK020_18_LK014_12_MOR_Kinetik_DAMGO_5HT___5_HT_and_DAMGO1	Ex013
pRII_Microscopy	model1_data49	model1_data153	1260.93448092291	5	s_pRII_LK020_18_LK014_12_MOR_Kinetik_DAMGO_5HT	s_pRII_LK020_18_LK014_12_MOR_Kinetik_DAMGO_5HT	LK020_18_LK014_12_MOR_Kinetik_DAMGO_5HT	LK020_18_LK014_12_MOR_Kinetik_DAMGO_5HT___5_HT_and_DAMGO1	Ex013
pRII_Microscopy	model1_data49	model1_data153	1164.22466975684	15	s_pRII_LK020_18_LK014_12_MOR_Kinetik_DAMGO_5HT	s_pRII_LK020_18_LK014_12_MOR_Kinetik_DAMGO_5HT	LK020_18_LK014_12_MOR_Kinetik_DAMGO_5HT	LK020_18_LK014_12_MOR_Kinetik_DAMGO_5HT___5_HT_and_DAMGO1	Ex013
pRII_Microscopy	model1_data49	model1_data153	1141.1335468422	30	s_pRII_LK020_18_LK014_12_MOR_Kinetik_DAMGO_5HT	s_pRII_LK020_18_LK014_12_MOR_Kinetik_DAMGO_5HT	LK020_18_LK014_12_MOR_Kinetik_DAMGO_5HT	LK020_18_LK014_12_MOR_Kinetik_DAMGO_5HT___5_HT_and_DAMGO1	Ex013
pRII_Microscopy	model1_data49	model1_data153	1175.4201309338	60	s_pRII_LK020_18_LK014_12_MOR_Kinetik_DAMGO_5HT	s_pRII_LK020_18_LK014_12_MOR_Kinetik_DAMGO_5HT	LK020_18_LK014_12_MOR_Kinetik_DAMGO_5HT	LK020_18_LK014_12_MOR_Kinetik_DAMGO_5HT___5_HT_and_DAMGO1	Ex013
pRII_Microscopy	model1_data49	model1_data153	1144.56293964939	120	s_pRII_LK020_18_LK014_12_MOR_Kinetik_DAMGO_5HT	s_pRII_LK020_18_LK014_12_MOR_Kinetik_DAMGO_5HT	LK020_18_LK014_12_MOR_Kinetik_DAMGO_5HT	LK020_18_LK014_12_MOR_Kinetik_DAMGO_5HT___5_HT_and_DAMGO1	Ex013
pRII_Microscopy	model1_data49	model1_data153	832.357551876427	0	s_pRII_LK020_18_LK014_12_MOR_Kinetik_DAMGO_5HT	s_pRII_LK020_18_LK014_12_MOR_Kinetik_DAMGO_5HT	LK020_18_LK014_12_MOR_Kinetik_DAMGO_5HT	LK020_18_LK014_12_MOR_Kinetik_DAMGO_5HT___5_HT_and_DAMGO1	Ex014
pRII_Microscopy	model1_data49	model1_data153	1224.39363968929	1	s_pRII_LK020_18_LK014_12_MOR_Kinetik_DAMGO_5HT	s_pRII_LK020_18_LK014_12_MOR_Kinetik_DAMGO_5HT	LK020_18_LK014_12_MOR_Kinetik_DAMGO_5HT	LK020_18_LK014_12_MOR_Kinetik_DAMGO_5HT___5_HT_and_DAMGO1	Ex014
pRII_Microscopy	model1_data49	model1_data153	1139.01250066282	5	s_pRII_LK020_18_LK014_12_MOR_Kinetik_DAMGO_5HT	s_pRII_LK020_18_LK014_12_MOR_Kinetik_DAMGO_5HT	LK020_18_LK014_12_MOR_Kinetik_DAMGO_5HT	LK020_18_LK014_12_MOR_Kinetik_DAMGO_5HT___5_HT_and_DAMGO1	Ex014
pRII_Microscopy	model1_data49	model1_data153	1061.38211209297	15	s_pRII_LK020_18_LK014_12_MOR_Kinetik_DAMGO_5HT	s_pRII_LK020_18_LK014_12_MOR_Kinetik_DAMGO_5HT	LK020_18_LK014_12_MOR_Kinetik_DAMGO_5HT	LK020_18_LK014_12_MOR_Kinetik_DAMGO_5HT___5_HT_and_DAMGO1	Ex014
pRII_Microscopy	model1_data49	model1_data153	1023.23466450133	30	s_pRII_LK020_18_LK014_12_MOR_Kinetik_DAMGO_5HT	s_pRII_LK020_18_LK014_12_MOR_Kinetik_DAMGO_5HT	LK020_18_LK014_12_MOR_Kinetik_DAMGO_5HT	LK020_18_LK014_12_MOR_Kinetik_DAMGO_5HT___5_HT_and_DAMGO1	Ex014
pRII_Microscopy	model1_data49	model1_data153	1004.57835516736	60	s_pRII_LK020_18_LK014_12_MOR_Kinetik_DAMGO_5HT	s_pRII_LK020_18_LK014_12_MOR_Kinetik_DAMGO_5HT	LK020_18_LK014_12_MOR_Kinetik_DAMGO_5HT	LK020_18_LK014_12_MOR_Kinetik_DAMGO_5HT___5_HT_and_DAMGO1	Ex014
pRII_Microscopy	model1_data49	model1_data153	967.006187781457	120	s_pRII_LK020_18_LK014_12_MOR_Kinetik_DAMGO_5HT	s_pRII_LK020_18_LK014_12_MOR_Kinetik_DAMGO_5HT	LK020_18_LK014_12_MOR_Kinetik_DAMGO_5HT	LK020_18_LK014_12_MOR_Kinetik_DAMGO_5HT___5_HT_and_DAMGO1	Ex014
pRII_Microscopy	model1_data49	model1_data153	992.27755041412	0	s_pRII_LK020_18_LK014_12_MOR_Kinetik_DAMGO_5HT	s_pRII_LK020_18_LK014_12_MOR_Kinetik_DAMGO_5HT	LK020_18_LK014_12_MOR_Kinetik_DAMGO_5HT	LK020_18_LK014_12_MOR_Kinetik_DAMGO_5HT___5_HT_and_DAMGO1	LK018
pRII_Microscopy	model1_data49	model1_data153	1238.77685736953	1	s_pRII_LK020_18_LK014_12_MOR_Kinetik_DAMGO_5HT	s_pRII_LK020_18_LK014_12_MOR_Kinetik_DAMGO_5HT	LK020_18_LK014_12_MOR_Kinetik_DAMGO_5HT	LK020_18_LK014_12_MOR_Kinetik_DAMGO_5HT___5_HT_and_DAMGO1	LK018
pRII_Microscopy	model1_data49	model1_data153	1079.8014297974	5	s_pRII_LK020_18_LK014_12_MOR_Kinetik_DAMGO_5HT	s_pRII_LK020_18_LK014_12_MOR_Kinetik_DAMGO_5HT	LK020_18_LK014_12_MOR_Kinetik_DAMGO_5HT	LK020_18_LK014_12_MOR_Kinetik_DAMGO_5HT___5_HT_and_DAMGO1	LK018
pRII_Microscopy	model1_data49	model1_data153	1029.03225830845	15	s_pRII_LK020_18_LK014_12_MOR_Kinetik_DAMGO_5HT	s_pRII_LK020_18_LK014_12_MOR_Kinetik_DAMGO_5HT	LK020_18_LK014_12_MOR_Kinetik_DAMGO_5HT	LK020_18_LK014_12_MOR_Kinetik_DAMGO_5HT___5_HT_and_DAMGO1	LK018
pRII_Microscopy	model1_data49	model1_data153	1015.98568662413	30	s_pRII_LK020_18_LK014_12_MOR_Kinetik_DAMGO_5HT	s_pRII_LK020_18_LK014_12_MOR_Kinetik_DAMGO_5HT	LK020_18_LK014_12_MOR_Kinetik_DAMGO_5HT	LK020_18_LK014_12_MOR_Kinetik_DAMGO_5HT___5_HT_and_DAMGO1	LK018
pRII_Microscopy	model1_data49	model1_data153	1020.45710708397	60	s_pRII_LK020_18_LK014_12_MOR_Kinetik_DAMGO_5HT	s_pRII_LK020_18_LK014_12_MOR_Kinetik_DAMGO_5HT	LK020_18_LK014_12_MOR_Kinetik_DAMGO_5HT	LK020_18_LK014_12_MOR_Kinetik_DAMGO_5HT___5_HT_and_DAMGO1	LK018
pRII_Microscopy	model1_data49	model1_data153	1003.03855143203	120	s_pRII_LK020_18_LK014_12_MOR_Kinetik_DAMGO_5HT	s_pRII_LK020_18_LK014_12_MOR_Kinetik_DAMGO_5HT	LK020_18_LK014_12_MOR_Kinetik_DAMGO_5HT	LK020_18_LK014_12_MOR_Kinetik_DAMGO_5HT___5_HT_and_DAMGO1	LK018
pRII_Microscopy	model1_data49	model1_data153	1027.0196600495	0	s_pRII_LK020_18_LK014_12_MOR_Kinetik_DAMGO_5HT	s_pRII_LK020_18_LK014_12_MOR_Kinetik_DAMGO_5HT	LK020_18_LK014_12_MOR_Kinetik_DAMGO_5HT	LK020_18_LK014_12_MOR_Kinetik_DAMGO_5HT___5_HT_and_DAMGO1	LK019
pRII_Microscopy	model1_data49	model1_data153	1234.39846059088	1	s_pRII_LK020_18_LK014_12_MOR_Kinetik_DAMGO_5HT	s_pRII_LK020_18_LK014_12_MOR_Kinetik_DAMGO_5HT	LK020_18_LK014_12_MOR_Kinetik_DAMGO_5HT	LK020_18_LK014_12_MOR_Kinetik_DAMGO_5HT___5_HT_and_DAMGO1	LK019
pRII_Microscopy	model1_data49	model1_data153	1207.07283619909	5	s_pRII_LK020_18_LK014_12_MOR_Kinetik_DAMGO_5HT	s_pRII_LK020_18_LK014_12_MOR_Kinetik_DAMGO_5HT	LK020_18_LK014_12_MOR_Kinetik_DAMGO_5HT	LK020_18_LK014_12_MOR_Kinetik_DAMGO_5HT___5_HT_and_DAMGO1	LK019
pRII_Microscopy	model1_data49	model1_data153	1143.69212959517	15	s_pRII_LK020_18_LK014_12_MOR_Kinetik_DAMGO_5HT	s_pRII_LK020_18_LK014_12_MOR_Kinetik_DAMGO_5HT	LK020_18_LK014_12_MOR_Kinetik_DAMGO_5HT	LK020_18_LK014_12_MOR_Kinetik_DAMGO_5HT___5_HT_and_DAMGO1	LK019
pRII_Microscopy	model1_data49	model1_data153	1065.54075852664	30	s_pRII_LK020_18_LK014_12_MOR_Kinetik_DAMGO_5HT	s_pRII_LK020_18_LK014_12_MOR_Kinetik_DAMGO_5HT	LK020_18_LK014_12_MOR_Kinetik_DAMGO_5HT	LK020_18_LK014_12_MOR_Kinetik_DAMGO_5HT___5_HT_and_DAMGO1	LK019
pRII_Microscopy	model1_data49	model1_data153	1100.05131732731	60	s_pRII_LK020_18_LK014_12_MOR_Kinetik_DAMGO_5HT	s_pRII_LK020_18_LK014_12_MOR_Kinetik_DAMGO_5HT	LK020_18_LK014_12_MOR_Kinetik_DAMGO_5HT	LK020_18_LK014_12_MOR_Kinetik_DAMGO_5HT___5_HT_and_DAMGO1	LK019
pRII_Microscopy	model1_data49	model1_data153	1117.21300632428	120	s_pRII_LK020_18_LK014_12_MOR_Kinetik_DAMGO_5HT	s_pRII_LK020_18_LK014_12_MOR_Kinetik_DAMGO_5HT	LK020_18_LK014_12_MOR_Kinetik_DAMGO_5HT	LK020_18_LK014_12_MOR_Kinetik_DAMGO_5HT___5_HT_and_DAMGO1	LK019
pRII_Microscopy	model1_data49	model1_data153	1009.78134904365	0	s_pRII_LK020_18_LK014_12_MOR_Kinetik_DAMGO_5HT	s_pRII_LK020_18_LK014_12_MOR_Kinetik_DAMGO_5HT	LK020_18_LK014_12_MOR_Kinetik_DAMGO_5HT	LK020_18_LK014_12_MOR_Kinetik_DAMGO_5HT___5_HT_and_DAMGO1	LK020
pRII_Microscopy	model1_data49	model1_data153	1353.83809925469	1	s_pRII_LK020_18_LK014_12_MOR_Kinetik_DAMGO_5HT	s_pRII_LK020_18_LK014_12_MOR_Kinetik_DAMGO_5HT	LK020_18_LK014_12_MOR_Kinetik_DAMGO_5HT	LK020_18_LK014_12_MOR_Kinetik_DAMGO_5HT___5_HT_and_DAMGO1	LK020
pRII_Microscopy	model1_data49	model1_data153	1208.93026960594	5	s_pRII_LK020_18_LK014_12_MOR_Kinetik_DAMGO_5HT	s_pRII_LK020_18_LK014_12_MOR_Kinetik_DAMGO_5HT	LK020_18_LK014_12_MOR_Kinetik_DAMGO_5HT	LK020_18_LK014_12_MOR_Kinetik_DAMGO_5HT___5_HT_and_DAMGO1	LK020
pRII_Microscopy	model1_data49	model1_data153	1142.19105837509	15	s_pRII_LK020_18_LK014_12_MOR_Kinetik_DAMGO_5HT	s_pRII_LK020_18_LK014_12_MOR_Kinetik_DAMGO_5HT	LK020_18_LK014_12_MOR_Kinetik_DAMGO_5HT	LK020_18_LK014_12_MOR_Kinetik_DAMGO_5HT___5_HT_and_DAMGO1	LK020
pRII_Microscopy	model1_data49	model1_data153	1194.16218194479	30	s_pRII_LK020_18_LK014_12_MOR_Kinetik_DAMGO_5HT	s_pRII_LK020_18_LK014_12_MOR_Kinetik_DAMGO_5HT	LK020_18_LK014_12_MOR_Kinetik_DAMGO_5HT	LK020_18_LK014_12_MOR_Kinetik_DAMGO_5HT___5_HT_and_DAMGO1	LK020
pRII_Microscopy	model1_data49	model1_data153	1124.28718647407	60	s_pRII_LK020_18_LK014_12_MOR_Kinetik_DAMGO_5HT	s_pRII_LK020_18_LK014_12_MOR_Kinetik_DAMGO_5HT	LK020_18_LK014_12_MOR_Kinetik_DAMGO_5HT	LK020_18_LK014_12_MOR_Kinetik_DAMGO_5HT___5_HT_and_DAMGO1	LK020
pRII_Microscopy	model1_data49	model1_data153	1028.9048435096	120	s_pRII_LK020_18_LK014_12_MOR_Kinetik_DAMGO_5HT	s_pRII_LK020_18_LK014_12_MOR_Kinetik_DAMGO_5HT	LK020_18_LK014_12_MOR_Kinetik_DAMGO_5HT	LK020_18_LK014_12_MOR_Kinetik_DAMGO_5HT___5_HT_and_DAMGO1	LK020
pRII_Microscopy	model1_data49	model1_data154	1032.47231027581	0	s_pRII_LK020_18_LK014_12_MOR_Kinetik_DAMGO_5HT	s_pRII_LK020_18_LK014_12_MOR_Kinetik_DAMGO_5HT	LK020_18_LK014_12_MOR_Kinetik_DAMGO_5HT	LK020_18_LK014_12_MOR_Kinetik_DAMGO_5HT___5_HT_and_DAMGO10	Ex012
pRII_Microscopy	model1_data49	model1_data154	1229.64091074151	1	s_pRII_LK020_18_LK014_12_MOR_Kinetik_DAMGO_5HT	s_pRII_LK020_18_LK014_12_MOR_Kinetik_DAMGO_5HT	LK020_18_LK014_12_MOR_Kinetik_DAMGO_5HT	LK020_18_LK014_12_MOR_Kinetik_DAMGO_5HT___5_HT_and_DAMGO10	Ex012
pRII_Microscopy	model1_data49	model1_data154	1168.81793454875	5	s_pRII_LK020_18_LK014_12_MOR_Kinetik_DAMGO_5HT	s_pRII_LK020_18_LK014_12_MOR_Kinetik_DAMGO_5HT	LK020_18_LK014_12_MOR_Kinetik_DAMGO_5HT	LK020_18_LK014_12_MOR_Kinetik_DAMGO_5HT___5_HT_and_DAMGO10	Ex012
pRII_Microscopy	model1_data49	model1_data154	1200.06248937479	15	s_pRII_LK020_18_LK014_12_MOR_Kinetik_DAMGO_5HT	s_pRII_LK020_18_LK014_12_MOR_Kinetik_DAMGO_5HT	LK020_18_LK014_12_MOR_Kinetik_DAMGO_5HT	LK020_18_LK014_12_MOR_Kinetik_DAMGO_5HT___5_HT_and_DAMGO10	Ex012
pRII_Microscopy	model1_data49	model1_data154	1214.89378168843	30	s_pRII_LK020_18_LK014_12_MOR_Kinetik_DAMGO_5HT	s_pRII_LK020_18_LK014_12_MOR_Kinetik_DAMGO_5HT	LK020_18_LK014_12_MOR_Kinetik_DAMGO_5HT	LK020_18_LK014_12_MOR_Kinetik_DAMGO_5HT___5_HT_and_DAMGO10	Ex012
pRII_Microscopy	model1_data49	model1_data154	1033.95867808576	60	s_pRII_LK020_18_LK014_12_MOR_Kinetik_DAMGO_5HT	s_pRII_LK020_18_LK014_12_MOR_Kinetik_DAMGO_5HT	LK020_18_LK014_12_MOR_Kinetik_DAMGO_5HT	LK020_18_LK014_12_MOR_Kinetik_DAMGO_5HT___5_HT_and_DAMGO10	Ex012
pRII_Microscopy	model1_data49	model1_data154	1104.38665719571	120	s_pRII_LK020_18_LK014_12_MOR_Kinetik_DAMGO_5HT	s_pRII_LK020_18_LK014_12_MOR_Kinetik_DAMGO_5HT	LK020_18_LK014_12_MOR_Kinetik_DAMGO_5HT	LK020_18_LK014_12_MOR_Kinetik_DAMGO_5HT___5_HT_and_DAMGO10	Ex012
pRII_Microscopy	model1_data49	model1_data154	966.844889300264	0	s_pRII_LK020_18_LK014_12_MOR_Kinetik_DAMGO_5HT	s_pRII_LK020_18_LK014_12_MOR_Kinetik_DAMGO_5HT	LK020_18_LK014_12_MOR_Kinetik_DAMGO_5HT	LK020_18_LK014_12_MOR_Kinetik_DAMGO_5HT___5_HT_and_DAMGO10	Ex013
pRII_Microscopy	model1_data49	model1_data154	1156.11149246271	1	s_pRII_LK020_18_LK014_12_MOR_Kinetik_DAMGO_5HT	s_pRII_LK020_18_LK014_12_MOR_Kinetik_DAMGO_5HT	LK020_18_LK014_12_MOR_Kinetik_DAMGO_5HT	LK020_18_LK014_12_MOR_Kinetik_DAMGO_5HT___5_HT_and_DAMGO10	Ex013
pRII_Microscopy	model1_data49	model1_data154	1229.33120995789	5	s_pRII_LK020_18_LK014_12_MOR_Kinetik_DAMGO_5HT	s_pRII_LK020_18_LK014_12_MOR_Kinetik_DAMGO_5HT	LK020_18_LK014_12_MOR_Kinetik_DAMGO_5HT	LK020_18_LK014_12_MOR_Kinetik_DAMGO_5HT___5_HT_and_DAMGO10	Ex013
pRII_Microscopy	model1_data49	model1_data154	1184.37051190018	15	s_pRII_LK020_18_LK014_12_MOR_Kinetik_DAMGO_5HT	s_pRII_LK020_18_LK014_12_MOR_Kinetik_DAMGO_5HT	LK020_18_LK014_12_MOR_Kinetik_DAMGO_5HT	LK020_18_LK014_12_MOR_Kinetik_DAMGO_5HT___5_HT_and_DAMGO10	Ex013
pRII_Microscopy	model1_data49	model1_data154	1173.57092309811	30	s_pRII_LK020_18_LK014_12_MOR_Kinetik_DAMGO_5HT	s_pRII_LK020_18_LK014_12_MOR_Kinetik_DAMGO_5HT	LK020_18_LK014_12_MOR_Kinetik_DAMGO_5HT	LK020_18_LK014_12_MOR_Kinetik_DAMGO_5HT___5_HT_and_DAMGO10	Ex013
pRII_Microscopy	model1_data49	model1_data154	1231.9972763454	60	s_pRII_LK020_18_LK014_12_MOR_Kinetik_DAMGO_5HT	s_pRII_LK020_18_LK014_12_MOR_Kinetik_DAMGO_5HT	LK020_18_LK014_12_MOR_Kinetik_DAMGO_5HT	LK020_18_LK014_12_MOR_Kinetik_DAMGO_5HT___5_HT_and_DAMGO10	Ex013
pRII_Microscopy	model1_data49	model1_data154	1132.56485198467	120	s_pRII_LK020_18_LK014_12_MOR_Kinetik_DAMGO_5HT	s_pRII_LK020_18_LK014_12_MOR_Kinetik_DAMGO_5HT	LK020_18_LK014_12_MOR_Kinetik_DAMGO_5HT	LK020_18_LK014_12_MOR_Kinetik_DAMGO_5HT___5_HT_and_DAMGO10	Ex013
pRII_Microscopy	model1_data49	model1_data154	860.097117510298	0	s_pRII_LK020_18_LK014_12_MOR_Kinetik_DAMGO_5HT	s_pRII_LK020_18_LK014_12_MOR_Kinetik_DAMGO_5HT	LK020_18_LK014_12_MOR_Kinetik_DAMGO_5HT	LK020_18_LK014_12_MOR_Kinetik_DAMGO_5HT___5_HT_and_DAMGO10	Ex014
pRII_Microscopy	model1_data49	model1_data154	1116.38362515317	1	s_pRII_LK020_18_LK014_12_MOR_Kinetik_DAMGO_5HT	s_pRII_LK020_18_LK014_12_MOR_Kinetik_DAMGO_5HT	LK020_18_LK014_12_MOR_Kinetik_DAMGO_5HT	LK020_18_LK014_12_MOR_Kinetik_DAMGO_5HT___5_HT_and_DAMGO10	Ex014
pRII_Microscopy	model1_data49	model1_data154	1044.64087375086	5	s_pRII_LK020_18_LK014_12_MOR_Kinetik_DAMGO_5HT	s_pRII_LK020_18_LK014_12_MOR_Kinetik_DAMGO_5HT	LK020_18_LK014_12_MOR_Kinetik_DAMGO_5HT	LK020_18_LK014_12_MOR_Kinetik_DAMGO_5HT___5_HT_and_DAMGO10	Ex014
pRII_Microscopy	model1_data49	model1_data154	996.717775745102	15	s_pRII_LK020_18_LK014_12_MOR_Kinetik_DAMGO_5HT	s_pRII_LK020_18_LK014_12_MOR_Kinetik_DAMGO_5HT	LK020_18_LK014_12_MOR_Kinetik_DAMGO_5HT	LK020_18_LK014_12_MOR_Kinetik_DAMGO_5HT___5_HT_and_DAMGO10	Ex014
pRII_Microscopy	model1_data49	model1_data154	1053.85593985717	30	s_pRII_LK020_18_LK014_12_MOR_Kinetik_DAMGO_5HT	s_pRII_LK020_18_LK014_12_MOR_Kinetik_DAMGO_5HT	LK020_18_LK014_12_MOR_Kinetik_DAMGO_5HT	LK020_18_LK014_12_MOR_Kinetik_DAMGO_5HT___5_HT_and_DAMGO10	Ex014
pRII_Microscopy	model1_data49	model1_data154	1043.94126794012	60	s_pRII_LK020_18_LK014_12_MOR_Kinetik_DAMGO_5HT	s_pRII_LK020_18_LK014_12_MOR_Kinetik_DAMGO_5HT	LK020_18_LK014_12_MOR_Kinetik_DAMGO_5HT	LK020_18_LK014_12_MOR_Kinetik_DAMGO_5HT___5_HT_and_DAMGO10	Ex014
pRII_Microscopy	model1_data49	model1_data154	980.975048179435	120	s_pRII_LK020_18_LK014_12_MOR_Kinetik_DAMGO_5HT	s_pRII_LK020_18_LK014_12_MOR_Kinetik_DAMGO_5HT	LK020_18_LK014_12_MOR_Kinetik_DAMGO_5HT	LK020_18_LK014_12_MOR_Kinetik_DAMGO_5HT___5_HT_and_DAMGO10	Ex014
pRII_Microscopy	model1_data49	model1_data154	950.251898047572	0	s_pRII_LK020_18_LK014_12_MOR_Kinetik_DAMGO_5HT	s_pRII_LK020_18_LK014_12_MOR_Kinetik_DAMGO_5HT	LK020_18_LK014_12_MOR_Kinetik_DAMGO_5HT	LK020_18_LK014_12_MOR_Kinetik_DAMGO_5HT___5_HT_and_DAMGO10	LK018
pRII_Microscopy	model1_data49	model1_data154	1200.57743855458	1	s_pRII_LK020_18_LK014_12_MOR_Kinetik_DAMGO_5HT	s_pRII_LK020_18_LK014_12_MOR_Kinetik_DAMGO_5HT	LK020_18_LK014_12_MOR_Kinetik_DAMGO_5HT	LK020_18_LK014_12_MOR_Kinetik_DAMGO_5HT___5_HT_and_DAMGO10	LK018
pRII_Microscopy	model1_data49	model1_data154	1121.11226175179	5	s_pRII_LK020_18_LK014_12_MOR_Kinetik_DAMGO_5HT	s_pRII_LK020_18_LK014_12_MOR_Kinetik_DAMGO_5HT	LK020_18_LK014_12_MOR_Kinetik_DAMGO_5HT	LK020_18_LK014_12_MOR_Kinetik_DAMGO_5HT___5_HT_and_DAMGO10	LK018
pRII_Microscopy	model1_data49	model1_data154	1048.13910853052	15	s_pRII_LK020_18_LK014_12_MOR_Kinetik_DAMGO_5HT	s_pRII_LK020_18_LK014_12_MOR_Kinetik_DAMGO_5HT	LK020_18_LK014_12_MOR_Kinetik_DAMGO_5HT	LK020_18_LK014_12_MOR_Kinetik_DAMGO_5HT___5_HT_and_DAMGO10	LK018
pRII_Microscopy	model1_data49	model1_data154	952.543621870542	30	s_pRII_LK020_18_LK014_12_MOR_Kinetik_DAMGO_5HT	s_pRII_LK020_18_LK014_12_MOR_Kinetik_DAMGO_5HT	LK020_18_LK014_12_MOR_Kinetik_DAMGO_5HT	LK020_18_LK014_12_MOR_Kinetik_DAMGO_5HT___5_HT_and_DAMGO10	LK018
pRII_Microscopy	model1_data49	model1_data154	1055.27666019754	60	s_pRII_LK020_18_LK014_12_MOR_Kinetik_DAMGO_5HT	s_pRII_LK020_18_LK014_12_MOR_Kinetik_DAMGO_5HT	LK020_18_LK014_12_MOR_Kinetik_DAMGO_5HT	LK020_18_LK014_12_MOR_Kinetik_DAMGO_5HT___5_HT_and_DAMGO10	LK018
pRII_Microscopy	model1_data49	model1_data154	1015.8953232399	120	s_pRII_LK020_18_LK014_12_MOR_Kinetik_DAMGO_5HT	s_pRII_LK020_18_LK014_12_MOR_Kinetik_DAMGO_5HT	LK020_18_LK014_12_MOR_Kinetik_DAMGO_5HT	LK020_18_LK014_12_MOR_Kinetik_DAMGO_5HT___5_HT_and_DAMGO10	LK018
pRII_Microscopy	model1_data49	model1_data154	993.984664905733	0	s_pRII_LK020_18_LK014_12_MOR_Kinetik_DAMGO_5HT	s_pRII_LK020_18_LK014_12_MOR_Kinetik_DAMGO_5HT	LK020_18_LK014_12_MOR_Kinetik_DAMGO_5HT	LK020_18_LK014_12_MOR_Kinetik_DAMGO_5HT___5_HT_and_DAMGO10	LK019
pRII_Microscopy	model1_data49	model1_data154	1234.53526365982	1	s_pRII_LK020_18_LK014_12_MOR_Kinetik_DAMGO_5HT	s_pRII_LK020_18_LK014_12_MOR_Kinetik_DAMGO_5HT	LK020_18_LK014_12_MOR_Kinetik_DAMGO_5HT	LK020_18_LK014_12_MOR_Kinetik_DAMGO_5HT___5_HT_and_DAMGO10	LK019
pRII_Microscopy	model1_data49	model1_data154	1167.99361326805	5	s_pRII_LK020_18_LK014_12_MOR_Kinetik_DAMGO_5HT	s_pRII_LK020_18_LK014_12_MOR_Kinetik_DAMGO_5HT	LK020_18_LK014_12_MOR_Kinetik_DAMGO_5HT	LK020_18_LK014_12_MOR_Kinetik_DAMGO_5HT___5_HT_and_DAMGO10	LK019
pRII_Microscopy	model1_data49	model1_data154	1132.05564063865	15	s_pRII_LK020_18_LK014_12_MOR_Kinetik_DAMGO_5HT	s_pRII_LK020_18_LK014_12_MOR_Kinetik_DAMGO_5HT	LK020_18_LK014_12_MOR_Kinetik_DAMGO_5HT	LK020_18_LK014_12_MOR_Kinetik_DAMGO_5HT___5_HT_and_DAMGO10	LK019
pRII_Microscopy	model1_data49	model1_data154	1091.78612701794	30	s_pRII_LK020_18_LK014_12_MOR_Kinetik_DAMGO_5HT	s_pRII_LK020_18_LK014_12_MOR_Kinetik_DAMGO_5HT	LK020_18_LK014_12_MOR_Kinetik_DAMGO_5HT	LK020_18_LK014_12_MOR_Kinetik_DAMGO_5HT___5_HT_and_DAMGO10	LK019
pRII_Microscopy	model1_data49	model1_data154	1083.62111613263	60	s_pRII_LK020_18_LK014_12_MOR_Kinetik_DAMGO_5HT	s_pRII_LK020_18_LK014_12_MOR_Kinetik_DAMGO_5HT	LK020_18_LK014_12_MOR_Kinetik_DAMGO_5HT	LK020_18_LK014_12_MOR_Kinetik_DAMGO_5HT___5_HT_and_DAMGO10	LK019
pRII_Microscopy	model1_data49	model1_data154	1046.49785151289	120	s_pRII_LK020_18_LK014_12_MOR_Kinetik_DAMGO_5HT	s_pRII_LK020_18_LK014_12_MOR_Kinetik_DAMGO_5HT	LK020_18_LK014_12_MOR_Kinetik_DAMGO_5HT	LK020_18_LK014_12_MOR_Kinetik_DAMGO_5HT___5_HT_and_DAMGO10	LK019
pRII_Microscopy	model1_data49	model1_data154	944.091036979264	0	s_pRII_LK020_18_LK014_12_MOR_Kinetik_DAMGO_5HT	s_pRII_LK020_18_LK014_12_MOR_Kinetik_DAMGO_5HT	LK020_18_LK014_12_MOR_Kinetik_DAMGO_5HT	LK020_18_LK014_12_MOR_Kinetik_DAMGO_5HT___5_HT_and_DAMGO10	LK020
pRII_Microscopy	model1_data49	model1_data154	1259.66710617768	1	s_pRII_LK020_18_LK014_12_MOR_Kinetik_DAMGO_5HT	s_pRII_LK020_18_LK014_12_MOR_Kinetik_DAMGO_5HT	LK020_18_LK014_12_MOR_Kinetik_DAMGO_5HT	LK020_18_LK014_12_MOR_Kinetik_DAMGO_5HT___5_HT_and_DAMGO10	LK020
pRII_Microscopy	model1_data49	model1_data154	1108.90013780122	5	s_pRII_LK020_18_LK014_12_MOR_Kinetik_DAMGO_5HT	s_pRII_LK020_18_LK014_12_MOR_Kinetik_DAMGO_5HT	LK020_18_LK014_12_MOR_Kinetik_DAMGO_5HT	LK020_18_LK014_12_MOR_Kinetik_DAMGO_5HT___5_HT_and_DAMGO10	LK020
pRII_Microscopy	model1_data49	model1_data154	1141.25026719294	15	s_pRII_LK020_18_LK014_12_MOR_Kinetik_DAMGO_5HT	s_pRII_LK020_18_LK014_12_MOR_Kinetik_DAMGO_5HT	LK020_18_LK014_12_MOR_Kinetik_DAMGO_5HT	LK020_18_LK014_12_MOR_Kinetik_DAMGO_5HT___5_HT_and_DAMGO10	LK020
pRII_Microscopy	model1_data49	model1_data154	1183.37574452844	30	s_pRII_LK020_18_LK014_12_MOR_Kinetik_DAMGO_5HT	s_pRII_LK020_18_LK014_12_MOR_Kinetik_DAMGO_5HT	LK020_18_LK014_12_MOR_Kinetik_DAMGO_5HT	LK020_18_LK014_12_MOR_Kinetik_DAMGO_5HT___5_HT_and_DAMGO10	LK020
pRII_Microscopy	model1_data49	model1_data154	1129.52292473601	60	s_pRII_LK020_18_LK014_12_MOR_Kinetik_DAMGO_5HT	s_pRII_LK020_18_LK014_12_MOR_Kinetik_DAMGO_5HT	LK020_18_LK014_12_MOR_Kinetik_DAMGO_5HT	LK020_18_LK014_12_MOR_Kinetik_DAMGO_5HT___5_HT_and_DAMGO10	LK020
pRII_Microscopy	model1_data49	model1_data154	1065.54410942553	120	s_pRII_LK020_18_LK014_12_MOR_Kinetik_DAMGO_5HT	s_pRII_LK020_18_LK014_12_MOR_Kinetik_DAMGO_5HT	LK020_18_LK014_12_MOR_Kinetik_DAMGO_5HT	LK020_18_LK014_12_MOR_Kinetik_DAMGO_5HT___5_HT_and_DAMGO10	LK020
pRII_Microscopy	model1_data49	model1_data155	985.575034737667	0	s_pRII_LK020_18_LK014_12_MOR_Kinetik_DAMGO_5HT	s_pRII_LK020_18_LK014_12_MOR_Kinetik_DAMGO_5HT	LK020_18_LK014_12_MOR_Kinetik_DAMGO_5HT	LK020_18_LK014_12_MOR_Kinetik_DAMGO_5HT___DAMGO10	Ex012
pRII_Microscopy	model1_data49	model1_data155	999.561648420093	1	s_pRII_LK020_18_LK014_12_MOR_Kinetik_DAMGO_5HT	s_pRII_LK020_18_LK014_12_MOR_Kinetik_DAMGO_5HT	LK020_18_LK014_12_MOR_Kinetik_DAMGO_5HT	LK020_18_LK014_12_MOR_Kinetik_DAMGO_5HT___DAMGO10	Ex012
pRII_Microscopy	model1_data49	model1_data155	1005.703144165	5	s_pRII_LK020_18_LK014_12_MOR_Kinetik_DAMGO_5HT	s_pRII_LK020_18_LK014_12_MOR_Kinetik_DAMGO_5HT	LK020_18_LK014_12_MOR_Kinetik_DAMGO_5HT	LK020_18_LK014_12_MOR_Kinetik_DAMGO_5HT___DAMGO10	Ex012
pRII_Microscopy	model1_data49	model1_data155	978.425914768628	15	s_pRII_LK020_18_LK014_12_MOR_Kinetik_DAMGO_5HT	s_pRII_LK020_18_LK014_12_MOR_Kinetik_DAMGO_5HT	LK020_18_LK014_12_MOR_Kinetik_DAMGO_5HT	LK020_18_LK014_12_MOR_Kinetik_DAMGO_5HT___DAMGO10	Ex012
pRII_Microscopy	model1_data49	model1_data155	941.346913686317	30	s_pRII_LK020_18_LK014_12_MOR_Kinetik_DAMGO_5HT	s_pRII_LK020_18_LK014_12_MOR_Kinetik_DAMGO_5HT	LK020_18_LK014_12_MOR_Kinetik_DAMGO_5HT	LK020_18_LK014_12_MOR_Kinetik_DAMGO_5HT___DAMGO10	Ex012
pRII_Microscopy	model1_data49	model1_data155	979.348284388638	60	s_pRII_LK020_18_LK014_12_MOR_Kinetik_DAMGO_5HT	s_pRII_LK020_18_LK014_12_MOR_Kinetik_DAMGO_5HT	LK020_18_LK014_12_MOR_Kinetik_DAMGO_5HT	LK020_18_LK014_12_MOR_Kinetik_DAMGO_5HT___DAMGO10	Ex012
pRII_Microscopy	model1_data49	model1_data155	984.79213378528	120	s_pRII_LK020_18_LK014_12_MOR_Kinetik_DAMGO_5HT	s_pRII_LK020_18_LK014_12_MOR_Kinetik_DAMGO_5HT	LK020_18_LK014_12_MOR_Kinetik_DAMGO_5HT	LK020_18_LK014_12_MOR_Kinetik_DAMGO_5HT___DAMGO10	Ex012
pRII_Microscopy	model1_data49	model1_data155	1039.88314233545	0	s_pRII_LK020_18_LK014_12_MOR_Kinetik_DAMGO_5HT	s_pRII_LK020_18_LK014_12_MOR_Kinetik_DAMGO_5HT	LK020_18_LK014_12_MOR_Kinetik_DAMGO_5HT	LK020_18_LK014_12_MOR_Kinetik_DAMGO_5HT___DAMGO10	Ex013
pRII_Microscopy	model1_data49	model1_data155	1080.41000954934	1	s_pRII_LK020_18_LK014_12_MOR_Kinetik_DAMGO_5HT	s_pRII_LK020_18_LK014_12_MOR_Kinetik_DAMGO_5HT	LK020_18_LK014_12_MOR_Kinetik_DAMGO_5HT	LK020_18_LK014_12_MOR_Kinetik_DAMGO_5HT___DAMGO10	Ex013
pRII_Microscopy	model1_data49	model1_data155	1058.45815822377	5	s_pRII_LK020_18_LK014_12_MOR_Kinetik_DAMGO_5HT	s_pRII_LK020_18_LK014_12_MOR_Kinetik_DAMGO_5HT	LK020_18_LK014_12_MOR_Kinetik_DAMGO_5HT	LK020_18_LK014_12_MOR_Kinetik_DAMGO_5HT___DAMGO10	Ex013
pRII_Microscopy	model1_data49	model1_data155	989.533676868046	15	s_pRII_LK020_18_LK014_12_MOR_Kinetik_DAMGO_5HT	s_pRII_LK020_18_LK014_12_MOR_Kinetik_DAMGO_5HT	LK020_18_LK014_12_MOR_Kinetik_DAMGO_5HT	LK020_18_LK014_12_MOR_Kinetik_DAMGO_5HT___DAMGO10	Ex013
pRII_Microscopy	model1_data49	model1_data155	1032.39059039179	30	s_pRII_LK020_18_LK014_12_MOR_Kinetik_DAMGO_5HT	s_pRII_LK020_18_LK014_12_MOR_Kinetik_DAMGO_5HT	LK020_18_LK014_12_MOR_Kinetik_DAMGO_5HT	LK020_18_LK014_12_MOR_Kinetik_DAMGO_5HT___DAMGO10	Ex013
pRII_Microscopy	model1_data49	model1_data155	1030.82836683907	60	s_pRII_LK020_18_LK014_12_MOR_Kinetik_DAMGO_5HT	s_pRII_LK020_18_LK014_12_MOR_Kinetik_DAMGO_5HT	LK020_18_LK014_12_MOR_Kinetik_DAMGO_5HT	LK020_18_LK014_12_MOR_Kinetik_DAMGO_5HT___DAMGO10	Ex013
pRII_Microscopy	model1_data49	model1_data155	1025.55572811532	120	s_pRII_LK020_18_LK014_12_MOR_Kinetik_DAMGO_5HT	s_pRII_LK020_18_LK014_12_MOR_Kinetik_DAMGO_5HT	LK020_18_LK014_12_MOR_Kinetik_DAMGO_5HT	LK020_18_LK014_12_MOR_Kinetik_DAMGO_5HT___DAMGO10	Ex013
pRII_Microscopy	model1_data49	model1_data155	901.158253268752	0	s_pRII_LK020_18_LK014_12_MOR_Kinetik_DAMGO_5HT	s_pRII_LK020_18_LK014_12_MOR_Kinetik_DAMGO_5HT	LK020_18_LK014_12_MOR_Kinetik_DAMGO_5HT	LK020_18_LK014_12_MOR_Kinetik_DAMGO_5HT___DAMGO10	Ex014
pRII_Microscopy	model1_data49	model1_data155	1052.76206250159	1	s_pRII_LK020_18_LK014_12_MOR_Kinetik_DAMGO_5HT	s_pRII_LK020_18_LK014_12_MOR_Kinetik_DAMGO_5HT	LK020_18_LK014_12_MOR_Kinetik_DAMGO_5HT	LK020_18_LK014_12_MOR_Kinetik_DAMGO_5HT___DAMGO10	Ex014
pRII_Microscopy	model1_data49	model1_data155	1010.44051365617	5	s_pRII_LK020_18_LK014_12_MOR_Kinetik_DAMGO_5HT	s_pRII_LK020_18_LK014_12_MOR_Kinetik_DAMGO_5HT	LK020_18_LK014_12_MOR_Kinetik_DAMGO_5HT	LK020_18_LK014_12_MOR_Kinetik_DAMGO_5HT___DAMGO10	Ex014
pRII_Microscopy	model1_data49	model1_data155	1006.04799832319	15	s_pRII_LK020_18_LK014_12_MOR_Kinetik_DAMGO_5HT	s_pRII_LK020_18_LK014_12_MOR_Kinetik_DAMGO_5HT	LK020_18_LK014_12_MOR_Kinetik_DAMGO_5HT	LK020_18_LK014_12_MOR_Kinetik_DAMGO_5HT___DAMGO10	Ex014
pRII_Microscopy	model1_data49	model1_data155	1002.27968839087	30	s_pRII_LK020_18_LK014_12_MOR_Kinetik_DAMGO_5HT	s_pRII_LK020_18_LK014_12_MOR_Kinetik_DAMGO_5HT	LK020_18_LK014_12_MOR_Kinetik_DAMGO_5HT	LK020_18_LK014_12_MOR_Kinetik_DAMGO_5HT___DAMGO10	Ex014
pRII_Microscopy	model1_data49	model1_data155	983.66967233936	60	s_pRII_LK020_18_LK014_12_MOR_Kinetik_DAMGO_5HT	s_pRII_LK020_18_LK014_12_MOR_Kinetik_DAMGO_5HT	LK020_18_LK014_12_MOR_Kinetik_DAMGO_5HT	LK020_18_LK014_12_MOR_Kinetik_DAMGO_5HT___DAMGO10	Ex014
pRII_Microscopy	model1_data49	model1_data155	1182.52672527942	120	s_pRII_LK020_18_LK014_12_MOR_Kinetik_DAMGO_5HT	s_pRII_LK020_18_LK014_12_MOR_Kinetik_DAMGO_5HT	LK020_18_LK014_12_MOR_Kinetik_DAMGO_5HT	LK020_18_LK014_12_MOR_Kinetik_DAMGO_5HT___DAMGO10	Ex014
pRII_Microscopy	model1_data49	model1_data155	972.518953313309	0	s_pRII_LK020_18_LK014_12_MOR_Kinetik_DAMGO_5HT	s_pRII_LK020_18_LK014_12_MOR_Kinetik_DAMGO_5HT	LK020_18_LK014_12_MOR_Kinetik_DAMGO_5HT	LK020_18_LK014_12_MOR_Kinetik_DAMGO_5HT___DAMGO10	LK018
pRII_Microscopy	model1_data49	model1_data155	987.877367702675	1	s_pRII_LK020_18_LK014_12_MOR_Kinetik_DAMGO_5HT	s_pRII_LK020_18_LK014_12_MOR_Kinetik_DAMGO_5HT	LK020_18_LK014_12_MOR_Kinetik_DAMGO_5HT	LK020_18_LK014_12_MOR_Kinetik_DAMGO_5HT___DAMGO10	LK018
pRII_Microscopy	model1_data49	model1_data155	944.500544841042	5	s_pRII_LK020_18_LK014_12_MOR_Kinetik_DAMGO_5HT	s_pRII_LK020_18_LK014_12_MOR_Kinetik_DAMGO_5HT	LK020_18_LK014_12_MOR_Kinetik_DAMGO_5HT	LK020_18_LK014_12_MOR_Kinetik_DAMGO_5HT___DAMGO10	LK018
pRII_Microscopy	model1_data49	model1_data155	947.347159088798	15	s_pRII_LK020_18_LK014_12_MOR_Kinetik_DAMGO_5HT	s_pRII_LK020_18_LK014_12_MOR_Kinetik_DAMGO_5HT	LK020_18_LK014_12_MOR_Kinetik_DAMGO_5HT	LK020_18_LK014_12_MOR_Kinetik_DAMGO_5HT___DAMGO10	LK018
pRII_Microscopy	model1_data49	model1_data155	908.444024796205	30	s_pRII_LK020_18_LK014_12_MOR_Kinetik_DAMGO_5HT	s_pRII_LK020_18_LK014_12_MOR_Kinetik_DAMGO_5HT	LK020_18_LK014_12_MOR_Kinetik_DAMGO_5HT	LK020_18_LK014_12_MOR_Kinetik_DAMGO_5HT___DAMGO10	LK018
pRII_Microscopy	model1_data49	model1_data155	902.695786927751	60	s_pRII_LK020_18_LK014_12_MOR_Kinetik_DAMGO_5HT	s_pRII_LK020_18_LK014_12_MOR_Kinetik_DAMGO_5HT	LK020_18_LK014_12_MOR_Kinetik_DAMGO_5HT	LK020_18_LK014_12_MOR_Kinetik_DAMGO_5HT___DAMGO10	LK018
pRII_Microscopy	model1_data49	model1_data155	925.737262832926	120	s_pRII_LK020_18_LK014_12_MOR_Kinetik_DAMGO_5HT	s_pRII_LK020_18_LK014_12_MOR_Kinetik_DAMGO_5HT	LK020_18_LK014_12_MOR_Kinetik_DAMGO_5HT	LK020_18_LK014_12_MOR_Kinetik_DAMGO_5HT___DAMGO10	LK018
pRII_Microscopy	model1_data49	model1_data155	1003.59664747991	0	s_pRII_LK020_18_LK014_12_MOR_Kinetik_DAMGO_5HT	s_pRII_LK020_18_LK014_12_MOR_Kinetik_DAMGO_5HT	LK020_18_LK014_12_MOR_Kinetik_DAMGO_5HT	LK020_18_LK014_12_MOR_Kinetik_DAMGO_5HT___DAMGO10	LK019
pRII_Microscopy	model1_data49	model1_data155	1037.94564887371	1	s_pRII_LK020_18_LK014_12_MOR_Kinetik_DAMGO_5HT	s_pRII_LK020_18_LK014_12_MOR_Kinetik_DAMGO_5HT	LK020_18_LK014_12_MOR_Kinetik_DAMGO_5HT	LK020_18_LK014_12_MOR_Kinetik_DAMGO_5HT___DAMGO10	LK019
pRII_Microscopy	model1_data49	model1_data155	1036.55863413535	5	s_pRII_LK020_18_LK014_12_MOR_Kinetik_DAMGO_5HT	s_pRII_LK020_18_LK014_12_MOR_Kinetik_DAMGO_5HT	LK020_18_LK014_12_MOR_Kinetik_DAMGO_5HT	LK020_18_LK014_12_MOR_Kinetik_DAMGO_5HT___DAMGO10	LK019
pRII_Microscopy	model1_data49	model1_data155	1056.17069045314	15	s_pRII_LK020_18_LK014_12_MOR_Kinetik_DAMGO_5HT	s_pRII_LK020_18_LK014_12_MOR_Kinetik_DAMGO_5HT	LK020_18_LK014_12_MOR_Kinetik_DAMGO_5HT	LK020_18_LK014_12_MOR_Kinetik_DAMGO_5HT___DAMGO10	LK019
pRII_Microscopy	model1_data49	model1_data155	1053.92697306788	30	s_pRII_LK020_18_LK014_12_MOR_Kinetik_DAMGO_5HT	s_pRII_LK020_18_LK014_12_MOR_Kinetik_DAMGO_5HT	LK020_18_LK014_12_MOR_Kinetik_DAMGO_5HT	LK020_18_LK014_12_MOR_Kinetik_DAMGO_5HT___DAMGO10	LK019
pRII_Microscopy	model1_data49	model1_data155	1007.38793587203	60	s_pRII_LK020_18_LK014_12_MOR_Kinetik_DAMGO_5HT	s_pRII_LK020_18_LK014_12_MOR_Kinetik_DAMGO_5HT	LK020_18_LK014_12_MOR_Kinetik_DAMGO_5HT	LK020_18_LK014_12_MOR_Kinetik_DAMGO_5HT___DAMGO10	LK019
pRII_Microscopy	model1_data49	model1_data155	969.35084544623	120	s_pRII_LK020_18_LK014_12_MOR_Kinetik_DAMGO_5HT	s_pRII_LK020_18_LK014_12_MOR_Kinetik_DAMGO_5HT	LK020_18_LK014_12_MOR_Kinetik_DAMGO_5HT	LK020_18_LK014_12_MOR_Kinetik_DAMGO_5HT___DAMGO10	LK019
pRII_Microscopy	model1_data49	model1_data155	963.38412156477	0	s_pRII_LK020_18_LK014_12_MOR_Kinetik_DAMGO_5HT	s_pRII_LK020_18_LK014_12_MOR_Kinetik_DAMGO_5HT	LK020_18_LK014_12_MOR_Kinetik_DAMGO_5HT	LK020_18_LK014_12_MOR_Kinetik_DAMGO_5HT___DAMGO10	LK020
pRII_Microscopy	model1_data49	model1_data155	944.069311550715	1	s_pRII_LK020_18_LK014_12_MOR_Kinetik_DAMGO_5HT	s_pRII_LK020_18_LK014_12_MOR_Kinetik_DAMGO_5HT	LK020_18_LK014_12_MOR_Kinetik_DAMGO_5HT	LK020_18_LK014_12_MOR_Kinetik_DAMGO_5HT___DAMGO10	LK020
pRII_Microscopy	model1_data49	model1_data155	969.942371661934	5	s_pRII_LK020_18_LK014_12_MOR_Kinetik_DAMGO_5HT	s_pRII_LK020_18_LK014_12_MOR_Kinetik_DAMGO_5HT	LK020_18_LK014_12_MOR_Kinetik_DAMGO_5HT	LK020_18_LK014_12_MOR_Kinetik_DAMGO_5HT___DAMGO10	LK020
pRII_Microscopy	model1_data49	model1_data155	956.411358961756	15	s_pRII_LK020_18_LK014_12_MOR_Kinetik_DAMGO_5HT	s_pRII_LK020_18_LK014_12_MOR_Kinetik_DAMGO_5HT	LK020_18_LK014_12_MOR_Kinetik_DAMGO_5HT	LK020_18_LK014_12_MOR_Kinetik_DAMGO_5HT___DAMGO10	LK020
pRII_Microscopy	model1_data49	model1_data155	938.657772889741	30	s_pRII_LK020_18_LK014_12_MOR_Kinetik_DAMGO_5HT	s_pRII_LK020_18_LK014_12_MOR_Kinetik_DAMGO_5HT	LK020_18_LK014_12_MOR_Kinetik_DAMGO_5HT	LK020_18_LK014_12_MOR_Kinetik_DAMGO_5HT___DAMGO10	LK020
pRII_Microscopy	model1_data49	model1_data155	932.546697824267	60	s_pRII_LK020_18_LK014_12_MOR_Kinetik_DAMGO_5HT	s_pRII_LK020_18_LK014_12_MOR_Kinetik_DAMGO_5HT	LK020_18_LK014_12_MOR_Kinetik_DAMGO_5HT	LK020_18_LK014_12_MOR_Kinetik_DAMGO_5HT___DAMGO10	LK020
pRII_Microscopy	model1_data49	model1_data155	990.340249740568	120	s_pRII_LK020_18_LK014_12_MOR_Kinetik_DAMGO_5HT	s_pRII_LK020_18_LK014_12_MOR_Kinetik_DAMGO_5HT	LK020_18_LK014_12_MOR_Kinetik_DAMGO_5HT	LK020_18_LK014_12_MOR_Kinetik_DAMGO_5HT___DAMGO10	LK020
pRII_Microscopy	model1_data49	model1_data177	1000	0	s_pRII_JI09_140331_Drg270_267_TiM	s_pRII_JI09_140331_Drg270_267_TiM	JI09_140331_Drg270_267_TiM	JI09_140331_Drg270_267_TiM__ctrl	Drg267
pRII_Microscopy	model1_data49	model1_data177	996.401030339811	1	s_pRII_JI09_140331_Drg270_267_TiM	s_pRII_JI09_140331_Drg270_267_TiM	JI09_140331_Drg270_267_TiM	JI09_140331_Drg270_267_TiM__ctrl	Drg267
pRII_Microscopy	model1_data49	model1_data177	990.706120379522	5	s_pRII_JI09_140331_Drg270_267_TiM	s_pRII_JI09_140331_Drg270_267_TiM	JI09_140331_Drg270_267_TiM	JI09_140331_Drg270_267_TiM__ctrl	Drg267
pRII_Microscopy	model1_data49	model1_data177	1022.34465683593	15	s_pRII_JI09_140331_Drg270_267_TiM	s_pRII_JI09_140331_Drg270_267_TiM	JI09_140331_Drg270_267_TiM	JI09_140331_Drg270_267_TiM__ctrl	Drg267
pRII_Microscopy	model1_data49	model1_data177	958.858186787249	30	s_pRII_JI09_140331_Drg270_267_TiM	s_pRII_JI09_140331_Drg270_267_TiM	JI09_140331_Drg270_267_TiM	JI09_140331_Drg270_267_TiM__ctrl	Drg267
pRII_Microscopy	model1_data49	model1_data177	961.901877037356	60	s_pRII_JI09_140331_Drg270_267_TiM	s_pRII_JI09_140331_Drg270_267_TiM	JI09_140331_Drg270_267_TiM	JI09_140331_Drg270_267_TiM__ctrl	Drg267
pRII_Microscopy	model1_data49	model1_data177	1007.2614664709	120	s_pRII_JI09_140331_Drg270_267_TiM	s_pRII_JI09_140331_Drg270_267_TiM	JI09_140331_Drg270_267_TiM	JI09_140331_Drg270_267_TiM__ctrl	Drg267
pRII_Microscopy	model1_data49	model1_data177	1000	0	s_pRII_JI09_140331_Drg270_267_TiM	s_pRII_JI09_140331_Drg270_267_TiM	JI09_140331_Drg270_267_TiM	JI09_140331_Drg270_267_TiM__ctrl	Drg268
pRII_Microscopy	model1_data49	model1_data177	954.156889158509	1	s_pRII_JI09_140331_Drg270_267_TiM	s_pRII_JI09_140331_Drg270_267_TiM	JI09_140331_Drg270_267_TiM	JI09_140331_Drg270_267_TiM__ctrl	Drg268
pRII_Microscopy	model1_data49	model1_data177	865.821125843132	5	s_pRII_JI09_140331_Drg270_267_TiM	s_pRII_JI09_140331_Drg270_267_TiM	JI09_140331_Drg270_267_TiM	JI09_140331_Drg270_267_TiM__ctrl	Drg268
pRII_Microscopy	model1_data49	model1_data177	933.213276246643	15	s_pRII_JI09_140331_Drg270_267_TiM	s_pRII_JI09_140331_Drg270_267_TiM	JI09_140331_Drg270_267_TiM	JI09_140331_Drg270_267_TiM__ctrl	Drg268
pRII_Microscopy	model1_data49	model1_data177	732.986627060197	30	s_pRII_JI09_140331_Drg270_267_TiM	s_pRII_JI09_140331_Drg270_267_TiM	JI09_140331_Drg270_267_TiM	JI09_140331_Drg270_267_TiM__ctrl	Drg268
pRII_Microscopy	model1_data49	model1_data177	932.13454741614	60	s_pRII_JI09_140331_Drg270_267_TiM	s_pRII_JI09_140331_Drg270_267_TiM	JI09_140331_Drg270_267_TiM	JI09_140331_Drg270_267_TiM__ctrl	Drg268
pRII_Microscopy	model1_data49	model1_data177	913.04629289053	120	s_pRII_JI09_140331_Drg270_267_TiM	s_pRII_JI09_140331_Drg270_267_TiM	JI09_140331_Drg270_267_TiM	JI09_140331_Drg270_267_TiM__ctrl	Drg268
pRII_Microscopy	model1_data49	model1_data177	1000	0	s_pRII_JI09_140331_Drg270_267_TiM	s_pRII_JI09_140331_Drg270_267_TiM	JI09_140331_Drg270_267_TiM	JI09_140331_Drg270_267_TiM__ctrl	Drg269
pRII_Microscopy	model1_data49	model1_data177	937.715736913489	1	s_pRII_JI09_140331_Drg270_267_TiM	s_pRII_JI09_140331_Drg270_267_TiM	JI09_140331_Drg270_267_TiM	JI09_140331_Drg270_267_TiM__ctrl	Drg269
pRII_Microscopy	model1_data49	model1_data177	957.742695285693	5	s_pRII_JI09_140331_Drg270_267_TiM	s_pRII_JI09_140331_Drg270_267_TiM	JI09_140331_Drg270_267_TiM	JI09_140331_Drg270_267_TiM__ctrl	Drg269
pRII_Microscopy	model1_data49	model1_data177	942.815575333354	15	s_pRII_JI09_140331_Drg270_267_TiM	s_pRII_JI09_140331_Drg270_267_TiM	JI09_140331_Drg270_267_TiM	JI09_140331_Drg270_267_TiM__ctrl	Drg269
pRII_Microscopy	model1_data49	model1_data177	849.265020877102	30	s_pRII_JI09_140331_Drg270_267_TiM	s_pRII_JI09_140331_Drg270_267_TiM	JI09_140331_Drg270_267_TiM	JI09_140331_Drg270_267_TiM__ctrl	Drg269
pRII_Microscopy	model1_data49	model1_data177	848.116339618877	60	s_pRII_JI09_140331_Drg270_267_TiM	s_pRII_JI09_140331_Drg270_267_TiM	JI09_140331_Drg270_267_TiM	JI09_140331_Drg270_267_TiM__ctrl	Drg269
pRII_Microscopy	model1_data49	model1_data177	884.634583304969	120	s_pRII_JI09_140331_Drg270_267_TiM	s_pRII_JI09_140331_Drg270_267_TiM	JI09_140331_Drg270_267_TiM	JI09_140331_Drg270_267_TiM__ctrl	Drg269
pRII_Microscopy	model1_data49	model1_data177	1000	0	s_pRII_JI09_140331_Drg270_267_TiM	s_pRII_JI09_140331_Drg270_267_TiM	JI09_140331_Drg270_267_TiM	JI09_140331_Drg270_267_TiM__ctrl	Drg270
pRII_Microscopy	model1_data49	model1_data177	1051.27251581128	1	s_pRII_JI09_140331_Drg270_267_TiM	s_pRII_JI09_140331_Drg270_267_TiM	JI09_140331_Drg270_267_TiM	JI09_140331_Drg270_267_TiM__ctrl	Drg270
pRII_Microscopy	model1_data49	model1_data177	975.51115045121	5	s_pRII_JI09_140331_Drg270_267_TiM	s_pRII_JI09_140331_Drg270_267_TiM	JI09_140331_Drg270_267_TiM	JI09_140331_Drg270_267_TiM__ctrl	Drg270
pRII_Microscopy	model1_data49	model1_data177	974.154453414906	15	s_pRII_JI09_140331_Drg270_267_TiM	s_pRII_JI09_140331_Drg270_267_TiM	JI09_140331_Drg270_267_TiM	JI09_140331_Drg270_267_TiM__ctrl	Drg270
pRII_Microscopy	model1_data49	model1_data177	959.618259308166	30	s_pRII_JI09_140331_Drg270_267_TiM	s_pRII_JI09_140331_Drg270_267_TiM	JI09_140331_Drg270_267_TiM	JI09_140331_Drg270_267_TiM__ctrl	Drg270
pRII_Microscopy	model1_data49	model1_data177	1007.85871908592	60	s_pRII_JI09_140331_Drg270_267_TiM	s_pRII_JI09_140331_Drg270_267_TiM	JI09_140331_Drg270_267_TiM	JI09_140331_Drg270_267_TiM__ctrl	Drg270
pRII_Microscopy	model1_data49	model1_data177	911.58953386149	120	s_pRII_JI09_140331_Drg270_267_TiM	s_pRII_JI09_140331_Drg270_267_TiM	JI09_140331_Drg270_267_TiM	JI09_140331_Drg270_267_TiM__ctrl	Drg270
pRII_Microscopy	model1_data49	model1_data178	1000	0	s_pRII_JI09_140331_Drg270_267_TiM	s_pRII_JI09_140331_Drg270_267_TiM	JI09_140331_Drg270_267_TiM	JI09_140331_Drg270_267_TiM__5_HT1	Drg267
pRII_Microscopy	model1_data49	model1_data178	2031.43878344548	1	s_pRII_JI09_140331_Drg270_267_TiM	s_pRII_JI09_140331_Drg270_267_TiM	JI09_140331_Drg270_267_TiM	JI09_140331_Drg270_267_TiM__5_HT1	Drg267
pRII_Microscopy	model1_data49	model1_data178	2046.59849113517	5	s_pRII_JI09_140331_Drg270_267_TiM	s_pRII_JI09_140331_Drg270_267_TiM	JI09_140331_Drg270_267_TiM	JI09_140331_Drg270_267_TiM__5_HT1	Drg267
pRII_Microscopy	model1_data49	model1_data178	1573.09873848789	15	s_pRII_JI09_140331_Drg270_267_TiM	s_pRII_JI09_140331_Drg270_267_TiM	JI09_140331_Drg270_267_TiM	JI09_140331_Drg270_267_TiM__5_HT1	Drg267
pRII_Microscopy	model1_data49	model1_data178	1425.86775766689	30	s_pRII_JI09_140331_Drg270_267_TiM	s_pRII_JI09_140331_Drg270_267_TiM	JI09_140331_Drg270_267_TiM	JI09_140331_Drg270_267_TiM__5_HT1	Drg267
pRII_Microscopy	model1_data49	model1_data178	1309.9936243182	60	s_pRII_JI09_140331_Drg270_267_TiM	s_pRII_JI09_140331_Drg270_267_TiM	JI09_140331_Drg270_267_TiM	JI09_140331_Drg270_267_TiM__5_HT1	Drg267
pRII_Microscopy	model1_data49	model1_data178	1127.28857584226	120	s_pRII_JI09_140331_Drg270_267_TiM	s_pRII_JI09_140331_Drg270_267_TiM	JI09_140331_Drg270_267_TiM	JI09_140331_Drg270_267_TiM__5_HT1	Drg267
pRII_Microscopy	model1_data49	model1_data178	1000	0	s_pRII_JI09_140331_Drg270_267_TiM	s_pRII_JI09_140331_Drg270_267_TiM	JI09_140331_Drg270_267_TiM	JI09_140331_Drg270_267_TiM__5_HT1	Drg268
pRII_Microscopy	model1_data49	model1_data178	1837.00519154475	1	s_pRII_JI09_140331_Drg270_267_TiM	s_pRII_JI09_140331_Drg270_267_TiM	JI09_140331_Drg270_267_TiM	JI09_140331_Drg270_267_TiM__5_HT1	Drg268
pRII_Microscopy	model1_data49	model1_data178	1866.06583369803	5	s_pRII_JI09_140331_Drg270_267_TiM	s_pRII_JI09_140331_Drg270_267_TiM	JI09_140331_Drg270_267_TiM	JI09_140331_Drg270_267_TiM__5_HT1	Drg268
pRII_Microscopy	model1_data49	model1_data178	1449.36001205358	15	s_pRII_JI09_140331_Drg270_267_TiM	s_pRII_JI09_140331_Drg270_267_TiM	JI09_140331_Drg270_267_TiM	JI09_140331_Drg270_267_TiM__5_HT1	Drg268
pRII_Microscopy	model1_data49	model1_data178	1464.11309576045	30	s_pRII_JI09_140331_Drg270_267_TiM	s_pRII_JI09_140331_Drg270_267_TiM	JI09_140331_Drg270_267_TiM	JI09_140331_Drg270_267_TiM__5_HT1	Drg268
pRII_Microscopy	model1_data49	model1_data178	1392.45339917789	60	s_pRII_JI09_140331_Drg270_267_TiM	s_pRII_JI09_140331_Drg270_267_TiM	JI09_140331_Drg270_267_TiM	JI09_140331_Drg270_267_TiM__5_HT1	Drg268
pRII_Microscopy	model1_data49	model1_data178	1236.81838560273	120	s_pRII_JI09_140331_Drg270_267_TiM	s_pRII_JI09_140331_Drg270_267_TiM	JI09_140331_Drg270_267_TiM	JI09_140331_Drg270_267_TiM__5_HT1	Drg268
pRII_Microscopy	model1_data49	model1_data178	1000	0	s_pRII_JI09_140331_Drg270_267_TiM	s_pRII_JI09_140331_Drg270_267_TiM	JI09_140331_Drg270_267_TiM	JI09_140331_Drg270_267_TiM__5_HT1	Drg269
pRII_Microscopy	model1_data49	model1_data178	1544.48880172962	1	s_pRII_JI09_140331_Drg270_267_TiM	s_pRII_JI09_140331_Drg270_267_TiM	JI09_140331_Drg270_267_TiM	JI09_140331_Drg270_267_TiM__5_HT1	Drg269
pRII_Microscopy	model1_data49	model1_data178	1655.41271060119	5	s_pRII_JI09_140331_Drg270_267_TiM	s_pRII_JI09_140331_Drg270_267_TiM	JI09_140331_Drg270_267_TiM	JI09_140331_Drg270_267_TiM__5_HT1	Drg269
pRII_Microscopy	model1_data49	model1_data178	1325.26513875667	15	s_pRII_JI09_140331_Drg270_267_TiM	s_pRII_JI09_140331_Drg270_267_TiM	JI09_140331_Drg270_267_TiM	JI09_140331_Drg270_267_TiM__5_HT1	Drg269
pRII_Microscopy	model1_data49	model1_data178	1246.40709655025	30	s_pRII_JI09_140331_Drg270_267_TiM	s_pRII_JI09_140331_Drg270_267_TiM	JI09_140331_Drg270_267_TiM	JI09_140331_Drg270_267_TiM__5_HT1	Drg269
pRII_Microscopy	model1_data49	model1_data178	1192.43291211043	60	s_pRII_JI09_140331_Drg270_267_TiM	s_pRII_JI09_140331_Drg270_267_TiM	JI09_140331_Drg270_267_TiM	JI09_140331_Drg270_267_TiM__5_HT1	Drg269
pRII_Microscopy	model1_data49	model1_data178	1139.73846697582	120	s_pRII_JI09_140331_Drg270_267_TiM	s_pRII_JI09_140331_Drg270_267_TiM	JI09_140331_Drg270_267_TiM	JI09_140331_Drg270_267_TiM__5_HT1	Drg269
pRII_Microscopy	model1_data49	model1_data178	1000	0	s_pRII_JI09_140331_Drg270_267_TiM	s_pRII_JI09_140331_Drg270_267_TiM	JI09_140331_Drg270_267_TiM	JI09_140331_Drg270_267_TiM__5_HT1	Drg270
pRII_Microscopy	model1_data49	model1_data178	1512.86037347427	1	s_pRII_JI09_140331_Drg270_267_TiM	s_pRII_JI09_140331_Drg270_267_TiM	JI09_140331_Drg270_267_TiM	JI09_140331_Drg270_267_TiM__5_HT1	Drg270
pRII_Microscopy	model1_data49	model1_data178	1682.04405073641	5	s_pRII_JI09_140331_Drg270_267_TiM	s_pRII_JI09_140331_Drg270_267_TiM	JI09_140331_Drg270_267_TiM	JI09_140331_Drg270_267_TiM__5_HT1	Drg270
pRII_Microscopy	model1_data49	model1_data178	1513.44512913218	15	s_pRII_JI09_140331_Drg270_267_TiM	s_pRII_JI09_140331_Drg270_267_TiM	JI09_140331_Drg270_267_TiM	JI09_140331_Drg270_267_TiM__5_HT1	Drg270
pRII_Microscopy	model1_data49	model1_data178	1257.51613261494	30	s_pRII_JI09_140331_Drg270_267_TiM	s_pRII_JI09_140331_Drg270_267_TiM	JI09_140331_Drg270_267_TiM	JI09_140331_Drg270_267_TiM__5_HT1	Drg270
pRII_Microscopy	model1_data49	model1_data178	1354.7029262874	60	s_pRII_JI09_140331_Drg270_267_TiM	s_pRII_JI09_140331_Drg270_267_TiM	JI09_140331_Drg270_267_TiM	JI09_140331_Drg270_267_TiM__5_HT1	Drg270
pRII_Microscopy	model1_data49	model1_data178	1136.18387118049	120	s_pRII_JI09_140331_Drg270_267_TiM	s_pRII_JI09_140331_Drg270_267_TiM	JI09_140331_Drg270_267_TiM	JI09_140331_Drg270_267_TiM__5_HT1	Drg270
pRII_Microscopy	model1_data49	model1_data179	1000	0	s_pRII_JI09_140331_Drg270_267_TiM	s_pRII_JI09_140331_Drg270_267_TiM	JI09_140331_Drg270_267_TiM	JI09_140331_Drg270_267_TiM__5_HT01	Drg267
pRII_Microscopy	model1_data49	model1_data179	2033.86742232343	1	s_pRII_JI09_140331_Drg270_267_TiM	s_pRII_JI09_140331_Drg270_267_TiM	JI09_140331_Drg270_267_TiM	JI09_140331_Drg270_267_TiM__5_HT01	Drg267
pRII_Microscopy	model1_data49	model1_data179	1749.54455607028	5	s_pRII_JI09_140331_Drg270_267_TiM	s_pRII_JI09_140331_Drg270_267_TiM	JI09_140331_Drg270_267_TiM	JI09_140331_Drg270_267_TiM__5_HT01	Drg267
pRII_Microscopy	model1_data49	model1_data179	1657.78916018926	15	s_pRII_JI09_140331_Drg270_267_TiM	s_pRII_JI09_140331_Drg270_267_TiM	JI09_140331_Drg270_267_TiM	JI09_140331_Drg270_267_TiM__5_HT01	Drg267
pRII_Microscopy	model1_data49	model1_data179	1425.70683771034	30	s_pRII_JI09_140331_Drg270_267_TiM	s_pRII_JI09_140331_Drg270_267_TiM	JI09_140331_Drg270_267_TiM	JI09_140331_Drg270_267_TiM__5_HT01	Drg267
pRII_Microscopy	model1_data49	model1_data179	1291.39557854559	60	s_pRII_JI09_140331_Drg270_267_TiM	s_pRII_JI09_140331_Drg270_267_TiM	JI09_140331_Drg270_267_TiM	JI09_140331_Drg270_267_TiM__5_HT01	Drg267
pRII_Microscopy	model1_data49	model1_data179	1273.63305503384	120	s_pRII_JI09_140331_Drg270_267_TiM	s_pRII_JI09_140331_Drg270_267_TiM	JI09_140331_Drg270_267_TiM	JI09_140331_Drg270_267_TiM__5_HT01	Drg267
pRII_Microscopy	model1_data49	model1_data179	1000	0	s_pRII_JI09_140331_Drg270_267_TiM	s_pRII_JI09_140331_Drg270_267_TiM	JI09_140331_Drg270_267_TiM	JI09_140331_Drg270_267_TiM__5_HT01	Drg268
pRII_Microscopy	model1_data49	model1_data179	1993.23212133072	1	s_pRII_JI09_140331_Drg270_267_TiM	s_pRII_JI09_140331_Drg270_267_TiM	JI09_140331_Drg270_267_TiM	JI09_140331_Drg270_267_TiM__5_HT01	Drg268
pRII_Microscopy	model1_data49	model1_data179	1887.60943750893	5	s_pRII_JI09_140331_Drg270_267_TiM	s_pRII_JI09_140331_Drg270_267_TiM	JI09_140331_Drg270_267_TiM	JI09_140331_Drg270_267_TiM__5_HT01	Drg268
pRII_Microscopy	model1_data49	model1_data179	1684.33054487791	15	s_pRII_JI09_140331_Drg270_267_TiM	s_pRII_JI09_140331_Drg270_267_TiM	JI09_140331_Drg270_267_TiM	JI09_140331_Drg270_267_TiM__5_HT01	Drg268
pRII_Microscopy	model1_data49	model1_data179	1538.41687038495	30	s_pRII_JI09_140331_Drg270_267_TiM	s_pRII_JI09_140331_Drg270_267_TiM	JI09_140331_Drg270_267_TiM	JI09_140331_Drg270_267_TiM__5_HT01	Drg268
pRII_Microscopy	model1_data49	model1_data179	1437.54403930416	60	s_pRII_JI09_140331_Drg270_267_TiM	s_pRII_JI09_140331_Drg270_267_TiM	JI09_140331_Drg270_267_TiM	JI09_140331_Drg270_267_TiM__5_HT01	Drg268
pRII_Microscopy	model1_data49	model1_data179	1275.09148561323	120	s_pRII_JI09_140331_Drg270_267_TiM	s_pRII_JI09_140331_Drg270_267_TiM	JI09_140331_Drg270_267_TiM	JI09_140331_Drg270_267_TiM__5_HT01	Drg268
pRII_Microscopy	model1_data49	model1_data179	1000	0	s_pRII_JI09_140331_Drg270_267_TiM	s_pRII_JI09_140331_Drg270_267_TiM	JI09_140331_Drg270_267_TiM	JI09_140331_Drg270_267_TiM__5_HT01	Drg269
pRII_Microscopy	model1_data49	model1_data179	1666.62289066449	1	s_pRII_JI09_140331_Drg270_267_TiM	s_pRII_JI09_140331_Drg270_267_TiM	JI09_140331_Drg270_267_TiM	JI09_140331_Drg270_267_TiM__5_HT01	Drg269
pRII_Microscopy	model1_data49	model1_data179	1668.71279518921	5	s_pRII_JI09_140331_Drg270_267_TiM	s_pRII_JI09_140331_Drg270_267_TiM	JI09_140331_Drg270_267_TiM	JI09_140331_Drg270_267_TiM__5_HT01	Drg269
pRII_Microscopy	model1_data49	model1_data179	1455.19212502673	15	s_pRII_JI09_140331_Drg270_267_TiM	s_pRII_JI09_140331_Drg270_267_TiM	JI09_140331_Drg270_267_TiM	JI09_140331_Drg270_267_TiM__5_HT01	Drg269
pRII_Microscopy	model1_data49	model1_data179	1317.78624261446	30	s_pRII_JI09_140331_Drg270_267_TiM	s_pRII_JI09_140331_Drg270_267_TiM	JI09_140331_Drg270_267_TiM	JI09_140331_Drg270_267_TiM__5_HT01	Drg269
pRII_Microscopy	model1_data49	model1_data179	1266.83396150822	60	s_pRII_JI09_140331_Drg270_267_TiM	s_pRII_JI09_140331_Drg270_267_TiM	JI09_140331_Drg270_267_TiM	JI09_140331_Drg270_267_TiM__5_HT01	Drg269
pRII_Microscopy	model1_data49	model1_data179	1196.54561249984	120	s_pRII_JI09_140331_Drg270_267_TiM	s_pRII_JI09_140331_Drg270_267_TiM	JI09_140331_Drg270_267_TiM	JI09_140331_Drg270_267_TiM__5_HT01	Drg269
pRII_Microscopy	model1_data49	model1_data179	1000	0	s_pRII_JI09_140331_Drg270_267_TiM	s_pRII_JI09_140331_Drg270_267_TiM	JI09_140331_Drg270_267_TiM	JI09_140331_Drg270_267_TiM__5_HT01	Drg270
pRII_Microscopy	model1_data49	model1_data179	1499.71507218264	1	s_pRII_JI09_140331_Drg270_267_TiM	s_pRII_JI09_140331_Drg270_267_TiM	JI09_140331_Drg270_267_TiM	JI09_140331_Drg270_267_TiM__5_HT01	Drg270
pRII_Microscopy	model1_data49	model1_data179	1588.63138449022	5	s_pRII_JI09_140331_Drg270_267_TiM	s_pRII_JI09_140331_Drg270_267_TiM	JI09_140331_Drg270_267_TiM	JI09_140331_Drg270_267_TiM__5_HT01	Drg270
pRII_Microscopy	model1_data49	model1_data179	1358.97365072654	15	s_pRII_JI09_140331_Drg270_267_TiM	s_pRII_JI09_140331_Drg270_267_TiM	JI09_140331_Drg270_267_TiM	JI09_140331_Drg270_267_TiM__5_HT01	Drg270
pRII_Microscopy	model1_data49	model1_data179	1280.7497305725	30	s_pRII_JI09_140331_Drg270_267_TiM	s_pRII_JI09_140331_Drg270_267_TiM	JI09_140331_Drg270_267_TiM	JI09_140331_Drg270_267_TiM__5_HT01	Drg270
pRII_Microscopy	model1_data49	model1_data179	1168.60667225921	60	s_pRII_JI09_140331_Drg270_267_TiM	s_pRII_JI09_140331_Drg270_267_TiM	JI09_140331_Drg270_267_TiM	JI09_140331_Drg270_267_TiM__5_HT01	Drg270
pRII_Microscopy	model1_data49	model1_data179	1143.89367875308	120	s_pRII_JI09_140331_Drg270_267_TiM	s_pRII_JI09_140331_Drg270_267_TiM	JI09_140331_Drg270_267_TiM	JI09_140331_Drg270_267_TiM__5_HT01	Drg270
pRII_Microscopy	model1_data49	model1_data180	1000	0	s_pRII_JI09_140331_Drg270_267_TiM	s_pRII_JI09_140331_Drg270_267_TiM	JI09_140331_Drg270_267_TiM	JI09_140331_Drg270_267_TiM__5_HT002	Drg267
pRII_Microscopy	model1_data49	model1_data180	1697.88825434915	1	s_pRII_JI09_140331_Drg270_267_TiM	s_pRII_JI09_140331_Drg270_267_TiM	JI09_140331_Drg270_267_TiM	JI09_140331_Drg270_267_TiM__5_HT002	Drg267
pRII_Microscopy	model1_data49	model1_data180	1617.02406093564	5	s_pRII_JI09_140331_Drg270_267_TiM	s_pRII_JI09_140331_Drg270_267_TiM	JI09_140331_Drg270_267_TiM	JI09_140331_Drg270_267_TiM__5_HT002	Drg267
pRII_Microscopy	model1_data49	model1_data180	1739.2763961287	15	s_pRII_JI09_140331_Drg270_267_TiM	s_pRII_JI09_140331_Drg270_267_TiM	JI09_140331_Drg270_267_TiM	JI09_140331_Drg270_267_TiM__5_HT002	Drg267
pRII_Microscopy	model1_data49	model1_data180	1589.08050162415	30	s_pRII_JI09_140331_Drg270_267_TiM	s_pRII_JI09_140331_Drg270_267_TiM	JI09_140331_Drg270_267_TiM	JI09_140331_Drg270_267_TiM__5_HT002	Drg267
pRII_Microscopy	model1_data49	model1_data180	1414.36613117519	60	s_pRII_JI09_140331_Drg270_267_TiM	s_pRII_JI09_140331_Drg270_267_TiM	JI09_140331_Drg270_267_TiM	JI09_140331_Drg270_267_TiM__5_HT002	Drg267
pRII_Microscopy	model1_data49	model1_data180	1385.71035588521	120	s_pRII_JI09_140331_Drg270_267_TiM	s_pRII_JI09_140331_Drg270_267_TiM	JI09_140331_Drg270_267_TiM	JI09_140331_Drg270_267_TiM__5_HT002	Drg267
pRII_Microscopy	model1_data49	model1_data180	1000	0	s_pRII_JI09_140331_Drg270_267_TiM	s_pRII_JI09_140331_Drg270_267_TiM	JI09_140331_Drg270_267_TiM	JI09_140331_Drg270_267_TiM__5_HT002	Drg268
pRII_Microscopy	model1_data49	model1_data180	1940.97520388512	1	s_pRII_JI09_140331_Drg270_267_TiM	s_pRII_JI09_140331_Drg270_267_TiM	JI09_140331_Drg270_267_TiM	JI09_140331_Drg270_267_TiM__5_HT002	Drg268
pRII_Microscopy	model1_data49	model1_data180	1594.74239761914	5	s_pRII_JI09_140331_Drg270_267_TiM	s_pRII_JI09_140331_Drg270_267_TiM	JI09_140331_Drg270_267_TiM	JI09_140331_Drg270_267_TiM__5_HT002	Drg268
pRII_Microscopy	model1_data49	model1_data180	1622.60740605207	15	s_pRII_JI09_140331_Drg270_267_TiM	s_pRII_JI09_140331_Drg270_267_TiM	JI09_140331_Drg270_267_TiM	JI09_140331_Drg270_267_TiM__5_HT002	Drg268
pRII_Microscopy	model1_data49	model1_data180	1624.30591262625	30	s_pRII_JI09_140331_Drg270_267_TiM	s_pRII_JI09_140331_Drg270_267_TiM	JI09_140331_Drg270_267_TiM	JI09_140331_Drg270_267_TiM__5_HT002	Drg268
pRII_Microscopy	model1_data49	model1_data180	1468.47349276838	60	s_pRII_JI09_140331_Drg270_267_TiM	s_pRII_JI09_140331_Drg270_267_TiM	JI09_140331_Drg270_267_TiM	JI09_140331_Drg270_267_TiM__5_HT002	Drg268
pRII_Microscopy	model1_data49	model1_data180	1412.42093978534	120	s_pRII_JI09_140331_Drg270_267_TiM	s_pRII_JI09_140331_Drg270_267_TiM	JI09_140331_Drg270_267_TiM	JI09_140331_Drg270_267_TiM__5_HT002	Drg268
pRII_Microscopy	model1_data49	model1_data180	1000	0	s_pRII_JI09_140331_Drg270_267_TiM	s_pRII_JI09_140331_Drg270_267_TiM	JI09_140331_Drg270_267_TiM	JI09_140331_Drg270_267_TiM__5_HT002	Drg269
pRII_Microscopy	model1_data49	model1_data180	1624.25223887373	1	s_pRII_JI09_140331_Drg270_267_TiM	s_pRII_JI09_140331_Drg270_267_TiM	JI09_140331_Drg270_267_TiM	JI09_140331_Drg270_267_TiM__5_HT002	Drg269
pRII_Microscopy	model1_data49	model1_data180	1471.8894849342	5	s_pRII_JI09_140331_Drg270_267_TiM	s_pRII_JI09_140331_Drg270_267_TiM	JI09_140331_Drg270_267_TiM	JI09_140331_Drg270_267_TiM__5_HT002	Drg269
pRII_Microscopy	model1_data49	model1_data180	1402.34775635846	15	s_pRII_JI09_140331_Drg270_267_TiM	s_pRII_JI09_140331_Drg270_267_TiM	JI09_140331_Drg270_267_TiM	JI09_140331_Drg270_267_TiM__5_HT002	Drg269
pRII_Microscopy	model1_data49	model1_data180	1351.99772989394	30	s_pRII_JI09_140331_Drg270_267_TiM	s_pRII_JI09_140331_Drg270_267_TiM	JI09_140331_Drg270_267_TiM	JI09_140331_Drg270_267_TiM__5_HT002	Drg269
pRII_Microscopy	model1_data49	model1_data180	1279.84701375976	60	s_pRII_JI09_140331_Drg270_267_TiM	s_pRII_JI09_140331_Drg270_267_TiM	JI09_140331_Drg270_267_TiM	JI09_140331_Drg270_267_TiM__5_HT002	Drg269
pRII_Microscopy	model1_data49	model1_data180	1224.72613864061	120	s_pRII_JI09_140331_Drg270_267_TiM	s_pRII_JI09_140331_Drg270_267_TiM	JI09_140331_Drg270_267_TiM	JI09_140331_Drg270_267_TiM__5_HT002	Drg269
pRII_Microscopy	model1_data49	model1_data180	1000	0	s_pRII_JI09_140331_Drg270_267_TiM	s_pRII_JI09_140331_Drg270_267_TiM	JI09_140331_Drg270_267_TiM	JI09_140331_Drg270_267_TiM__5_HT002	Drg270
pRII_Microscopy	model1_data49	model1_data180	1488.15245178096	1	s_pRII_JI09_140331_Drg270_267_TiM	s_pRII_JI09_140331_Drg270_267_TiM	JI09_140331_Drg270_267_TiM	JI09_140331_Drg270_267_TiM__5_HT002	Drg270
pRII_Microscopy	model1_data49	model1_data180	1519.60469418574	5	s_pRII_JI09_140331_Drg270_267_TiM	s_pRII_JI09_140331_Drg270_267_TiM	JI09_140331_Drg270_267_TiM	JI09_140331_Drg270_267_TiM__5_HT002	Drg270
pRII_Microscopy	model1_data49	model1_data180	1473.90332431335	15	s_pRII_JI09_140331_Drg270_267_TiM	s_pRII_JI09_140331_Drg270_267_TiM	JI09_140331_Drg270_267_TiM	JI09_140331_Drg270_267_TiM__5_HT002	Drg270
pRII_Microscopy	model1_data49	model1_data180	1383.6816002152	30	s_pRII_JI09_140331_Drg270_267_TiM	s_pRII_JI09_140331_Drg270_267_TiM	JI09_140331_Drg270_267_TiM	JI09_140331_Drg270_267_TiM__5_HT002	Drg270
pRII_Microscopy	model1_data49	model1_data180	1276.60501055258	60	s_pRII_JI09_140331_Drg270_267_TiM	s_pRII_JI09_140331_Drg270_267_TiM	JI09_140331_Drg270_267_TiM	JI09_140331_Drg270_267_TiM__5_HT002	Drg270
pRII_Microscopy	model1_data49	model1_data180	1241.12395894869	120	s_pRII_JI09_140331_Drg270_267_TiM	s_pRII_JI09_140331_Drg270_267_TiM	JI09_140331_Drg270_267_TiM	JI09_140331_Drg270_267_TiM__5_HT002	Drg270
pRII_Microscopy	model1_data49	model1_data181	1000	0	s_pRII_JI09_140331_Drg270_267_TiM	s_pRII_JI09_140331_Drg270_267_TiM	JI09_140331_Drg270_267_TiM	JI09_140331_Drg270_267_TiM__5_HT0005	Drg267
pRII_Microscopy	model1_data49	model1_data181	1669.68104341128	1	s_pRII_JI09_140331_Drg270_267_TiM	s_pRII_JI09_140331_Drg270_267_TiM	JI09_140331_Drg270_267_TiM	JI09_140331_Drg270_267_TiM__5_HT0005	Drg267
pRII_Microscopy	model1_data49	model1_data181	1417.51466083615	5	s_pRII_JI09_140331_Drg270_267_TiM	s_pRII_JI09_140331_Drg270_267_TiM	JI09_140331_Drg270_267_TiM	JI09_140331_Drg270_267_TiM__5_HT0005	Drg267
pRII_Microscopy	model1_data49	model1_data181	1421.76832869753	15	s_pRII_JI09_140331_Drg270_267_TiM	s_pRII_JI09_140331_Drg270_267_TiM	JI09_140331_Drg270_267_TiM	JI09_140331_Drg270_267_TiM__5_HT0005	Drg267
pRII_Microscopy	model1_data49	model1_data181	1307.91032625585	30	s_pRII_JI09_140331_Drg270_267_TiM	s_pRII_JI09_140331_Drg270_267_TiM	JI09_140331_Drg270_267_TiM	JI09_140331_Drg270_267_TiM__5_HT0005	Drg267
pRII_Microscopy	model1_data49	model1_data181	1287.47366829116	60	s_pRII_JI09_140331_Drg270_267_TiM	s_pRII_JI09_140331_Drg270_267_TiM	JI09_140331_Drg270_267_TiM	JI09_140331_Drg270_267_TiM__5_HT0005	Drg267
pRII_Microscopy	model1_data49	model1_data181	1308.58798179711	120	s_pRII_JI09_140331_Drg270_267_TiM	s_pRII_JI09_140331_Drg270_267_TiM	JI09_140331_Drg270_267_TiM	JI09_140331_Drg270_267_TiM__5_HT0005	Drg267
pRII_Microscopy	model1_data49	model1_data181	1000	0	s_pRII_JI09_140331_Drg270_267_TiM	s_pRII_JI09_140331_Drg270_267_TiM	JI09_140331_Drg270_267_TiM	JI09_140331_Drg270_267_TiM__5_HT0005	Drg268
pRII_Microscopy	model1_data49	model1_data181	1653.31491495512	1	s_pRII_JI09_140331_Drg270_267_TiM	s_pRII_JI09_140331_Drg270_267_TiM	JI09_140331_Drg270_267_TiM	JI09_140331_Drg270_267_TiM__5_HT0005	Drg268
pRII_Microscopy	model1_data49	model1_data181	1338.88441481561	5	s_pRII_JI09_140331_Drg270_267_TiM	s_pRII_JI09_140331_Drg270_267_TiM	JI09_140331_Drg270_267_TiM	JI09_140331_Drg270_267_TiM__5_HT0005	Drg268
pRII_Microscopy	model1_data49	model1_data181	1425.81571436163	15	s_pRII_JI09_140331_Drg270_267_TiM	s_pRII_JI09_140331_Drg270_267_TiM	JI09_140331_Drg270_267_TiM	JI09_140331_Drg270_267_TiM__5_HT0005	Drg268
pRII_Microscopy	model1_data49	model1_data181	1323.86145016325	30	s_pRII_JI09_140331_Drg270_267_TiM	s_pRII_JI09_140331_Drg270_267_TiM	JI09_140331_Drg270_267_TiM	JI09_140331_Drg270_267_TiM__5_HT0005	Drg268
pRII_Microscopy	model1_data49	model1_data181	1353.87145359742	60	s_pRII_JI09_140331_Drg270_267_TiM	s_pRII_JI09_140331_Drg270_267_TiM	JI09_140331_Drg270_267_TiM	JI09_140331_Drg270_267_TiM__5_HT0005	Drg268
pRII_Microscopy	model1_data49	model1_data181	1408.70047770659	120	s_pRII_JI09_140331_Drg270_267_TiM	s_pRII_JI09_140331_Drg270_267_TiM	JI09_140331_Drg270_267_TiM	JI09_140331_Drg270_267_TiM__5_HT0005	Drg268
pRII_Microscopy	model1_data49	model1_data181	1000	0	s_pRII_JI09_140331_Drg270_267_TiM	s_pRII_JI09_140331_Drg270_267_TiM	JI09_140331_Drg270_267_TiM	JI09_140331_Drg270_267_TiM__5_HT0005	Drg269
pRII_Microscopy	model1_data49	model1_data181	1356.69289811736	1	s_pRII_JI09_140331_Drg270_267_TiM	s_pRII_JI09_140331_Drg270_267_TiM	JI09_140331_Drg270_267_TiM	JI09_140331_Drg270_267_TiM__5_HT0005	Drg269
pRII_Microscopy	model1_data49	model1_data181	1167.45593404065	5	s_pRII_JI09_140331_Drg270_267_TiM	s_pRII_JI09_140331_Drg270_267_TiM	JI09_140331_Drg270_267_TiM	JI09_140331_Drg270_267_TiM__5_HT0005	Drg269
pRII_Microscopy	model1_data49	model1_data181	1242.6957308784	15	s_pRII_JI09_140331_Drg270_267_TiM	s_pRII_JI09_140331_Drg270_267_TiM	JI09_140331_Drg270_267_TiM	JI09_140331_Drg270_267_TiM__5_HT0005	Drg269
pRII_Microscopy	model1_data49	model1_data181	1196.19525726635	30	s_pRII_JI09_140331_Drg270_267_TiM	s_pRII_JI09_140331_Drg270_267_TiM	JI09_140331_Drg270_267_TiM	JI09_140331_Drg270_267_TiM__5_HT0005	Drg269
pRII_Microscopy	model1_data49	model1_data181	1116.31841299154	60	s_pRII_JI09_140331_Drg270_267_TiM	s_pRII_JI09_140331_Drg270_267_TiM	JI09_140331_Drg270_267_TiM	JI09_140331_Drg270_267_TiM__5_HT0005	Drg269
pRII_Microscopy	model1_data49	model1_data181	1104.76528099038	120	s_pRII_JI09_140331_Drg270_267_TiM	s_pRII_JI09_140331_Drg270_267_TiM	JI09_140331_Drg270_267_TiM	JI09_140331_Drg270_267_TiM__5_HT0005	Drg269
pRII_Microscopy	model1_data49	model1_data181	1000	0	s_pRII_JI09_140331_Drg270_267_TiM	s_pRII_JI09_140331_Drg270_267_TiM	JI09_140331_Drg270_267_TiM	JI09_140331_Drg270_267_TiM__5_HT0005	Drg270
pRII_Microscopy	model1_data49	model1_data181	1362.39016232947	1	s_pRII_JI09_140331_Drg270_267_TiM	s_pRII_JI09_140331_Drg270_267_TiM	JI09_140331_Drg270_267_TiM	JI09_140331_Drg270_267_TiM__5_HT0005	Drg270
pRII_Microscopy	model1_data49	model1_data181	1322.10136347858	5	s_pRII_JI09_140331_Drg270_267_TiM	s_pRII_JI09_140331_Drg270_267_TiM	JI09_140331_Drg270_267_TiM	JI09_140331_Drg270_267_TiM__5_HT0005	Drg270
pRII_Microscopy	model1_data49	model1_data181	1128.9313736853	15	s_pRII_JI09_140331_Drg270_267_TiM	s_pRII_JI09_140331_Drg270_267_TiM	JI09_140331_Drg270_267_TiM	JI09_140331_Drg270_267_TiM__5_HT0005	Drg270
pRII_Microscopy	model1_data49	model1_data181	1272.06766466078	30	s_pRII_JI09_140331_Drg270_267_TiM	s_pRII_JI09_140331_Drg270_267_TiM	JI09_140331_Drg270_267_TiM	JI09_140331_Drg270_267_TiM__5_HT0005	Drg270
pRII_Microscopy	model1_data49	model1_data181	1161.42518870729	60	s_pRII_JI09_140331_Drg270_267_TiM	s_pRII_JI09_140331_Drg270_267_TiM	JI09_140331_Drg270_267_TiM	JI09_140331_Drg270_267_TiM__5_HT0005	Drg270
pRII_Microscopy	model1_data49	model1_data181	1220.3910970836	120	s_pRII_JI09_140331_Drg270_267_TiM	s_pRII_JI09_140331_Drg270_267_TiM	JI09_140331_Drg270_267_TiM	JI09_140331_Drg270_267_TiM__5_HT0005	Drg270
pRII_Microscopy	model1_data49	model1_data182	1000	0	s_pRII_JI09_140331_Drg270_267_TiM	s_pRII_JI09_140331_Drg270_267_TiM	JI09_140331_Drg270_267_TiM	JI09_140331_Drg270_267_TiM__H89	Drg267
pRII_Microscopy	model1_data49	model1_data182	1039.28661258339	1	s_pRII_JI09_140331_Drg270_267_TiM	s_pRII_JI09_140331_Drg270_267_TiM	JI09_140331_Drg270_267_TiM	JI09_140331_Drg270_267_TiM__H89	Drg267
pRII_Microscopy	model1_data49	model1_data182	992.491455826946	5	s_pRII_JI09_140331_Drg270_267_TiM	s_pRII_JI09_140331_Drg270_267_TiM	JI09_140331_Drg270_267_TiM	JI09_140331_Drg270_267_TiM__H89	Drg267
pRII_Microscopy	model1_data49	model1_data182	997.223402376309	15	s_pRII_JI09_140331_Drg270_267_TiM	s_pRII_JI09_140331_Drg270_267_TiM	JI09_140331_Drg270_267_TiM	JI09_140331_Drg270_267_TiM__H89	Drg267
pRII_Microscopy	model1_data49	model1_data182	990.147460054349	30	s_pRII_JI09_140331_Drg270_267_TiM	s_pRII_JI09_140331_Drg270_267_TiM	JI09_140331_Drg270_267_TiM	JI09_140331_Drg270_267_TiM__H89	Drg267
pRII_Microscopy	model1_data49	model1_data182	1012.38352846301	60	s_pRII_JI09_140331_Drg270_267_TiM	s_pRII_JI09_140331_Drg270_267_TiM	JI09_140331_Drg270_267_TiM	JI09_140331_Drg270_267_TiM__H89	Drg267
pRII_Microscopy	model1_data49	model1_data182	981.643667287776	120	s_pRII_JI09_140331_Drg270_267_TiM	s_pRII_JI09_140331_Drg270_267_TiM	JI09_140331_Drg270_267_TiM	JI09_140331_Drg270_267_TiM__H89	Drg267
pRII_Microscopy	model1_data49	model1_data182	1000	0	s_pRII_JI09_140331_Drg270_267_TiM	s_pRII_JI09_140331_Drg270_267_TiM	JI09_140331_Drg270_267_TiM	JI09_140331_Drg270_267_TiM__H89	Drg268
pRII_Microscopy	model1_data49	model1_data182	991.372933323172	1	s_pRII_JI09_140331_Drg270_267_TiM	s_pRII_JI09_140331_Drg270_267_TiM	JI09_140331_Drg270_267_TiM	JI09_140331_Drg270_267_TiM__H89	Drg268
pRII_Microscopy	model1_data49	model1_data182	938.679386725682	5	s_pRII_JI09_140331_Drg270_267_TiM	s_pRII_JI09_140331_Drg270_267_TiM	JI09_140331_Drg270_267_TiM	JI09_140331_Drg270_267_TiM__H89	Drg268
pRII_Microscopy	model1_data49	model1_data182	980.409299419154	15	s_pRII_JI09_140331_Drg270_267_TiM	s_pRII_JI09_140331_Drg270_267_TiM	JI09_140331_Drg270_267_TiM	JI09_140331_Drg270_267_TiM__H89	Drg268
pRII_Microscopy	model1_data49	model1_data182	1010.96359011058	30	s_pRII_JI09_140331_Drg270_267_TiM	s_pRII_JI09_140331_Drg270_267_TiM	JI09_140331_Drg270_267_TiM	JI09_140331_Drg270_267_TiM__H89	Drg268
pRII_Microscopy	model1_data49	model1_data182	1048.12569605042	60	s_pRII_JI09_140331_Drg270_267_TiM	s_pRII_JI09_140331_Drg270_267_TiM	JI09_140331_Drg270_267_TiM	JI09_140331_Drg270_267_TiM__H89	Drg268
pRII_Microscopy	model1_data49	model1_data182	984.958154380775	120	s_pRII_JI09_140331_Drg270_267_TiM	s_pRII_JI09_140331_Drg270_267_TiM	JI09_140331_Drg270_267_TiM	JI09_140331_Drg270_267_TiM__H89	Drg268
pRII_Microscopy	model1_data49	model1_data182	1000	0	s_pRII_JI09_140331_Drg270_267_TiM	s_pRII_JI09_140331_Drg270_267_TiM	JI09_140331_Drg270_267_TiM	JI09_140331_Drg270_267_TiM__H89	Drg269
pRII_Microscopy	model1_data49	model1_data182	1191.62442991888	1	s_pRII_JI09_140331_Drg270_267_TiM	s_pRII_JI09_140331_Drg270_267_TiM	JI09_140331_Drg270_267_TiM	JI09_140331_Drg270_267_TiM__H89	Drg269
pRII_Microscopy	model1_data49	model1_data182	1177.84722288124	5	s_pRII_JI09_140331_Drg270_267_TiM	s_pRII_JI09_140331_Drg270_267_TiM	JI09_140331_Drg270_267_TiM	JI09_140331_Drg270_267_TiM__H89	Drg269
pRII_Microscopy	model1_data49	model1_data182	1132.54086416949	15	s_pRII_JI09_140331_Drg270_267_TiM	s_pRII_JI09_140331_Drg270_267_TiM	JI09_140331_Drg270_267_TiM	JI09_140331_Drg270_267_TiM__H89	Drg269
pRII_Microscopy	model1_data49	model1_data182	1191.89406647399	30	s_pRII_JI09_140331_Drg270_267_TiM	s_pRII_JI09_140331_Drg270_267_TiM	JI09_140331_Drg270_267_TiM	JI09_140331_Drg270_267_TiM__H89	Drg269
pRII_Microscopy	model1_data49	model1_data182	1135.19240467889	60	s_pRII_JI09_140331_Drg270_267_TiM	s_pRII_JI09_140331_Drg270_267_TiM	JI09_140331_Drg270_267_TiM	JI09_140331_Drg270_267_TiM__H89	Drg269
pRII_Microscopy	model1_data49	model1_data182	1156.07432801021	120	s_pRII_JI09_140331_Drg270_267_TiM	s_pRII_JI09_140331_Drg270_267_TiM	JI09_140331_Drg270_267_TiM	JI09_140331_Drg270_267_TiM__H89	Drg269
pRII_Microscopy	model1_data49	model1_data182	1000	0	s_pRII_JI09_140331_Drg270_267_TiM	s_pRII_JI09_140331_Drg270_267_TiM	JI09_140331_Drg270_267_TiM	JI09_140331_Drg270_267_TiM__H89	Drg270
pRII_Microscopy	model1_data49	model1_data182	944.911786099429	1	s_pRII_JI09_140331_Drg270_267_TiM	s_pRII_JI09_140331_Drg270_267_TiM	JI09_140331_Drg270_267_TiM	JI09_140331_Drg270_267_TiM__H89	Drg270
pRII_Microscopy	model1_data49	model1_data182	948.174264987736	5	s_pRII_JI09_140331_Drg270_267_TiM	s_pRII_JI09_140331_Drg270_267_TiM	JI09_140331_Drg270_267_TiM	JI09_140331_Drg270_267_TiM__H89	Drg270
pRII_Microscopy	model1_data49	model1_data182	933.693281878869	15	s_pRII_JI09_140331_Drg270_267_TiM	s_pRII_JI09_140331_Drg270_267_TiM	JI09_140331_Drg270_267_TiM	JI09_140331_Drg270_267_TiM__H89	Drg270
pRII_Microscopy	model1_data49	model1_data182	1026.22082067957	30	s_pRII_JI09_140331_Drg270_267_TiM	s_pRII_JI09_140331_Drg270_267_TiM	JI09_140331_Drg270_267_TiM	JI09_140331_Drg270_267_TiM__H89	Drg270
pRII_Microscopy	model1_data49	model1_data182	1017.07977587619	60	s_pRII_JI09_140331_Drg270_267_TiM	s_pRII_JI09_140331_Drg270_267_TiM	JI09_140331_Drg270_267_TiM	JI09_140331_Drg270_267_TiM__H89	Drg270
pRII_Microscopy	model1_data49	model1_data182	986.477614824765	120	s_pRII_JI09_140331_Drg270_267_TiM	s_pRII_JI09_140331_Drg270_267_TiM	JI09_140331_Drg270_267_TiM	JI09_140331_Drg270_267_TiM__H89	Drg270
pRII_Microscopy	model1_data49	model1_data183	1000	0	s_pRII_JI09_140331_Drg270_267_TiM	s_pRII_JI09_140331_Drg270_267_TiM	JI09_140331_Drg270_267_TiM	JI09_140331_Drg270_267_TiM__H89_and_5_HT1	Drg267
pRII_Microscopy	model1_data49	model1_data183	1626.21590255023	1	s_pRII_JI09_140331_Drg270_267_TiM	s_pRII_JI09_140331_Drg270_267_TiM	JI09_140331_Drg270_267_TiM	JI09_140331_Drg270_267_TiM__H89_and_5_HT1	Drg267
pRII_Microscopy	model1_data49	model1_data183	1593.69167288586	5	s_pRII_JI09_140331_Drg270_267_TiM	s_pRII_JI09_140331_Drg270_267_TiM	JI09_140331_Drg270_267_TiM	JI09_140331_Drg270_267_TiM__H89_and_5_HT1	Drg267
pRII_Microscopy	model1_data49	model1_data183	1398.92581463029	15	s_pRII_JI09_140331_Drg270_267_TiM	s_pRII_JI09_140331_Drg270_267_TiM	JI09_140331_Drg270_267_TiM	JI09_140331_Drg270_267_TiM__H89_and_5_HT1	Drg267
pRII_Microscopy	model1_data49	model1_data183	1403.26355000657	30	s_pRII_JI09_140331_Drg270_267_TiM	s_pRII_JI09_140331_Drg270_267_TiM	JI09_140331_Drg270_267_TiM	JI09_140331_Drg270_267_TiM__H89_and_5_HT1	Drg267
pRII_Microscopy	model1_data49	model1_data183	1390.08371863936	60	s_pRII_JI09_140331_Drg270_267_TiM	s_pRII_JI09_140331_Drg270_267_TiM	JI09_140331_Drg270_267_TiM	JI09_140331_Drg270_267_TiM__H89_and_5_HT1	Drg267
pRII_Microscopy	model1_data49	model1_data183	1303.20289048098	120	s_pRII_JI09_140331_Drg270_267_TiM	s_pRII_JI09_140331_Drg270_267_TiM	JI09_140331_Drg270_267_TiM	JI09_140331_Drg270_267_TiM__H89_and_5_HT1	Drg267
pRII_Microscopy	model1_data49	model1_data183	1000	0	s_pRII_JI09_140331_Drg270_267_TiM	s_pRII_JI09_140331_Drg270_267_TiM	JI09_140331_Drg270_267_TiM	JI09_140331_Drg270_267_TiM__H89_and_5_HT1	Drg268
pRII_Microscopy	model1_data49	model1_data183	1397.15846857948	1	s_pRII_JI09_140331_Drg270_267_TiM	s_pRII_JI09_140331_Drg270_267_TiM	JI09_140331_Drg270_267_TiM	JI09_140331_Drg270_267_TiM__H89_and_5_HT1	Drg268
pRII_Microscopy	model1_data49	model1_data183	1444.79482037064	5	s_pRII_JI09_140331_Drg270_267_TiM	s_pRII_JI09_140331_Drg270_267_TiM	JI09_140331_Drg270_267_TiM	JI09_140331_Drg270_267_TiM__H89_and_5_HT1	Drg268
pRII_Microscopy	model1_data49	model1_data183	1246.14557636732	15	s_pRII_JI09_140331_Drg270_267_TiM	s_pRII_JI09_140331_Drg270_267_TiM	JI09_140331_Drg270_267_TiM	JI09_140331_Drg270_267_TiM__H89_and_5_HT1	Drg268
pRII_Microscopy	model1_data49	model1_data183	1261.69534764679	30	s_pRII_JI09_140331_Drg270_267_TiM	s_pRII_JI09_140331_Drg270_267_TiM	JI09_140331_Drg270_267_TiM	JI09_140331_Drg270_267_TiM__H89_and_5_HT1	Drg268
pRII_Microscopy	model1_data49	model1_data183	1240.03888197104	60	s_pRII_JI09_140331_Drg270_267_TiM	s_pRII_JI09_140331_Drg270_267_TiM	JI09_140331_Drg270_267_TiM	JI09_140331_Drg270_267_TiM__H89_and_5_HT1	Drg268
pRII_Microscopy	model1_data49	model1_data183	1198.28854321489	120	s_pRII_JI09_140331_Drg270_267_TiM	s_pRII_JI09_140331_Drg270_267_TiM	JI09_140331_Drg270_267_TiM	JI09_140331_Drg270_267_TiM__H89_and_5_HT1	Drg268
pRII_Microscopy	model1_data49	model1_data183	1000	0	s_pRII_JI09_140331_Drg270_267_TiM	s_pRII_JI09_140331_Drg270_267_TiM	JI09_140331_Drg270_267_TiM	JI09_140331_Drg270_267_TiM__H89_and_5_HT1	Drg269
pRII_Microscopy	model1_data49	model1_data183	1392.88438912585	1	s_pRII_JI09_140331_Drg270_267_TiM	s_pRII_JI09_140331_Drg270_267_TiM	JI09_140331_Drg270_267_TiM	JI09_140331_Drg270_267_TiM__H89_and_5_HT1	Drg269
pRII_Microscopy	model1_data49	model1_data183	1419.0264997568	5	s_pRII_JI09_140331_Drg270_267_TiM	s_pRII_JI09_140331_Drg270_267_TiM	JI09_140331_Drg270_267_TiM	JI09_140331_Drg270_267_TiM__H89_and_5_HT1	Drg269
pRII_Microscopy	model1_data49	model1_data183	1378.98460529154	15	s_pRII_JI09_140331_Drg270_267_TiM	s_pRII_JI09_140331_Drg270_267_TiM	JI09_140331_Drg270_267_TiM	JI09_140331_Drg270_267_TiM__H89_and_5_HT1	Drg269
pRII_Microscopy	model1_data49	model1_data183	1289.98372029421	30	s_pRII_JI09_140331_Drg270_267_TiM	s_pRII_JI09_140331_Drg270_267_TiM	JI09_140331_Drg270_267_TiM	JI09_140331_Drg270_267_TiM__H89_and_5_HT1	Drg269
pRII_Microscopy	model1_data49	model1_data183	1215.14763034332	60	s_pRII_JI09_140331_Drg270_267_TiM	s_pRII_JI09_140331_Drg270_267_TiM	JI09_140331_Drg270_267_TiM	JI09_140331_Drg270_267_TiM__H89_and_5_HT1	Drg269
pRII_Microscopy	model1_data49	model1_data183	1306.02106747095	120	s_pRII_JI09_140331_Drg270_267_TiM	s_pRII_JI09_140331_Drg270_267_TiM	JI09_140331_Drg270_267_TiM	JI09_140331_Drg270_267_TiM__H89_and_5_HT1	Drg269
pRII_Microscopy	model1_data49	model1_data183	1000	0	s_pRII_JI09_140331_Drg270_267_TiM	s_pRII_JI09_140331_Drg270_267_TiM	JI09_140331_Drg270_267_TiM	JI09_140331_Drg270_267_TiM__H89_and_5_HT1	Drg270
pRII_Microscopy	model1_data49	model1_data183	1280.16201117355	1	s_pRII_JI09_140331_Drg270_267_TiM	s_pRII_JI09_140331_Drg270_267_TiM	JI09_140331_Drg270_267_TiM	JI09_140331_Drg270_267_TiM__H89_and_5_HT1	Drg270
pRII_Microscopy	model1_data49	model1_data183	1504.75452833717	5	s_pRII_JI09_140331_Drg270_267_TiM	s_pRII_JI09_140331_Drg270_267_TiM	JI09_140331_Drg270_267_TiM	JI09_140331_Drg270_267_TiM__H89_and_5_HT1	Drg270
pRII_Microscopy	model1_data49	model1_data183	1315.61453580251	15	s_pRII_JI09_140331_Drg270_267_TiM	s_pRII_JI09_140331_Drg270_267_TiM	JI09_140331_Drg270_267_TiM	JI09_140331_Drg270_267_TiM__H89_and_5_HT1	Drg270
pRII_Microscopy	model1_data49	model1_data183	1265.58839029343	30	s_pRII_JI09_140331_Drg270_267_TiM	s_pRII_JI09_140331_Drg270_267_TiM	JI09_140331_Drg270_267_TiM	JI09_140331_Drg270_267_TiM__H89_and_5_HT1	Drg270
pRII_Microscopy	model1_data49	model1_data183	1212.52362968734	60	s_pRII_JI09_140331_Drg270_267_TiM	s_pRII_JI09_140331_Drg270_267_TiM	JI09_140331_Drg270_267_TiM	JI09_140331_Drg270_267_TiM__H89_and_5_HT1	Drg270
pRII_Microscopy	model1_data49	model1_data183	1169.18344797633	120	s_pRII_JI09_140331_Drg270_267_TiM	s_pRII_JI09_140331_Drg270_267_TiM	JI09_140331_Drg270_267_TiM	JI09_140331_Drg270_267_TiM__H89_and_5_HT1	Drg270
